Kategori,Judul Berita,Isi Berita
FINANCE,Kemenhub Ungkap Detik-detik Kapal Virgo Hilang Kontak di Laut Jawa,"Kementerian Perhubungan buka suara soal insiden kapal penumpang KMP Virgo Transport 8 yang hilang kontak di perairan Laut Jawa. Kapal Roro Penumpang KMP Virgo Transport 8 dengan bendera Indonesia berukuran 8.540 GT yang dinakhodai oleh Arief Yunianto serta dioperasikan oleh PT Virgo Karya Shipping.
Berdasarkan data manifes, kapal membawa total 241 orang di atas kapal. Direktorat Jenderal Perhubungan Laut Kementerian Perhubungan memaparkan ratusan orang itu terdiri dari 30 kru, 27 mitra kerja kapal, 59 penumpang dewasa, 1 anak-anak, serta 124 sopir dan kernet. Selain itu ada juga 89 unit muatan kendaraan dalam kapal.
Kepala Kantor KSOP Kelas I Banjarmasin Heri Purwanto menjelaskan kronologi awal kejadian. Mulanya kapal tersebut bertolak dari Pelabuhan Surabaya pada 12 September 2026 pukul 06.52 LT dengan tujuan Pelabuhan Banjarmasin. Lebih lanjut kapal tersebut mengalami kondisi listing atau miring ke atas dan kehilangan kontak di sekitar perairan Masalembo, Laut Jawa pada tanggal 13 September 2026 sekitar pukul 02.00 LT.
""Kami telah merespons cepat laporan insiden yang dialami KMP Virgo Transport 8 di wilayah perairan Masalembo. Fokus dan prioritas utama kami saat ini adalah keselamatan seluruh pihak yang berada di atas kapal melalui pengerahan operasi penyelamatan yang terkoordinasi,"" ujar Heri Purwanto dalam keterangan resmi, Minggu (13/9/2026).
Kantor KSOP Kelas I Banjarmasin juga langsung melakukan langkah-langkah penanganan darurat. Salah satunya dengan mendirikan posko di Terminal Penumpang Bandarmasih Pelabuhan Trisakti Banjarmasin.
Posko ini bertujuan untuk penanganan serta membangun koordinasi intensif dengan pihak terkait seperti Basarnas, BUP PT. Pelindo, Kantor Distrik Navigasi Banjarmasin (VTS), Kepanduan PT. Pelindo III Banjarmasin, pihak keagenan kapal serta pihak keluarga.
Sementara itu, upaya evakuasi dan penanggulangan di lapangan langsung dilaksanakan oleh unsur SAR gabungan bersama BASARNAS Banjarmasin, serta dibantu oleh kapal-kapal yang berada di sekitar lokasi kejadian, yakni KM. Hai Da, MT. Mau Ha, dan TB. TCP. Selain itu, Distrik Navigasi Tipe A Kelas II Banjarmasin turut mengerahkan Kapal Negara Kenavigasian KN Kunyit untuk membantu proses evakuasi.
""Dari proses penanganan awal tersebut, sebanyak 143 orang penumpang telah berhasil dievakuasi dalam keadaan selamat maupun mendapatkan perawatan medis, sementara proses pencarian dan pendataan lebih lanjut terus berlangsung,"" ungkap Heri.
Terkait dugaan sementara penyebab kecelakaan baik dari faktor alam, faktor teknis, maupun faktor manusia serta dampak terhadap muatan, potensi pencemaran lingkungan, dan harta benda lainnya, pihak KSOP menyatakan bahwa hal tersebut masih dalam tahap investigasi serta konfirmasi lanjutan.
""KSOP Utama Tanjung Perak dan KSOP Kelas I Banjarmasin berkomitmen untuk terus memantau perkembangan penanganan insiden ini secara berkala dan akan menyampaikan pembaruan informasi resmi kepada masyarakat seiring dengan progress di lapangan,"" tutup Heri.
(acd/acd)"
SPORT,Men's World Tennis Championship: Rafalentino/Ethan Gagal Juara,"Pupus sudah harapan Indonesia berjaya di Men's World Tennis Championship 2026. Ini setelah Rafalentino Ali Da Costa/Ethan David Zapp kalah di final.
Pada pertandingan puncak ganda putra Seri IV ITF World Tennis Tour M-1 di Lapangan A, Bali Beach Country, Nusa Dua, Sabtu (5/9/2026), Rafalentino/Ethan harus mengakui ketangguhan Alexander Chang/Pablo Perez Ramos.
Di set pertama, Rafalentino/Ethan mengalami kesulitan mengimbangi permainan Alexander/Pablo. Petenis Amerika Serikat/Spanyol itu langsung menyerang lewat servis voli sebelum menang 6-3.
Memasuki set kedua, ganda tuan rumah yang sempat menyingkirkan unggulan pertma Isaac Becroft/Reece Falck bisa bangkit untu memberikan perlawanan hingga game ke-10 untuk membuat skor sama kuat 5-5.
Namun, keunggulan pengalaman dari Alexander/Pablo dalam hal mematahkan servis lawan membuat mereka menang 7-5 dalam tempo 1 jam 11 menit untuk keluar sebagai juara.
Meski menang, Pablo memuji permainan dari Rafalentino dan Ethan yang nyaris membuatnya kesulitan diset kedua.
""Kami bersyukur bisa menang karena lawan (Rafalentino dan Ethan) tampil luar biasa sehingga menyulitkan kami,"" ujar Pablo dalam rilis kepada detikSport.
Sementara Alexander Kekompakkan dan komunikasi yang baik dengan partnernya membuahkan hasil gelar juara untuk yang kedua kali pada ajang M-15. Pada seri pertama, dia bersama Tanapat Nirundorn jadi juara di sektor yang sama.
Rafalentino/Ethan memang gagal juara, tapi pencapaian mereka diapresiasi Ketua Umum PP. Pelti periode 2018-2022 Rildo Ananda Anwar.
""Hadirnya talenta-talenta petenis muda merah putih seperti Rafalentino Ali Da Costa dan Ethan David Zapp di sektor putra serta Janice Tjen merupakan sebuah karunia sekaligus tantangan tersendiri dalam pembinaan tenis di Indonesia, agar prestasi mereka terus meningkat lewat jalur kompetisi, serta berjalannya proses regenerasi dengan baik,"" ujar Rildo.
Sebagai runner-up, Rafalentino/Ethan mendapat hadiah 540 dolar AS serta trofi. Sedangkan Alexander/Pablo sebagai juara berhak atas 930 dolar AS serta tambahan 15 poin ATP.
Sementara itu pada sektor tunggal putra yang hari ini mempertandingkan babak semifinal, petenis asal India Karan Singh berhasil mempertahankan performa impresifnya dengan memastikan diri melangkah ke partai puncak.
Singh mengalahkan wakil Jepang Ryotaro Taguchi dua set langsung 6-3 dan 6-3. Karang akan bertemu Isaac Becroft dari Australia yang mengalahkan Leo Borg dalam waktu 1 jam 59 menit dengan skor 2-6, 6-4 dan 6-2."
SPORT,"Hasil China Masters 2026: Sabar/Reza Menang, Melaju ke Perempatfinal","Sabar Karyaman Gutaman/Mohammad Reza Pahlevi Isfahani melaju ke perempatfinal China Masters 2026. Sabar/Reza mengalahkan Daniel Ludgaard/Mads Vestergaard.
Babak 16 besar BWF Super 750 China Masters mempertemukan Sabar/Reza dengan Lundgaard/Vestergaard dari Denmark. Pertandingan digelar di Court 1 Shenzen Arena, Kamis (3/9/2026) malam WIB.
Sabar/Reza merebut 3 poin pertama, tapi Lundgaard/Vestergaard mampu menyamakan kedudukan. Sabar/Reza selanjutnya memimpin 3 angka lagi hingga mencapai interval dengan keunggulan 11-9.
Pasangan Indonesia sempat unggul 5 angka 14-9, namun Lundgaard/Vestergaard mampu merebut 4 angka beruntun dan menyamakan kedudukan 14-14. Sabar/Rerza kembali lepas dari tekanan dan menjauh 17-14.
Sabar/Reza mencapai game point dengan keunggulan 20-15. Sabar/Reza menutup gim pertama dengan keunggulan 21-15.
Permainan positif ditunjukkan Sabar/Reza memasuki gim kedua. Sabar/Reza mampi menjaga keunggulan 2-3 angka dari Lundgaard/Vestergaard dan unggul 11-8 di interval.
Sabar/Reza menjauhkan kejaran menjadi 5 poin 18-13 dan 19-14 dan mencapai match point 20-15. Bola out dari Lundgaard/Vestergaard memastikan kemenangan Sabar/Reza 21-15.
Hasil ini mengantarkan Sabar/Reza lolos ke perempatfinal China Masters 2026. Sabar/Reza jadi satu-satunya wakil Indonesia yang tersisa setelah Jonathan Christie, Leo Rolly Carnando/Daniel Marthin, dan Ali Faathir Rayhan/Devin Artha Wahyudi tersingkir.
Sabar/Reza melaju ke perempatfinal usai menang dengan skor kembar atas ganda Denmark.
— BADMINTON INDONESIA (@INABadminton) September 3, 2026
Nice work SabRez!#BadmintonIndonesia #ChinaMasters2026 pic.twitter.com/ivEMnQNRiZ"
FINANCE,"Berjas Lengkap, Suahasil Nazara Merapat ke Istana","Wakil Menteri Keuangan Suahasil Nazara siang ini dipanggil ke Istana Kepresidenan, Jakarta Pusat. Kabarnya, Suahasil akan dilantik mengisi jabatan baru.
Suahasil tiba sekitar pukul 14.45 WIB, Senin (14/9/2026), dia berjas lengkap dan berdasi biru. Ketika ditanya apakah dirinya akan dilantik sebagai pejabat baru, dia enggan bicara.
""Saya ditelepon ke Istana,"" katanya singkat.
Selain itu, Menteri Koordinator Bidang PMK Pratikno juga hadir ke Istana dengan jas lengkap. Pratikno membenarkan ada agenda pelantikan, hanya saja tak memastikan jelas siapa yang mau dilantik
""Ada undangan, terkait pelantikan katanya. Nggak tahu siapa nanti kita tunggu,"" ujarnya singkat.
(hal/ara)"
SPORT,Nova Widianto Mulai Tangani Ganda Campuran Pelatnas PBSI,"Nova Widianto mulai menangani tim ganda campuran Pelatnas PBSI pada hari Selasa (8/9/2026). Kehadiran Nova diumumkan PBSI melalui laman media sosial federasi bulutangkis Indonesia tersebut.
""He is here. Good luck, Coach Nova,"" tulis PBSI.
Nova sebelumnya telah resmi ditunjuk sebagai Kepala Pelatih Ganda Campuran Pelatnas pada 5 Agustus lalu. Ia kembali dipercaya menangani sektor tersebut untuk kali kedua setelah sebelumnya menduduki posisi yang sama pada 2021.
Kepala Bidang Pembinaan dan Prestasi Pelatnas PBSI, Eng Hian, mengatakan pengalaman dan rekam jejak Nova menjadi alasan kembalinya sang mantan pemain ke Pelatnas.
""Nova merupakan sosok yang memiliki pengalaman dan pemahaman yang sangat baik di sektor ganda, baik sebagai atlet maupun pelatih,"" kata Eng Hian.
Ganda campuran Indonesia memang tengah berupaya kembali bersaing di level tertinggi. PBSI berharap kehadiran Nova bisa memberikan energi baru bagi sektor tersebut.
""Kami berharap kehadirannya dapat membawa energi baru, meningkatkan kualitas pembinaan, memperkuat daya saing pasangan-pasangan ganda campuran Indonesia, serta mengantarkan mereka meraih prestasi terbaik di berbagai turnamen internasional,"" ujar Eng Hian kala itu.
Kali Kedua Nova Tangani Ganda Campuran Pelatnas
Kembalinya Nova ke lapangan Pelatnas menjadi periode keduanya menangani sektor ganda campuran. Sebelumnya, Nova menjadi asisten pelatih yang mendampingi Richard Mainaky sebagai kepala pelatih sejak 2013. Setelah Richard mengundurkan diri pada 2021, Nova kemudian dipercaya menjadi pelatih kepala ganda campuran.
Kini, ia kembali mendapat tugas untuk membangun sektor tersebut. Selama masih aktif sebagai atlet, Nova merupakan salah satu pemain ganda campuran terbaik yang dimiliki Indonesia.
Bersama Liliyana Natsir, Nova meraih gelar juara dunia pada 2005 dan 2007. Keduanya juga mempersembahkan medali perak Olimpiade Beijing 2008 dari nomor ganda campuran.
Setelah pensiun sebagai atlet, Nova melanjutkan kiprahnya sebagai pelatih dan turut berkontribusi melahirkan pasangan-pasangan berprestasi di level dunia. Pengalamannya juga berlanjut ketika menangani ganda campuran Malaysia. Nova mencetak sejarah dengan membawa Chen Tang Jie/Toh Ee Wei menjadi juara dunia pada 2025.
Pencapaian tersebut menjadi gelar juara dunia pertama bagi pasangan ganda campuran Malaysia tersebut. Kini, Nova kembali ke Pelatnas PBSI dengan tugas membenahi dan meningkatkan daya saing ganda campuran Indonesia."
SPORT,Tebakannya Jitu! Ini 3 Pemenang yang Berhasil Kenali Motor Legendaris,"Kalau Sal Priadi punya lagu Foto Kita Blur, kali ini bukan cuma foto yang dibuat blur. Dalam kuis Bold Riders bersama detikcom, para detikers justru ditantang menebak motor yang diblur sekaligus rider legendaris yang pernah mengendarainya.
Kuis Tebak Jenis Motor dan Rider Legendarisnya berlangsung pada 26-28 Agustus 2026. Para penggemar MotoGP dan otomotif pun diajak menguji ingatan mereka untuk mengenali motor dan sosok rider yang pernah menggunakannya di lintasan.
Jawaban yang masuk pun cukup beragam. Ada detikers yang langsung yakin dengan tebakannya, sementara yang lain mungkin harus mengingat kembali motor dan rider yang pernah mereka lihat berlaga di lintasan.
Setelah seluruh jawaban diperiksa sesuai ketentuan, akhirnya terpilih tiga detikers yang berhasil memberikan jawaban dengan tepat.
Berikut nama-nama pemenangnya:
@callmeverdi
@rizaldi773_
@ralkausarr
Masing-masing pemenang mendapatkan saldo e-wallet senilai Rp 250 ribu.
Selamat kepada para pemenang! Tim detikcom akan menghubungi masing-masing pemenang untuk proses verifikasi data dan informasi lebih lanjut mengenai hadiah.
Buat yang belum berhasil, jangan berkecil hati. Masih ada kuis dan aktivitas seru lainnya dari Bold Riders yang bisa kamu ikuti.
Jangan lupa follow Instagram @boldriders untuk mendapatkan update seputar MotoGP, konten otomotif, dan informasi event motor lainnya."
SPORT,IHR 2026 Perluas Olahraga Pacuan Kuda Indonesia,"Pacuan kuda Indonesia mulai diarahkan menuju panggung dunia melalui Indonesia's Horse Racing (IHR) 2026. Hal ini dikembangkan oleh Sarga.co dengan konsep olahraga, hiburan, pariwisata, dan ekonomi kreatif.
IHR dikembangkan bukan hanya sebagai kompetisi untuk menentukan kuda tercepat. Platform tersebut dirancang menjadi bagian dari ekosistem yang menghubungkan olahraga berkuda dengan potensi daerah di berbagai wilayah Indonesia.
Sarga.co hadir sebagai promotor pacuan kuda profesional pertama dan satu-satunya di Indonesia melalui IP Indonesia's Horse Racing. Kehadiran IHR menjadi bagian dari upaya mengubah cara pacuan kuda dikelola, dikemas, dan diperkenalkan kepada masyarakat.
Olahraga yang memiliki sejarah panjang di Indonesia tersebut kini mendapatkan pendekatan baru agar semakin dekat dengan generasi masa kini. Pada 2025, IHR menggelar sembilan event dengan tema ""The Race of Rising Stars"".
Memasuki 2026, Sarga.co membawa ambisi lebih besar melalui tema ""Race to the World Stage"". Tema tersebut menjadi landasan pengembangan IHR menuju kompetisi yang lebih profesional sekaligus memiliki jangkauan penonton yang lebih luas.
Bersama PP Persatuan Olahraga Berkuda Seluruh Indonesia (PORDASI), Sarga.co menghadirkan delapan kejuaraan dalam kalender IHR 2026. Rangkaian kompetisi tersebut digelar di sejumlah wilayah dengan karakter dan tradisi berkuda yang berbeda.
Agenda IHR 2026 dibuka melalui IHR Jateng Derby 2026 di Gelanggang Pacuan Kuda Tegalwaton, Kabupaten Semarang, pada 15 Februari. Setelah itu, kompetisi berlanjut lewat IHR Triple Crown Serie 1 & Pertiwi Cup di Stadion Sultan Agung, Bantul, pada 4 April.
Pada 10 Mei, giliran IHR Triple Crown Serie 2 & Piala Raja Mangkunegaran digelar di Gelanggang Pacuan Kuda Tegalwaton. Rangkaian tersebut kemudian berlanjut pada Juni melalui IHR Piala Paku Alam di Stadion Sultan Agung, Bantul.
Agenda utama lainnya hadir lewat IHR Indonesia Derby 2026 di Gelanggang Pacuan Kuda Legokjawa, Pangandaran, Jawa Barat, pada 26 Juli. Memasuki Agustus, kompetisi dilanjutkan melalui IHR Merdeka Cup 2026 di Sumatera Barat.
Rangkaian IHR 2026 selanjutnya dijadwalkan menuju Kejurnas Seri II di Sulawesi Utara pada Oktober. Kompetisi kemudian ditutup dengan Piala Hamengku Buwono X di DI Yogyakarta pada November 2026.
""Kami sangat bersyukur dan mengapresiasi antusiasme masyarakat terhadap penyelenggaraan IHR sepanjang 2026. Bagi kami, IHR bukan hanya mengenai siapa yang menjadi juara di lintasan, melainkan juga bagian dari perjalanan untuk membangun pacuan kuda Indonesia menjadi semakin profesional dan modern, sekaligus tetap menghargai tradisi dan kearifan lokal,"" kata Direktur Komersial Sarga.co, Diana Airin.
Melalui Indonesia's Horse Racing, tradisi dipadukan dengan pendekatan industri modern. Kompetisi dikembangkan secara profesional, produksi siaran ditingkatkan, pengalaman penonton diperluas, dan peluang komersial dibuka lebih jauh."
SPORT,"Kolaborasi dengan NPC, Kemenpora Genjot Pembinaan Atlet Disabilitas","Kementerian Pemuda dan Olahraga (Kemenpora) menegaskan komitmennya untuk terus mendukung pembinaan dan peningkatan prestasi atlet disabilitas Indonesia.
Dukungan tersebut dilakukan melalui kerja sama dan koordinasi yang berkelanjutan dengan Komite Paralimpiade Nasional Indonesia (NPC Indonesia), baik dalam persiapan multi-event maupun keikutsertaan pada berbagai kejuaraan internasional.
Deputi Bidang Peningkatan Prestasi Olahraga Kemenpora, Surono, mengatakan bahwa pemerintah selalu memberikan perhatian serius terhadap atlet-atlet disabilitas sebagai bagian penting dari kekuatan olahraga nasional.
""Kemenpora selalu bangga dan memberikan dukungan terhadap atlet-atlet disabilitas Indonesia. Kami juga memiliki kerja sama yang sangat baik dengan NPC Indonesia dalam upaya meningkatkan prestasi olahraga disabilitas nasional,"" ujar Surono dalam keterangan kepada media.
Salah satu bukti keberhasilan sinergi itu pencapaian Kontingen Indonesia pada ASEAN Para Games 2025 di Thailand. Indonesia berhasil meraih 135 medali emas, 143 medali perak, dan 114 medali perunggu, sekaligus menempati peringkat kedua klasemen akhiri, melebih target awal sebanyak 82 medali emas.
""Ini merupakan prestasi yang sangat membanggakan. Target awal kita adalah 82 emas, tetapi atlet-atlet kita mampu memberikan jauh lebih dari yang ditargetkan. Ini menunjukkan bahwa pembinaan yang dilakukan secara bersama-sama antara pemerintah, NPC Indonesia, pelatih, dan seluruh ekosistem olahraga disabilitas memberikan hasil yang nyata,"" sambung Surono.
Surono menegaskan kerja sama Kemenpora dengan NPC Indonesia tidak hanya berlangsung pada level nasional, tetapi juga mencakup koordinasi di daerah dalam mendukung partisipasi Indonesia pada berbagai agenda olahraga disabilitas internasional.
""Kerja sama ini mencakup berbagai agenda, baik ASEAN Para Games, Asian Para Games, maupun agenda olahraga internasional lainnya. Termasuk di dalamnya adalah keikutsertaan atlet tunarungu dalam Deaflympics. Prinsipnya, seluruh program harus kita persiapkan secara terencana agar partisipasi Indonesia memberikan dampak maksimal terhadap prestasi nasional,"" jelasnya.
Khusus terkait pembinaan atlet tunarungu, Surono menjelaskan bahwa pemerintah perlu memastikan seluruh proses pembinaan dan keikutsertaan dalam kompetisi internasional berjalan melalui organisasi yang memiliki legitimasi sesuai dengan ketentuan federasi internasional.
""Di hadapan NPC Indonesia dan ICSD( International Committee of Sports for the Deaf) khusus untuk atlet tuna rungu hanya organisasi Perkumpulan Atlet Tunarungu Indonesia (PATRIN) yang diakui secara internasional dan karenanya hanya PATRIN yang diakui oleh Pemerintah. Karena itu, dalam konteks tata kelola pemerintahan, dukungan dan fasilitasi harus diberikan melalui organisasi yang memiliki legitimasi sesuai dengan ketentuan organisasi olahraga internasional,"" tegas Surono.
Dia menambahkan, setiap kejuaraan internasional yang diikuti atlet bukan sekadar ajang kompetisi, tetapi juga harus ditempatkan sebagai bagian dari strategi pembinaan jangka panjang.
""Setiap kejuaraan dunia yang diikuti pada prinsipnya merupakan bagian dari proses try out dan pengumpulan poin serta peringkat yang diperlukan untuk mengejar kualifikasi menuju Paralimpiade. Karena itu, keikutsertaan dalam sebuah kejuaraan harus dilihat dalam konteks yang lebih besar, yaitu bagaimana kompetisi tersebut berkontribusi terhadap target prestasi Indonesia,"" ujarnya.
Atas dasar itu, Surono menekankan bahwa penentuan kejuaraan single event yang akan diikuti atlet harus melalui konsolidasi dan perencanaan bersama antara NPC Indonesia dan Kemenpora.
Surono juga menegaskan bahwa tata kelola pembinaan olahraga disabilitas harus berjalan berdasarkan aturan dan regulasi organisasi olahraga internasional yang relevan.
""Dengan koordinasi yang baik serta kepatuhan terhadap Statuta International Paralympic Committee atau IPC dan, khusus untuk olahraga tunarungu, ketentuan atau bylaws ICSD, maka pembinaan, penganggaran, dan dukungan pemerintah dapat diarahkan secara lebih efektif, efisien, transparan, dan tepat sasaran,"" tutur Surono.
Dia memastikan pemerintah tidak hanya berbicara mengenai dukungan saat atlet mengikuti kompetisi, tetapi juga membangun ekosistem pembinaan yang berkelanjutan.
""Komitmen Kemenpora bersama NPC Indonesia sangat konsisten. Dukungan pemerintah diberikan mulai dari proses pembinaan, fasilitas latihan, pemusatan latihan, keberangkatan ke kompetisi internasional, sampai penghargaan atas prestasi atlet,"" katanya.
Salah satu bentuk dukungan tersebut adalah pembangunan dan pengembangan Paralympic Training Center Indonesia di Karanganyar, Jawa Tengah, yang menjadi fasilitas penting dalam pembinaan atlet-atlet paralimpiade Indonesia.
Kemenpora juga terus mendorong agar fasilitas tersebut terjaga kualitas dan keberlanjutannya, sehingga disebut sebagai fasilitas terbaik di Asia Tenggara.
Selain dukungan terhadap fasilitas dan pembinaan, pemerintah juga memberikan dukungan pembiayaan untuk keikutsertaan kontingen Indonesia pada ajang internasional, termasuk ASEAN Para Games 2025 dan Asian Para Games 2026.
""Kita juga memberikan dukungan pembiayaan untuk keberangkatan dan keikutsertaan atlet pada multi-event internasional. Pada ASEAN Para Games 2025, pemerintah juga memberikan bonus sebagai bentuk penghargaan atas prestasi atlet. Bonus tersebut disalurkan langsung kepada para penerima , melalui kerja sama dengan Bank Rakyat Indonesia, dan total penghargaan bagi peraih medali mencapai lebih dari Rp350 miliar,"" kata Surono."
FINANCE,"Pedagang Pasar Nangka Bungur Ramai-ramai Tutup Kios, Apa yang Terjadi?","Lapak-lapak kios di dalam bangunan Pasar Nangka Bungur, Kemayoran, Jakarta Pusat, lengang dan mati suri. Banyak pedagang memilih tutup kios mereka dan beralih menggelar dagangan di pinggir jalan depan pasar demi menyambung hidup.
Berdasarkan pantauan detikcom di lokasi, Senin (14/9/2026), Pasar Nangka Bungur berada tepat di Jl. Kalibaru Timur dekat persimpangan dengan Jl. Kalibaru Timur V. Di dekat jalan, pengunjung bisa dengan mudah melihat deretan lapak-lapak pedagang.
Di kanan-kiri ini, terdapat berbagai jenis lapak dagangan mulai dari sayuran, daging ayam dan sapi, bumbu masak, buah, hingga keperluan sehari-hari. Singkatnya, hampir semua jenis barang dagangan pasar ada di pinggir jalan ini.
Meski matahari sudah sampai puncaknya, pengunjung datang silih berganti dengan motor dan berhenti di depan lapak-lapak pinggir jalan tersebut. Mereka membeli berbagai produk, kemudian langsung meninggalkan area depan pasar.
Kondisi ini sangat jauh berbeda dengan kawasan di dalam bangunan Pasar Nangka Bungur. Di depan bangunan pasar, berdiri tiga bangunan kecil berbahan beton tanpa cat menutup pintu masuk utama pasar.
Bangunan ini adalah pasar penampungan sementara untuk pedagang pasar lain yang sedang di renovasi. Namun, dari sekian lapak yang ada, hanya ada dua kios yang buka dan sisanya tutup permanen.
Jauh berbeda dengan kondisi lapak yang ada di jalan depan, lorong-lorong sekitar pasar penampungan ini sangat sepi dan hampir tidak ada orang yang melintas. Menunjukkan bagaimana para pengunjung pasar hanya berbelanja di lapak-lapak pinggir jalan dan enggan masuk ke dalam bangunan pasar yang sesungguhnya.
Kondisi ini semakin parah saat memasuki bangunan utama pasar. Lorong-lorong di dalam bangunan tampak sangat lengang dengan mayoritas kios yang mengapit jalan setapak berlantai keramik putih itu tertutup rapat oleh rolling door besi.
Secara keseluruhan, di dalam bangunan pasar dua tingkat ini hanya terlihat kurang dari 20 lapak buka. Di lantai dasar terlihat ada 1 lapak sayuran, 4 lapak sembako, 1 lapak sepatu dan tumbler, 1 lapak produk kecantikan, dan 2 lapak perabotan rumah tangga.
Kemudian sisanya di lantai dua banyak diisi oleh sekitar 6 toko emas yang sebagian besar menempati lebih dari satu kios, dan beberapa lapak pakaian dan tas. Sedangkan area pasar basah yang biasanya diisi oleh pedagang sapi semuanya tutup.
""Yang los-los daging segala macam, daging, ayam, ikan semuanya di luar, semuanya di luar,"" kata Narita, seorang pedagang produk kecantikan yang masih membuka kios dalam bangunan Pasar Nangka Bungur.
Kondisi tersebut menjadi gambaran sulitnya pedagang resmi dalam bangunan Pasar Nangka Bungur untuk bertahan di tengah persaingan dengan pedagang yang berjualan di sisi jalan umum.
""Orang jualan di dalam sepi, kasihan dah kita. Sebagian dari dalam ada yang punya lapak di depan terus pindah ke depan. Sisanya ya tutup saja keluar dari pasar,"" ujarnya.
(igo/fdl)"
SPORT,"Marc Marquez Makin Dekat, Jorge Martin Akan Lawan!","Jorge Martin tak gentar melihat Marc Marquez semakin mendekat di klasemen MotoGP 2026. Pebalap Aprilia itu menegaskan tetap siap melawan sang juara bertahan.
Marc meraih kemenangan Sprint dan MotoGP Aragon. Martin hanya finis kelima sehingga keunggulannya di puncak klasemen terpangkas menjadi 19 poin. Marco Bezzecchi juga masih mengintai, tertinggal 24 poin dari Martin.
Martin mengakui Aprilia kesulitan di Aragon. Namun, ia tidak mau menjadikan absennya pada balapan tahun lalu karena cedera sebagai alasan.
""Itu bukan alasan karena ada beberapa balapan yang tidak saya ikuti tahun lalu, dan saya tetap cepat,"" kata Martin kepada MotoGP.com.
""Jadi, ya, saya memang kesulitan. Kami mencoba menjaga semuanya tetap sederhana, tidak terlalu banyak mengubah motor. Tapi pada akhirnya, hari ini saya membutuhkan bantuan.""
Martin menilai hasil naik-turun merupakan bagian dari persaingan satu musim penuh. Kini Martin mengincar kebangkitan di Misano. Ia menyukai karakter sirkuit tersebut dan yakin Aprilia bisa kembali kompetitif.
""Menurut saya, ini bagian dari kejuaraan. Ada beberapa balapan di mana kami (Aprilia) lebih baik. Ada juga beberapa balapan di mana kami lebih buruk,"" katanya.
""Misano adalah trek yang sangat saya sukai, di mana kami memiliki banyak grip, dan saya pikir dengan Aprilia serta gaya saya, kami bisa bangkit dan kembali cepat.""
Martin Tak Takut Marc Menyusul
Jarak 19 poin membuat Marc menjadi rival terdekat Martin. Namun, Martin justru tetap percaya diri.
""Saya pikir Marco dan Marc sama-sama merupakan kandidat juara bersama saya,"" ujarnya menganalisis persaingan dengan Bezzecchi dan Marquez.
""Saya merasa, meskipun masih dalam proses belajar, saya tetap memimpin. Jadi ini gila. Saya sangat senang. Dan saya pikir mulai sekarang saya bisa mempertahankan kepemimpinan ini. Bahkan jika Marc menyusul.""
Martin berharap pengalaman dari 14 balapan sebelumnya menjadi modal penting untuk menghadapi persaingan berikutnya. ""Saya pikir ada beberapa balapan yang sangat bagus untuk saya, dan saya berharap semua yang kami pelajari selama 14 balapan ini bisa membantu saya untuk bertarung."""
SPORT,WEC 2026: WRT 32 Meraba COTA dari Hasil Free Practice,"Team WRT 32 sudah menuntaskan sesi latihan bebas jelang balapan 6 Hours of COTA. Mereka menggunakan itu untuk meraba persaingan di atas lintasan.
Circuit of The Americas (COTA) di Austin, AS, bakal menyajikan balapan sengit untuk dua kelas FIA World Endurance Championship (WEC) 2026, Hypercar dan LMGT3. Hal itu terbaca dari dua sesi latihan sepanjang Jumat (4/9).
Pada FP1, Ferrari dominan di kelas Hypercar dengan menyelesaikan sesi di P1 dan P2. Namun Aston Martin gantian menjadi yang tercepat pada FP2.
i kelas LMGT3, McLaren finis P1 dan P3 pada sesi awal dengan Mercedes ada di antara keduanya.
Aston Martin melengkapi keperkasaan di FP2, karena bukan hanya di kelas Hypercar mereka jadi yang tercepat namun juga di kelas LMGT3. Heart of Racing Team #27 terpatri di P1, diikuti dua mobil Mercedes dan dua mobil McLaren.
Dari hasil tersebut, tim pengguna Aston Martin, McLaren, dan Mercedes tampak siap untuk bersaing menjadi pemenang di Lone Star Le Mans atau 6 Hours of COTA.
Mobil-mobil Amerika sendiri tampak belum memperlihatkan taji, ketika Corvette dan Ford belum berhasil menembus lima besar. Mengingt Corvette memimpin klasemen LMGT3, maka hasil di COTA bisa membuat perburuan gelar juara semakin sengit hingga akhir musim.
Team WRT sendiri memilih jalur berbeda dalam menatap lomba. WRT 32 bersama Sean, Darren, dan Augusto Farfus berada di P17 dan P16 pada FP1 dan FP2. Hal serupa juga terjadi untuk mobil WRT 69 yang finis di posisi kembar, P15, untuk dua FP.
Walau tak terlalu signifikan, top speed juga bisa membantu mengingat COTA punya dua tempat ideal untuk menyusul, Tikungan 1 dan 12. Bila top speed bagus dan kesempatan terbuka, menyusul di dua tempat itu bisa menaikkan moral.
Saat FP2, top speed BMW mampu bersaing dengan Aston Martin sebagai pemilik kecepatan maksimal sepanjang Jumat. Aston Martin menyentuh 256,5 km/jam, sementara BMW 255,3 km/jam.
Hari Sabtu tergolong pendek untuk latihan, karena berdurasi satu jam. WRT 32 bersama Sean akan mencoba bersaing di Top 10 Qualifying sehingga lolos ke Hyperpole.
Race 6 Hours of COTA disiarkan langsung di kanal youtube KUY Entertainment, Senin (7/9) mulai pukul 01.00 WIB."
SPORT,Asian Games 2026: Putri KW Pede dengan Komposisi Beregu Putri,"Putri Kusuma Wardani percaya diri dengan komposisi beregu putri yang dipilih PBSI untuk Asian Games 2026. Dia juga menyebut chemistry satu sama lain sudah klop.
Bulutangkis Indonesia mengirimkan 20 wakil untuk tampil di Aichi-Nagoya, 19 September hingga 4 Oktober mendatang. 10 Atlet di antaranya merupakan sektor beregu putri.
Yaitu Putri KW, Thalita R. Wiryawan, Ni Kadek Dhinda, Mutiara Ayu Puspitasari, Rachel Allessya Rose, Febi Setianingrum, Febriana Dwipuji Kusuma, Meilysa Trias Puspitasari, Siti Fadia Silva Ramadhanti, dan Nita Violina Marwah.
Putri menilai komposisi skuad bulutangkis Indonesia yang mengombinasikan pemain senior dan junior, tidak menemukan kendala dalam membangun koneksi di dalam tim.
Pengalaman berlaga bersama dalam beberapa kejuaraan beregu sebelumnya dinilai telah membentuk kekompakan antar-atlet.
""Dengan tim komposisi yang ada cukup kuat sih. Kita juga sudah lumayan dua atau tiga kali beregu bersama-sama, jadi sudah ketemu chemistry-nya di antara satu dan yang lain, baik tunggal maupun ganda,"" kata Putri dalam keterangannya dikutip Selasa (8/9/2026).
Tak hanya itu, seluruh rangkaian program latihan di Pelatnas sejauh ini berjalan dengan lancar dan kondusif. Sampai menjelang hari keberangkatan menuju Jepang, porsi latihan tim nasional kini lebih difokuskan pada penguatan di masing-masing sektor di bawah arahan tim pelatih.
""Yang pasti, kekurangan dari pertandingan sebelumnya menuju pertandingan Asian Games lebih ditingkatkan lagi,"" tambahnya.
Terkait peta persaingan di Asian Games 2026, Putri KW menilai kekuatan di sektor tunggal putri kawasan Asia tergolong sangat merata. Dia mewaspadai kekuatan para pemain dari negara-negara papan atas seperti China, Jepang, dan Korea Selatan.
""Kalau kekuatan sendiri di Asian Games menurut aku cukup merata ya dari Asia sendiri, terutama dari China, Jepang, dan Korea Selatan sih cukup kuat,"" tuturnya.
Pebulutangkis peringkat ke-7 dunia itu memasang target tinggi pada ajang Asian Games 2026.
Secara pribadi, Putri berambisi untuk dapat melangkah hingga ke babak akhir dan berdiri di atas podium. Hal ini juga sejalan dengan target medali yang dicanangkan oleh PP PBSI.
""Harapannya semoga tim bulu tangkis Indonesia bisa mendapatkan medali, dan terutama untuk pribadi aku sendiri, aku bisa menyumbangkan medali untuk Indonesia di ajang Asian Games,"" pungkas Putri.
Lihat juga Video; Hong Kong Open 2024: Sabar/Reza dan Putri KW Tumbang di Final"
SPORT,Timnas Basket Jadi Gelombang Pertama Datang ke Asian Games 2026,"Timnas basket putra Indonesia jadi rombongan pertama kontingen Merah Putih terbang ke Nagoya untuk Asian Games 2026. Semoga jadi awal yang baik!
Timnas basket bertolak ke Nagoya pada Senin (7/9/2026) malam. Mereka terbang dari Surabaya kemudian transit di Singapura, lalu ke Nagoya, Jepang.
Yudha Saputera dkk berangkat lebih awal karena pertandingan pertama penyisihan grup akan dimulai Kamis (10/9). Sementara pembukaan Asian Games berlangsung 19 September.
Sebab jadi kontingen pertama yang bertanding membuat CdM Indonesia Todotua Pasaribu punya harapan khusus.
""Harapannya, tim basket kita bisa menjadi endorsement yang positif. Jadi ketika pembukaan, kita yakin dan percaya tim basket kita sudah bisa memberikan yang terbaik, sehingga pada saat pembukaan Asian Games pun kita sudah punya kabar yang baik,"" kata CdM Indonesia Todotua Pasaribu kepada pewarta saat ditemui di kawasan Jakarta Selatan.
Menurutnya ini adalah momentum yang harus dimanfaatkan betul bagi Timnas. Apalagi lolosnya basket Indonesia ke Asian Games setelah ada slot terbuka.
""Ini rombongan yang pertama. Walaupun memang ini adalah slot yang bisa kita masuk, tapi dari CdM sendiri, kami, sudah sekitar dua atau tiga kali melihat tim ini. Kebetulan saya juga bagian dari keluarga besar Perbasi,"" tuturnya.
Timnas basket Indonesia sendiri dikabarkan sudah tiba di Nagoya pada Selasa (8/9). Mereka akan langsung masuk ke kompleks Athlete Village untuk adaptasi. CdM memastikan timnya sudah berada di sana untuk menyambut Timnas basket putra.
""Persiapan di sana, mereka nanti akan masuk ke kompleks Athlete Village sebagai persiapan. Kami dari CdM juga akan memberikan dukungan dan backup. Pada saat mereka masuk, official team dari CdM juga sudah akan stand by,"" kata Todotua.
Adapun keberangkatan kontingen secara keseluruhan, ia menyebut akan ada empat sampai lima kloter. Hal ini berkaitan dengan aturannya keberangkatan tiap cabor dua hari sebelum pertandingan. Indonesia mengikuti 35 cabang olahraga.
""Jadirata-rata kami berangkat H-2 atau H-3 sebelum pertandingan pertama dari setiap cabor itu rombongannya sudah masuk. Tapi kurang lebih paling maksimal empat sampai lima kloter,"" pungkas Todotua.
(mcy/aff)"
SPORT,Ganda Campuran Indonesia Kembali Rombak Pemain,"Sektor ganda campuran kembali mengalami perombakan pemain. Kali ini, Dejan Ferdinansyah dipasangkan dengan Felisha Alberta Nathaniel Pasaribu.
Pengumuman disampaikan PBSI melalui Kepala Pelatih Ganda Campuran Nova Widianto. Selain Dejan/Felisha, perubahan juga terjadi pada Bagas Maulana yang sebelumnya tandem dengan Indah Cahya Sari Jamil.
Kini, eks ganda putra itu dipasangkan dengan Apriyani Rahayu. Sedangkan Indah akan berpartner dengan N. Nawaf Khoiriyansyah.
Ketiga racikan baru ini masing-masing akan debut di turnamen internasional bulutangkis. Seperti Dejan/Felisha akan tampil Denmark Open, Bagas Apri di Indonesia International Challenge 2026 (Surabaya), dan Nawaf/Indah akan memulai laga perdana sebagai pasangan di Malaysia Super 100.
""Sekarang kami sedang mencari format terbaik untuk sektor ganda campuran. Karena itu, beberapa kombinasi pasangan seperti Dejan/ Felisha, Bagas/Apriyani dan Nawaf/ Indah akan kami coba,"" kata Nova dalam keterangan PBSI, Selasa (8/9/2026).
""Mereka akan bermain di beberapa turnamen untuk melihat bagaimana hasilnya, termasuk chemistry, komunikasi, pola permainan, dan konsistensi mereka di lapangan. Dari situ nanti akan kami evaluasi,"" tuturnya.
Nova menegaskan, perombakan ini menjadi bagian dari program jangka panjang menuju Olimpiade mendatang.
""Mudah-mudahan dari proses ini kami bisa mendapatkan format pasangan yang paling tepat dan kompetitif untuk ke depannya,"" harap Nova."
SPORT,Jadwal MotoGP San Marino 2026: Misi Marc Marquez Kejar Jorge Martin,"MotoGP 2026 akan berlanjut ke San Marino. Seri ke-14 musim ini akan digelar di Misano World Circuit Marco Simoncelli pada 11-13 September 2026.
Jorge Martin untuk sementara masih memimpin klasemen MotoGP 2026. Tapi keunggulannya mulai tergerus setelah Marc Marquez tampil sempurna di Aragon.
Marc berhasil memenangi Sprint dan balapan utama di Aragon. Sementara Martin hanya finis kelima di kedua sesi tersebut.
Hasil itu membuat Marc memangkas jarak dengan Martin menjadi 19 poin. Martin kini mengoleksi 256 poin, sedangkan Marc mengumpulkan 237 poin. Marco Bezzecchi berada di posisi ketiga dengan 232 poin.
Balapan Aragon sendiri dimenangi Marc setelah tampil dominan. Ia meraih 25 poin dari balapan utama, sementara Martin hanya mendapat 11 poin. Data resmi MotoGP mencatat Marc finis pertama, Pedro Acosta kedua, Bezzecchi ketiga, dan Martin kelima.
Dengan sembilan seri tersisa, persaingan perebutan gelar pun semakin terbuka. Marc Marquez kini hanya berjarak kurang dari satu kemenangan penuh dari Jorge Martin. Kini selisih keduanya hanya 19 poin.
Bezzecchi juga belum bisa dicoret. Pebalap Aprilia itu hanya terpaut lima poin dari Marc dan 24 poin dari Martin. Artinya, tiga pebalap teratas masih berada dalam persaingan yang sangat ketat menuju paruh akhir musim.
Klasemen MotoGP 2026
Berikut klasemen sementara MotoGP 2026 setelah seri Aragon:
MotoGP San Marino Digelar di Misano
Seri San Marino berlangsung di Misano World Circuit Marco Simoncelli. Sirkuit tersebut memiliki panjang 4,23 kilometer, dengan 16 tikungan yang terdiri dari 10 tikungan kanan dan enam tikungan kiri. Balapan MotoGP dijadwalkan berlangsung selama 27 lap dengan total jarak 114,1 kilometer.
Rangkaian akhir pekan dimulai pada Jumat (11/9), dilanjutkan kualifikasi dan Sprint pada Sabtu (12/9), kemudian balapan utama pada Minggu (13/9). Nah, berikut jadwal lengkapnya dalam Waktu Indonesia Barat (WIB) berdasarkan jadwal resmi MotoGP.
MotoGP San Marino merupakan seri ke-14 dari kalender 2026 dan akan berlangsung di Misano pada 11-13 September."
SPORT,AVC Continental 2026: Bintang/Sofyan Hadapi Selandia Baru di 16 Besar,"Pasangan voli pantai Indonesia Bintang Akbar/Sofyan Rachman sukses mengunci status juara Grup E AVC Beach Continental 2026 dan melenggang mulus ke babak 16 besar. Di babak berikutnya, mereka akan melawan Selandia Baru.
Kemenangan telak 2-0 atas wakil Jepang Takahashi/Ikeda di Shangluo, Kamis (3/9/2026), jadi penutup sempurna fase grup. Skor 21-16, 21-15 menutup laga yang sebenarnya duel perebutan puncak klasemen.
Dalam keterangan tertulis federasi, Bintang/Sofyan tampil dominan sejak awal pertandingan dan mengamankan set pertama dengan kemenangan 21-16. Permainan pasangan Indonesia tetap terjaga pada set kedua hingga mereka kembali unggul 21-15.
Kemenangan atas wakil Jepang sekaligus mempertahankan rekor sempurna Bintang/Sofyan selama fase grup. Mereka berhasil memenangkan seluruh tiga pertandingan tanpa sekalipun kehilangan set.
Pertemuan dengan Takahashi/Ikeda memang menjadi laga penting untuk menentukan pemuncak klasemen Grup E. Kedua pasangan sebelumnya sama-sama mengoleksi dua kemenangan dan belum pernah kehilangan satu set pun.
Bintang/Sofyan lebih mampu menjaga konsistensi dalam laga tersebut. Setelah mengamankan set pembuka 21-16, pasangan Indonesia kembali tampil solid untuk menyelesaikan pertandingan dengan kemenangan 21-15 pada set kedua.
Sebelum menghadapi pasangan Jepang, Bintang/Sofyan lebih dahulu meraih kemenangan atas wakil Hong Kong Wong Pui Lam/Chong Kei Loi. Dalam pertandingan pembuka Grup E, mereka menang dua set langsung 21-10 dan 21-12.
Pada pertandingan kedua yang berlangsung Rabu (2/9/2026), pasangan Indonesia kembali meraih kemenangan. Kali ini, Yakovlev/Mokhammad dari Kazakhstan mereka kalahkan dengan skor 21-17 dan 21-15.
Dari tiga pertandingan tersebut, Bintang/Sofyan mengumpulkan enam kemenangan set tanpa sekali pun kalah. Hasil itu memastikan mereka berada di posisi teratas Grup E sekaligus membuka jalan menuju fase gugur.
Di babak 16 besar, Di 16 besar, ujian berikutnya sudah menunggu. Sam O'Dea/Ben O'Dea dari Selandia Baru jadi lawan yang harus ditaklukkan Bintang/Sofyan.
Target pelatih Slamet Mulyanto dari awal memang menjadi juara grup. Dan itu sudah tercapai. Bintang/Sofyan diminta naik level.
""Bintang/Sofyan bermain sangat baik. Lawan Selandia Baru, tidak boleh kendur. Gas terus, harus menang,"" tegas Slamet.
(mcy/aff)"
FINANCE,PFI Mega Life Sabet 3 Penghargaan Human Capital,"PFI Mega Life menyabet tiga penghargaan sekaligus dari ajang Stellar Workplace Award 2026. Ini menjadi pencapaian penting perusahaan di bidang human capital.
Penghargaan tersebut diberikan atas komitmen perusahaan dalam membangun lingkungan kerja yang mendorong keterlibatan, komitmen, dan kepuasan karyawan. Dalam ajang tersebut, PT PFI Mega Life Insurance meraih Best Small Enterprise in Stellar Employee Engagement, Stellar Workplace Recognition in Employee Commitment, dan Stellar Workplace Recognition in Employee Satisfaction.
Sebanyak tiga penghargaan tersebut menjadi bagian dari perjalanan PFI Mega Life dalam membangun budaya kerja yang tidak hanya berorientasi pada pencapaian bisnis, tetapi juga pada pengalaman dan pertumbuhan karyawan. Di tengah perubahan dunia kerja yang semakin dinamis, perusahaan tidak hanya dituntut untuk menciptakan lingkungan kerja yang produktif, tetapi juga mampu membangun keterikatan antara karyawan dan organisasi.
Hal tersebut menjadi salah satu fokus dalam Stellar Workplace Award 2026 yang mengangkat tema Blended Workforce of Human & Machine in Driving Employee Engagement. Tema tersebut menyoroti pentingnya keseimbangan antara peran manusia dan teknologi dalam menciptakan lingkungan kerja yang adaptif sekaligus tetap berpusat pada manusia.
Sejalan dengan hal tersebut, PFI Mega Life melihat employee engagement sebagai bagian penting dalam membangun workplace yang positif. Dona Tamba, Chief HR PFI Mega Life, mengatakan bahwa employee experience menjadi salah satu fondasi penting dalam membangun budaya perusahaan.
""Bagi kami, engagement bukan hanya tentang seberapa aktif karyawan terlibat dalam pekerjaan, tetapi juga bagaimana mereka merasa didengar, dihargai, dan memiliki kesempatan untuk berkembang. Ketika karyawan merasa menjadi bagian dari perjalanan perusahaan, mereka dapat memberikan kontribusi yang lebih bermakna,"" kata Dona dalam keterangannya, Senin (14/9/2026).
Menurut Dona, pencapaian tersebut tidak dapat dilepaskan dari kontribusi seluruh insan PFI Mega Life. Kolaborasi lintas fungsi, peran pemimpin, serta upaya perusahaan untuk terus mendengarkan suara karyawan menjadi bagian dari proses membangun lingkungan kerja yang sehat dan berkelanjutan.
""Tiga penghargaan ini memiliki MAKNA karena merupakan hasil dari kolaborasi seluruh karyawan dan pemimpin di PFI Mega Life. Penghargaan ini bukan hanya tentang perusahaan, tetapi tentang setiap individu yang bersama-sama membangun budaya kerja yang positif. Ke depan, kami ingin terus menciptakan lingkungan yang memungkinkan setiap orang untuk bertumbuh dan memberikan dampak terbaik,"" ujar Dona.
Penghargaan Best Small Enterprise in Stellar Employee Engagement mencerminkan apresiasi terhadap keterlibatan karyawan di PFI Mega Life. Sementara itu, pengakuan dalam kategori Employee Commitment dan Employee Satisfaction memperlihatkan aspek lain dari pengalaman karyawan dalam lingkungan kerja.
Ketiganya menunjukkan bahwa membangun workplace yang positif membutuhkan lebih dari sekadar kebijakan atau program. Dibutuhkan keterlibatan antara perusahaan, pemimpin, dan karyawan untuk menciptakan budaya yang dapat dirasakan dalam keseharian.
""Bagi PFI Mega Life, penghargaan tersebut bukan menjadi tujuan akhir, melainkan menjadi dorongan untuk terus melakukan perbaikan,"" kata Dona.
Komitmen ini juga sejalan dengan perjalanan perusahaan dalam membangun human capital yang memberikan ruang bagi karyawan untuk berkembang, berkolaborasi, dan memberikan kontribusi secara optimal. Sebelumnya, PFI Mega Life juga meraih Gold Award pada Indonesia Human Capital Awards (IHCA) 2026, yang turut mengapresiasi komitmen perusahaan dalam pengelolaan human capital yang berkelanjutan.
Setiap Pekerjaan Punya Makna
Bagi setiap individu, pekerjaan dapat memiliki arti yang berbeda. Ada yang menjadikannya sebagai ruang untuk berkembang, mengejar aspirasi, membangun karier, memberikan dampak, atau menjadi bagian dari sesuatu yang lebih besar.
Karena itu, bagi PFI Mega Life, membangun workplace yang bermakna berarti memberikan ruang bagi setiap individu untuk menemukan dan menciptakan makna melalui pekerjaan yang mereka lakukan.
Tiga Stellar Workplace Award 2026 menjadi apresiasi atas perjalanan tersebut sekaligus pengingat bahwa keberhasilan perusahaan tidak hanya dibangun dari pencapaian bisnis, tetapi juga dari orang-orang yang berada di baliknya.
Ketika setiap individu merasa terlibat, dihargai, dan memiliki ruang untuk berkembang, bersama-sama kita dapat menciptakan perjalanan yang lebih bermakna.
(hal/ara)"
SPORT,Ngedadak Padel: Ketika Padel Jadi Ajang Reuni,"Padel kini sudah jadi gaya hidup masyarakat urban di Indonesia. Tidak cuma untuk berolahraga, padel bisa jadi ajang reunian.
Hal ini yang dilakukan oleh alumni Fakultas Hukum (FH) Universitas Trisakti angkatan 1999. Pada Minggu (6/9/2026) kemarin, berlokasi HQ Padel & Tennis, Pesanggrahan, Jakarta Selatan, mereka melakukan kegiatan gathering namun dikemas dalam bentuk turnamen padel bertajuk ""Ngedadak Padel"".
Para alumni FH Trisakti tersebut juga diperbolehkan membawa pasangan mereka masing-masing untuk bersaing dalam pertandingan nomor campuran.
Turnamen padel ini diikuti oleh 16 fixed partners dan mixed partners yang terbagi ke dalam 4 grup. Para peserta pun terlihat tampil antusias dan kompetitif.
""Intinya ini untuk menjaga silaturahmi. Kami angkatan 99 FH Trisakti memang sering membuat kegiatan kumpul-kumpul, dan salah satunya ini adalah padel. Apalagi padel juga sedang digemari, baik laki-laki maupun perempuan,"" ujar salah seorang panitia, Mega Ruhapy, dalam keterangan kepada media
Kegiatan ini memang hanyalah ajang silaturahmi. Namun, panitia tampak begitu serius dalam menyelenggarakan acara.
Podium untuk juara pertama, peringkat runner-up, dan ketiga disiapkan. Pemenang juga berhak mendapatkan penghargaan, medali, dan hadiah.
Arie Pujianto, salah seorang alumni yang menjadi motor penggerak aktivitas olahraga di kalangan alumni FH Universitas Trisakti, menyebut angkatannya memang tergolong cukup aktif menggelar kegiatan seperti ini.
Kegiatan olahraga seperti padel ini diyakini Arie menjadi pilihan yang tepat untuk bersilaturahmi karena baik alumni laki-laki maupun perempuan bisa berpartisipasi.
""Kami dari zaman kuliah, udah lebih dari 25 tahun lalu, memang akur ya. Alhamdulillah masih berhubungan baik. Akhirnya sekarang kami coba main padel, karena para istri juga bisa main,"" kata Arie.
""Mudah-mudahan, dengan adanya turnamen padel perdana kami ini, bisa juga mengangkat kemauan dari angkatan FH Trisakti yang lain. Pastinya seru kalau seluruh FH Trisakti bisa melakukan gathering,"" sambungnya.
Arie menyebut alumni angkatan 99 FH Trisakti juga berencana menggelar turnamen padel ke depannya, tetapi diadakan di Asha Beach Club & Resort di Pulau Payung, Kepulauan Seribu.
Tak Cuma Padel
Arie dan para alumni FH Trisakti rupanya juga tergabung dalam klub sepak bola Inkracht Sakti FC, yang dijadwalkan mengikuti kejuaraan dunia antar advokat atau Mundiavocat 2027 di Bali, 21-25 April 2027.
""Mundiavocat ini juga jadi salah satu fokus kita. Kami dari Inkracht Sakti FC memang basicnya adalah para lawyer lulusan Trisakti. Namun, mungkin kami juga membuka peluang untuk mengajak pemain dari Peradi FC,"" ucap Arie.
Arie yang menjabat sebagai kapten tim Inkracht Sakti FC, menambahkan, untuk menghadapi Mundiavocat tahun depan, skuad sudah harus terbentuk pada bulan November 2026 sehingga tim bisa lebih berkonsentrasi melakukan persiapan.
Inkracht Sakti FC sendiri telah menunjuk seorang pelatih profesional yang dikenal di kalangan olahraga futsal, yakni Mario Silitonga.
Mario memang sudah berkali-kali membawa tim advokat Indonesia berkompetisi di kejuaraan dunia sepak bola antar advokat. Tangan dingin dan pengalaman Mario diharapkan bisa membawa Inkracht Sakti FC mencapai prestasi membanggakan.
""Untuk Mundiavocat, biasanya negara unggulan dari Asia itu adalah Thailand, Iran, dan Jepang. Dulu saya pernah membawa tim sepak bola advokat Indonesia sampai ke peringkat ketiga,"" kata Mario.
Agenda terdekat, Inkracht Sakti FC akan menggelar pertandingan pemanasan menghadapi para mantan pemain profesional Malaysia, Sabah FC, di Jakarta, 20 September."
SPORT,Ambisi Morgan Holindo Jadi Juara Nasional Eshark Rok Cup 2027,"Pegokar muda Indonesia, Morgan Holindo, tak puas cuma jadi runner-up di Eshark Rok Cup tahun ini. Morgan ingin jadi juara tahun depan.
Pada putaran keenam kelas Mini Rok di Sirkuit Karting Internasional Sentul, Bogor, Minggu (6/9), Morgan yang memperkuat Dewa United Motorsport Team ini bernasib sial karena mengalami masalah mesin sehingga harus finis posisi ke-15.
Padahal Morgan meraih posisi pertama di kualifikasi, lalu berlanjut finis kelima di sesi Heat dan Pre-Final.
Namun, Morgan yang sudah ngegas sejak putaran pertama berhasil mengamankan poin untuk finis runner-up National Championship. Hasil yang bikin pelajar kelas 6 SD Tzu Chi itu senang karena ini merupakan musim debutnya.
Alhasil, Morgan makin percaya diri untuk bisa tampil lebih baik musim depan dan meraih gelar juara nasional.
""Ya itu harapan saya. Semoga tak ada aral melintang hingga saya bisa muwujudkan keinginan itu,"" tutur Morgan dalam keterangan kepada detikSport.
Morgan sejatinya bisa mengikuti Kejuaraan Dunia di Italia tahun ini, karena juara nasional kelas Mini Rok Michael Vino menolak tampil. Tapi, Morgan juga menolak karena bakal menghadapi ujian nasional tahun ini
""Morgan saat ini kelas P6 dan akan menghadapi ujian nasional untuk ke tingkat selanjutnya. Jadi, pastinya kami akan lebih memprioritaskan sekolah dulu. Semoga saja tahun depan bisa juara nasional sehingga bisa berangkat dengan tiket dari hasil usaha sendiri sebagai juara nasional,"" tutur ayah Morgan Merlion Sonmoahi.
Morgan kini akan fokus menuntaskan pendidikan dasar sebelum mempersiapkan diri meraih gelar juara nasional tahun depan. Tetap semangat, Morgan!"
SPORT,Men's World Tennis Championship: Hari Baik untuk Wakil RI,"Seri V Men's World Tennis Championship 2026 sudah memasuki hari kedua. Para petenis Indonesia meraih hasil maksimal. Top!
Pada Babak pertama ITF World Tennis Tour M-15 di Bali Beach Country Club, Nusa Dua, Selasa (8/9/2026), Nathan Barki menghadapi petenis Taiwan Kai-i Wang di Babak pertama.
Nathan tampil cerdik dengan terus memaksa Kai-i Wang untuk bermain dengan pola reli-reli panjang kesukaannya. Alhasil, petenis 23 tahun ini sering melakukan kesalahan sendiri dan membuatnya takluk 2-6, 2-6 dalam tempo 52 menit.
""Saya bermain dengan sangat nyaman dan rileks sehingga strategi tim pelatih bisa berjalan sesuai rencana. Lawan pun tertekan dan tidak dapat mengeluarkan permainan terbaiknya,"" ujar Nathan dalam rilis kepada detikSport.
Sementara itu di sektor ganda putra, penampilan impresif Rafalentino Ali Da Costa/Ethan David Zapp terus berlanjut di seri ini. Mereka lolos usai mengalahkan Anthony Susanto/Yan Chen Cheng.
Ethan dan Rafalentino yang merupakan finalis seri IV pekan lalu, tampil begitu dominan lewat serangan-serangan yang terpola serta pengembalian bola servis yang menyulitkan, sebelum menang 6-2 7-5.
Sayang, sukses Rafalentino/Ethan belum dapat diikuti kompatriotnya seperti Ethan Jake Frans/M. Ragil Putra maupun Kareem Abdul Hakim yang berpartner dengan petenis Hungaria Andrez Nech, yang langsung kandas di babak pertama.
Bertanding di lapangan E, Ethan/Ragilyang menantang unggulan ketiga, Nick Beamish/Matthew Shearer dari Selandia Baru, kalah 3-6 dan 4-6 dalam tempo 1 jam 9 menit.
Sedangkan pasangan gado-gado Indonesia dan Hungaria, Kareem Abdul Hakim/Andrez Nech takluk dari unggul keempat, Arjun Mehrotra/Ryotaro Taguchi dengan skor 4-6 2-6."
SPORT,MotoGP San Marino 2026: Jaga Puncak Klasemen Bukan Prioritas Jorge Martin,"Persaingan titel juara dunia semakin ketat menuju MotoGP San Marino 2026. Jorge Martin percaya, menjaga puncak klasemen bukanlah yang prioritas di fase ini.
Pebalap Aprilia asal Spanyol itu dibayangi Marc Marquez dan Marco Bezzecchi di klasemen. Martin masih menempati peringkat teratas dengan perolehan 256 poin, selisih 19 poin dari Marquez dan 24 poin dari Bezzecchi.
Dengan demikian, ada potensi besar singgasana itu berganti pemilik setelah gelaran MotoGP San Marino nanti. Jorge Martin hanya mementingkan hasil di akhir kejuaraan.
""Grand prix Misano itu selalu istimewa ketika Anda berada di sebuah tim Italia dan, bersama dengan fans Aprilia, aku yakin ini akan jadi akhir pekan yang hebat,"" cetus juara MotoGP 2024 itu diwartakan Crash.
""Kami menuju sebuah lintasan yang kusukai setelah melakukan sebuah pekerjaan yang bagus di Aragon, dan kami punya target-target yang jelas,"" sambung Jorge Martin.
""Memimpin klasemen memang penting untuk tim Aprilia secara keseluruhan, tapi kita sudah melihat bahwa, mengingat selisih angka yang begitu tipis, itu bukanlah sebuah prioritas ataupun faktor yang menentukan.""
""Kami mesti terus fokus pada pekerjaan kami. Aku enggak sabar untuk menunggangi RS-GP26 dan melakukan yang terbaik di balapan kandang Aprilia,"" Martinantor menambahkan.
Jorge Martin baru sekali memenangi balapan grand prix (seri Prancis) di MotoGP 2026 sejauh ini. Martin akan merupaya mematahkan dominasi Ducati di Misano, yang berturut-turut memenangi lima balapan terakhir."
FINANCE,Purbaya Akui Dana Pihak Ketiga BPD Cekak Gegara TKD Dipangkas,"Menteri Keuangan (Menkeu), Purbaya Yudhi Sadewa, menyebut dana kelolaan atau Dana Pihak Ketiga (DPK) di Bank Pembangunan Daerah (BPD) menurun signifikan. Kondisi tersebut terjadi imbas kebijakan pemerintah pusat yang memangkas Transfer ke Daerah (TKD).
""Saya juga monitor kondisi Dana Pihak Ketiga BPD itu turun dengan signifikan, karena kan transfer ke daerahnya berkurang,"" ungkap Purbaya dalam rapat kerja gabungan Komite IV DPD RI, di Kompleks Parlemen, Senayan, Jakarta, Senin (14/9/2026).
Meski begitu, Purbaya mengaku akan terus memonitor kondisi DPK perbankan daerah. Ia juga mengaku resah jika ada gangguan yang terjadi pada sistem perbankan, mengingat saat ini Purbaya juga menjabat sebagai Ketua Komite Stabilitas Sistem Keuangan (KSSK).
Ia juga sempat menempatkan sejumlah Saldo Anggaran Lebih (SAL) pada beberapa BPD, seperti Bank Jakarta dan Bank Jatim. Sebelumnya pemerintah lebih dulu menempatkan SAL pada Himpunan Perbankan Milik Negara (Himbara).
""Saya sempat berpikir, oke kita kan naruh uang di Himbara, gimana kalau kita coba-coba di beberapa BPD, ditaruh bank yang sejenis. Selama ini baru dua BPD yang dapat, DKI dan Jawa Timur. DKI Rp 2 triliun, Jawa Timur Rp 1 triliun,"" jelasnya.
Pemerintah pusat juga memastikan tidak ada rencana memindahkan penyaluran gaji Aparatur Sipil Negara (ASN) ke bank-bank Himbara. Menurut Purbaya, kebijakan tersebut berisiko membuat banyak Bank Pembangunan Daerah (BPD) bangkrut.
Purbaya mengaku heran dengan munculnya informasi tersebut. Ia bahkan sempat mendapat konfirmasi langsung dari Menteri Dalam Negeri (Mendagri) Tito Karnavian terkait isu pemindahan penyaluran gaji ASN itu.
""Bahkan satu hari, satu pagi saya kaget, Menteri Dalam Negeri menanyakan kebijakan saya. 'Kenapa Akang bikin begitu?' Dia bilangnya, Kang, saya barangkali lebih tua sih. Saya banyak duit dipanggil kang biar duitnya keluar. Saya juga kaget, Pak Menteri, enggak ada kebijakan itu, kita juga ngerti. Kalau itu dilakukan bank BPD, pasti akan jatuh,"" pungkasnya.
(ahi/ara)"
FINANCE,"Wamenko Pangan: Pengelolaan Lingkungan Bukan Biaya, tapi Investasi","Hal itu disampaikan Wakil Menteri Koordinator Bidang Pangan Republik Indonesia, Hanif Faisol Nurofiq, dalam ajang Environmental and Social Innovation Awards (ENSIA) 2026 di Bali. Menurut Hanif, dunia usaha perlu melihat pengelolaan lingkungan sebagai bagian dari strategi bisnis, bukan hanya sebagai biaya yang harus dikeluarkan perusahaan.
""Kami menyambut baik penyesuaian fokus inovasi khusus ENSIA 2026 yang kini mengangkat tiga isu strategis, yaitu ketahanan pangan, pengelolaan sampah dan ekonomi sirkular, serta transisi energi bersih. Aspek ini menjadi respons penting terhadap tantangan perubahan iklim, kebutuhan efisiensi sumber daya, pengurangan emisi, serta ketidakpastian global yang terus berkembang. Dunia usaha perlu melihat pengelolaan lingkungan bukan sebagai biaya, melainkan investasi untuk menciptakan efisiensi, nilai ekonomi, dan keberlanjutan bisnis,"" ujarnya dalam keterangan tertulis, Senin (14/9/2026).
Salah satu contoh yang disebut adalah Pengolahan Sampah menjadi Energi Listrik (PSEL). Skema tersebut dapat mengubah persoalan pengelolaan sampah menjadi sumber energi sekaligus menciptakan nilai ekonomi.
Hanif mengatakan pendekatan serupa dapat diterapkan pada sektor pangan melalui pengurangan food loss dan food waste, peningkatan efisiensi pascapanen, serta pengembangan ekonomi sirkular.
Menurutnya, inovasi lingkungan juga perlu menghasilkan manfaat yang lebih luas dan tidak berhenti pada penerapan di masing-masing perusahaan.
""Inovasi yang terbukti memberikan dampak, perlu direplikasi dan diperluas melalui kolaborasi antara pemerintah, dunia usaha, akademisi, lembaga riset, dan masyarakat sehingga dapat menjadi bagian dari transformasi nasional menuju Indonesia yang tangguh secara sosial, berkelanjutan secara lingkungan, mandiri dalam energi, dan kuat dalam ketahanan pangan,"" tuturnya.
Hanif juga mendorong perusahaan untuk meningkatkan inovasi lingkungan dari sekadar memenuhi ketentuan atau compliance menuju beyond compliance. Arah tersebut sejalan dengan Program Penilaian Peringkat Kinerja Perusahaan dalam Pengelolaan Lingkungan Hidup (PROPER).
ENSIA 2026 sendiri diselenggarakan PT SUCOFINDO (Persero) dengan mengangkat tema ""Innovation for Sustainable Business and Resilient Community"". Ajang tersebut mengangkat tiga isu khusus, yakni ketahanan pangan, pengelolaan sampah dan ekonomi sirkular, serta transisi energi bersih.
Direktur Utama PT SUCOFINDO (Persero), Sandry Pasambuna, mengatakan ENSIA menjadi salah satu wadah bagi perusahaan untuk menunjukkan inovasi yang dijalankan sekaligus bertukar praktik dengan pelaku usaha lainnya.
""ENSIA memberikan kesempatan bagi perusahaan untuk menunjukkan komitmen dan capaian inovasinya kepada para pemangku kepentingan. Selain memperoleh pengakuan atas inovasi yang dijalankan, peserta juga mendapatkan ruang untuk berbagi praktik terbaik dan memperluas jejaring serta memperkuat reputasi perusahaan dalam aspek keberlanjutan. Bagi perusahaan yang mengikuti PROPER, apresiasi ENSIA dapat menjadi salah satu nilai tambah dalam mendukung aspek penghargaan nasional pada penilaian PROPER Hijau dan Emas,"" jelasnya.
Menurut Sandry, kebutuhan inovasi tersebut semakin relevan di tengah perubahan kondisi global, mulai dari ketidakpastian geopolitik yang berpotensi mengganggu rantai pasok hingga risiko bencana ekologis akibat perubahan iklim.
""Ke depan, kami berharap ENSIA terus berkembang sebagai platform inovasi keberlanjutan yang inklusif dan berdampak. Kami ingin merangkul lebih banyak perusahaan, komunitas, dan local hero yang terlibat serta menghadirkan inovasi yang mampu menjawab tantangan lingkungan dan sosial secara nyata. Yang terpenting, inovasi yang dihadirkan pada ENSIA tidak berhenti pada penghargaan, melainkan dapat direplikasi dan memberikan manfaat berkelanjutan bagi masyarakat, lingkungan, dan pembangunan Indonesia,"" tambahnya.
Dalam ENSIA 2026, tercatat 253 perusahaan berpartisipasi dengan 954 paper dan 48 local hero. Jumlah tersebut meningkat dibandingkan tahun sebelumnya yang diikuti 178 perusahaan dengan 690 paper.
""ENSIA 2026 mencatat partisipasi 253 perusahaan dengan 954 paper dan 48 local hero, meningkat signifikan dibandingkan tahun sebelumnya yang diikuti 178 perusahaan dengan 690 paper. Capaian ini menunjukkan semakin tingginya komitmen dunia usaha dalam menghadirkan inovasi yang mendukung keberlanjutan lingkungan, sosial, dan bisnis,"" tutupnya. (fdl/fdl)"
SPORT,Moto3: Veda Ega Sudah Empat Kali Gagal Raih Poin,"Rider Honda Team Asia, Veda Ega Pratama, menjalani akhir pekan yang buruk di Moto3 Aragon. Pebalap asal Gunungkidul itu sudah gagal meraih poin empat kali di Moto3.
Di Sirkuit Aragon pada akhir pekan lalu, Veda Ega finis ke-20. Dia sudah kesulitan sejak hari Jumat.
Veda Ega harus memulai balapan dari posisi ke-22. Dia pun kesulitan untuk menembus barisan depan.
Dengan hasil ini, Veda Ega gagal meraih poin. Raihan angka Rocket Boy masih tertahan 97 poin. Dia tinggal berjarak tujuh poin dari Hakim Danish di posisi kedelapan.
Selain di Aragon, Veda Ega juga gagal meraih poin dalam tiga seri lainnya. Dia gagal finis di Moto3 Amerika Serikat, finis ke-16 di Moto3 Hungaria, dan gagal finis di Moto3 Belanda.
""Bukan hasil balapan yang saya inginkan di minggu ini. Memang sepanjang minggu ini saya merasa kesulitan dari sesi di hari Jumat, Sabtu, dan race,"" kata Veda Ega selepas balapan.
""Jalannya balapan saya mencoba untuk start bagus dan mencoba untuk secepatnya ke depan. Tapi saat saya mencoba ke depan, dengan rider lain sempat ada senggolan sedikit sampai akhirnya melakukan kesalahan.""
""Dalam balapan saya mencoba untuk push, push, push untuk mengejar grup di depan. Ya sulit, kesulitan dengan sirkuit Aragon dengan grip yang menurut saya cukup licin. Minggu yang harus saya lupakan, dan ya saya ambil pelajarannya. Saya dan tim akan mencari tahu di mana titik poin yang saya bisa improve lagi. Pada seri di Misano saya akan mencoba lebih baik lagi,"" kata Veda Ega menambahkan."
FINANCE,"Lippo Karawaci Rombak Komisaris & Tarik 20,7 Juta Saham Treasuri","PT Lippo Karawaci Tbk (LPKR) mengumumkan perubahan jajaran komisaris serta penurunan modal ditempatkan dan disetor melalui penarikan kembali saham treasuri. Ketetapan tersebut diambil berdasarkan hasil Rapat Umum Pemegang Saham Luar Biasa (RUPSLB) LPKR di di Hotel Aryaduta Menteng, Jakarta, Jumat (14/9) kemarin.
Dalam RUPSLB, pemegang saham menyepakati pengunduran diri Anand Kumar dari jabatannya sebagai Komisaris LPKR. Pengunduran diri Anand diketahui diterima perseroan pada 17 Juli 2026.
Agenda tersebut juga menetapkan kembali susunan Dewan Komisaris dan Direksi LPKR untuk masa jabatan sejak ditutupnya RUPSLB hingga penutupan Rapat Umum Pemegang Saham Tahunan (RUPST) 2028.
Selanjutnya, pemegang saham juga menyetujui penurunan modal ditempatkan dan disetor melalui penarikan kembali 20.700.600 saham treasuri. Saham tersebut berasal dari buyback yang dilakukan selama periode 2020-2023 dan belum dialihkan karena harga pasar belum memenuhi ketentuan pengalihan minimum.
Penarikan kembali dilakukan untuk menyelesaikan status saham treasuri sekaligus menata struktur permodalan LPKR. Adapun saham yang ditarik kembali memiliki nilai nominal Rp 100 per saham atau seluruhnya sebesar Rp 2.070.060.000.
Dengan keputusan tersebut, modal ditempatkan dan disetor Perseroan akan turun dari Rp 7.089.801.836.900 yang terbagi atas 70.898.018.369 saham menjadi Rp 7.087.731.776.900 yang terbagi atas 70.877.317.769 saham.
""Pertumbuhan bisnis yang berkelanjutan membutuhkan fondasi tata kelola yang kuat. Melalui keputusan RUPSLB ini, kami memastikan fungsi pengawasan dan pengelolaan Perseroan dapat terus berjalan efektif dalam mendukung strategi pertumbuhan LPKR. Kami akan terus menjalankan bisnis secara disiplin, menerapkan prinsip kehati-hatian, dan berorientasi pada penciptaan nilai jangka panjang,"" ujar Presiden Direktur LPKR, Indra Yuwana, dalam keterangan tertulisnya, Senin (14/8/2026).
Susunan Dewan Komisaris dan Direksi LPKR
Komisaris
Presiden Komisaris/Komisaris Independen: Prof. DR. IR. Ginandjar Kartasasmita
Komisaris Independen: Bambang Soesatyo, SE, MBA
Komisaris Independen: Theo L. Sambuaga
Komisaris: Kin Chan
Komisaris: George Raymond Zage III
Komisaris: Ketut Budi Wijaya
Direksi
Presiden Direktur: Indra Yuwana
Wakil Presiden Direktur: Agus Arismunandar
Direktur: Marshal Martinus Tissadharma
Direktur: Surya Tatang
Direktur: Dominique Dion Leswara
Direktur: David Iman Santosa
Direktur: Fendi Santoso"
FINANCE,"Kemplang Pajak Rugikan Negara Rp 3 M, Bos Konsultan Tambang Ditangkap","Kantor Wilayah Direktorat Jenderal Pajak (Kanwil DJP) Jakarta Pusat melalui Penyidik Pegawai Negeri Sipil (PPNS) Perpajakan menyerahkan Direktur Utama PT GR berinisial ADW beserta barang bukti kepada Kejaksaan Negeri Jakarta Pusat. Penyerahan tersebut dilakukan setelah berkas perkara penyidikan dinyatakan lengkap (P-21) oleh Kejaksaan Tinggi DKI Jakarta pada Rabu (9/9).
Penyerahan tersangka dan barang bukti tahap II tersebut dilakukan atas perkara tindak pidana di bidang perpajakan dengan tersangka berinisial ADW selaku Direktur Utama PT GR. PT GR merupakan badan usaha yang bergerak di bidang jasa konsultan pertambangan dan pengeboran eksplorasi yang terdaftar di KPP Pratama Jakarta Tanah Abang Tiga.
Tersangka ADW melalui PT GR diduga dengan sengaja tidak menyampaikan Surat Pemberitahuan (SPT) Masa Pajak Pertambahan Nilai (PPN) serta menyampaikan SPT Masa PPN yang isinya tidak benar atau tidak lengkap untuk Masa Pajak Februari 2023 sampai dengan Desember 2024.
Dalam kurun waktu tersebut, PT GR telah memungut PPN dari sejumlah perusahaan mitra/lawan transaksi atas penyerahan Jasa Kena Pajak dengan total nilai transaksi atau Dasar Pengenaan Pajak (DPP) mencapai Rp 38,42 miliar. Namun, PPN yang telah dipungut dari para pelanggan diduga tidak disetorkan ke kas negara, melainkan digunakan untuk operasional perusahaan, pembayaran kepada pemasok, dan pelunasan utang usaha.
""Berdasarkan hasil penyidikan dan perhitungan ahli, perbuatan Tersangka ADW mengakibatkan kerugian pada pendapatan negara sebesar Rp 3.324.509.216,00,"" tulis Kanwil DJP dalam keterangannya, Minggu (13/9/2026).
Pada perkara ini Penyidik Pegawai Negeri Sipil Kanwil DJP Jakarta Pusat telah menyita uang sebesar Rp 2.000.000.000. Nantinya uang sitaan tersebut dapat digunakan sebagai pemulihan kerugian pada pendapatan negara pada perkara aquo.
Atas perbuatannya, Tersangka ADW dijerat dengan Pasal 39 ayat (1) huruf c, d, dan i Undang- Undang Nomor 28 Tahun 2007 tentang Ketentuan Umum dan Tata Cara Perpajakan (UU KUP) sebagaimana telah diubah terakhir dengan UU No. 6 Tahun 2023 tentang Penetapan Perpu Cipta Kerja menjadi Undang-Undang jo. UU No. 1 Tahun 2026 tentang Penyesuaian Pidana. Tersangka terancam sanksi pidana penjara paling lama 6 (enam) tahun dan denda paling banyak 4 (empat) kali jumlah pajak terutang yang tidak atau kurang dibayar.
Keberhasilan penanganan perkara hingga tahap pelimpahan ini merupakan hasil kerja keras serta sinergi yang intensif antara PPNS Kanwil DJP Jakarta Pusat bersama Kejaksaan Tinggi DKI Jakarta dengan koordinasi dan pengawasan dari Korwas PPNS Polda Metro Jaya.
(acd/acd)"
SPORT,"WRT 32 di Lone Star Le Mans: Startnya Sudah Bagus, tapi...","Pupus sudah harapan Sean Gelael dan rekan-rekannya di Team WRT 32 meraih podium Lone Star Le Mans 2026. Kendala teknis bikin mereka gagal dapat poin.
Setelah meraih posisi start ketujuh di kualifikasi kelas LMGT3, Sean dkk.dalam kepercayaan diri tinggi menghadapi balapan di COTA, Senin (7/9) dini hari WIB. Bahkan posisi mereka naik satu strip karena penalti AF Cose 21.
Pada balapan yang berlangsung di trek basah, Darren Leung sebagai starting driver langsung melesat ke posisi keenam dari urutan keempat saat start.
Leung bahkan sempat naik ke P2, walau persaingan ketat membuat pebalap Inggris ini lalu tertahan di P4.
Setelah itu tiba-tiba Leung mundur teratur, dari P4 ke P6, P7, hingga mesti masuk pit karena problem teknis terdeteksi. Ternyata as-roda mobil BMW M4 GT3 yang dikendarainya bermasalah sehingga mesti diganti.
Penggantian membutuhkan waktu cukup lama, 25 menit, sebelum Sean mengambil alih balapan dari Leung. Akan tetapi Sean tidak bisa berbuat banyak karena Team WRT 32 sudah tertinggal 10 lap dari mobil terdepan kelas LMGT3.
Walau begitu, guna menuntaskan perjuangan, Sean, Leung, dan Augusto Farfus tetap berlaga hingga finis di P16. Bukan hasil yang diharapkan memang, tapi mereka sudah memberikan segalanya.
""Bukan hasil yang kami inginkan. Tapi, ya, balapan memang terkadang seperti ini,"" ujar Sean dalam rilis kepada detikSport.
Balapan Lone Start Le Mans atau 6 Hours of COTA penuh drama sejak awal. Safety Car (SC) dan Full Course Yellow (FCY) berulangkali mesti diberlakukan untuk menetralisir lomba.
Kelas LMGT3 jadi milik tim Heart of Racing Team #27. Sementara itu Ferrari akhirnya pecah telur di kelas Hypercar tahun ini lewat mobil nomor 50.
Putaran kelima FIA WEC 2026 digelar di Sirkuit Fuji, Jepang, 27 September."
SPORT,Menjaga Gaya Hidup Sehat Lewat Hyrox,"Hyrox tak dipungkiri lagi naik daun di dunia, terutama di Indonesia. Olahraga ini memang punya peran penting dalam menjaga stamina tubuh.
Hyrox adalah kompetisi kebugaran global yang mengombinasikan lari jarak jauh dengan latihan fungsional dalam satu rangkaian perlombaan yang intens.
Olahraga ini pertama kali diluncurkan di Jerman pada tahun 2017 dan dengan cepat berkembang menjadi fenomena internasional. Tujuan utama dari kompetisi ini adalah untuk menguji daya tahan (endurance) serta kekuatan (strength) peserta secara menyeluruh.
Berbeda dengan kompetisi atletik lainnya yang sering kali ditujukan hanya untuk profesional, Hyrox dirancang agar inklusif bagi semua tingkat kebugaran.
Peserta pemula hingga atlet elit dapat berkompetisi di bawah standar yang sama dengan waktu penyelesaian yang tercatat secara digital. Hal ini menjadikan Hyrox sebagai salah satu jenis kompetisi fitness race yang paling populer di dunia saat ini.
Itulah mengapa banyak pusat kebugaran di kota-kota besar di Indonesia memasukkan Hyrox sebagai salah satu ""jualan"" karena tingginya peminat. Apalagi saat ini sudah sering dilihat kompetisi hyrox dipertandingkan.
Tidak cuma dipertandingkan secara resmi, Hyrox juga kerap dijadikan sebagai gimmick dalam sebuah seremoni, salah satunya seperti di Hari Kemerdekaan ke-81 RI bulan lalu.
Synergy Worldwide Indonesia, perusahaan yang bergerak di bidang nutrisi dan wellness Synergy, berkolaborasi dengan South Barn menghadirkan sebuah kompetisi fitness yang memadukan semangat olahraga, kompetisi, dan tradisi perayaan 17 Agustus melalui acara ""17 Agustusan Throwdown""
Mengusung konsep kompetisi bergaya HYROX, 17 Agustusan Throwdown menghadirkan tantangan fisik yang menguji kekuatan, daya tahan, kecepatan, dan ketangguhan peserta. Namun, berbeda dari kompetisi fitness pada umumnya, acara ini juga membawa suasana khas perayaan kemerdekaan Indonesia melalui berbagai lomba 17 Agustusan, seperti lomba makan kerupuk, dan mengigit sendok dengan kelereng.
""Kami ingin menghadirkan sesuatu yang berbeda dalam menyambut Hari Kemerdekaan. Fitness dan olahraga memiliki nilai yang sangat dekat dengan semangat perjuangan, konsistensi, disiplin, keberanian untuk menghadapi tantangan, dan tidak mudah menyerah. Melalui 17 Agustusan Throwdown, kami ingin menggabungkan nilai-nilai tersebut dengan keceriaan dan kebersamaan yang menjadi ciri khas perayaan 17 Agustus di Indonesia, Produk-produk Synergy Indonesia juga hadir untuk mendukung performa para pecinta Olahraga & Fitness"" ujar Dina Yuliyanti selaku Senior Marketing Manager Synergy Worldwide Indonesia dalam keterangan kepada detikSport.
Kolaborasi bersama South Barn juga menjadi bagian dari upaya menghadirkan pengalaman olahraga yang lebih inklusif dan menyenangkan bagi komunitas.
Para peserta tidak hanya ditantang untuk menunjukkan kemampuan fisik mereka dalam arena kompetisi, tetapi juga diajak untuk menikmati suasana perayaan kemerdekaan bersama komunitas dan rekan-rekan sesama pecinta olahraga.
Konsep ""work hard, play hard"" menjadi salah satu semangat utama acara ini. Yang menggabungkan antara tantangan fisik dalam kompetisi dan permainan-permainan khas 17 Agustus yang menghadirkan suasana santai, penuh tawa, dan kompetisi yang bersahabat.
Kehadiran 17 Agustusan Throwdown sekaligus mencerminkan semakin berkembangnya budaya fitness dan olahraga fungsional di Indonesia. Kompetisi seperti Hyrox menggabungkan berbagai elemen latihan, mulai dari kekuatan, kardio, hingga functional movements, sehingga menuntut peserta untuk memiliki kemampuan fisik yang menyeluruh.
Melalui kegiatan ini, Synergy Worldwide Indonesia dan South Barn berharap semangat kemerdekaan tidak hanya dirayakan melalui seremonial, tetapi juga diwujudkan melalui gaya hidup aktif, sehat, sportif, dan penuh kebersamaan."
FINANCE,"Rupiah Menguat, Dolar AS Turun ke Rp 17.607 Pagi Ini","Rupiah mengalami penguatan terhadap dolar Amerika Serikat (AS) pagi ini. Dolar AS kini berada di level Rp 17.600-an.
Dilansir dari data perdagangan Bloomberg, Senin (14/9/2026), dolar AS melemah 4 poin atau sekitar 0,02%. Dolar AS terparkir di level Rp 17.607.
Pekan lalu, dolar AS sempat melemah di tengah pekan hingga sentuh level Rp 17.500-an.
Namun jelang akhir pekan mata uang negeri Paman Sam kembali menekan Rupiah ke level Rp 17.600.
Simak juga Video 'BI soal Dolar AS Tembus Rp 17.700: Beda dengan 1998':
(acd/acd)"
SPORT,Ketum KOI dan Menpora Mengukuhkan Tim Indonesia untuk Asian Games 2026,"Ketua Umum Komite Olimpiade Indonesia (KOI) Raja Sapta Oktohari dan Menpora Erick Thohir mengukuhkan Tim Indonesia untuk Asian Games Aichi-Nagoya 2026. Siap beraksi!
Pelaksanaan pengukuhan berlangsung di Wisma Serba Guna, Gelora Bung Karno (GBK), pada Rabu (9/9/2026). Indonesia akan mengirimkan 430 atlet, 145 ofisial dari 35 cabang olahraga.
""Dengan mengucapkan Bismillahirrahmanirrahim maka Tim Indonesia untuk Asian Games Aichi-Nagoya dikukuhkan,"" ucap Okto.
Dalam kesempatan tersebut, Menpora Erick Thohir yang turut hadir juga memberikan pesan dan harapannya kepada para atlet dari 35 cabang olahraga yang akan tampil di multievent terbesar se-Asia tersebut.
""Indonesia sudah banyak mengibarkan Merah Putih di manca negara. Kita mendapatkan 98 emas, ini karena para pendahulu kita, dan tentu sebagian yang ada di sini. Tepuk tangan untuk kalian semua,"" buka Erick.
""Namun, kita belum pantas berpuas diri. Kalau kita lihat negara tetangga, selama Asian Games mereka sudah mengumpulkan 141 emas. Kalau kita bicara besarnya negara Indonesia, kita yang terbesar di Asian Games, baik segi penduduk, politik, ekonomi, kita ada semua.""
""Karena itu saya menatang semua yang hadir termasuk saya bisa enggak kita mempersiapkan Asian Games ini dengan baik, bisa tidak mengibarkan Merah Putih sebanyak-banyaknya di Asian Games ini?"" ajaknya.
Menpora berusia 56 tahun itu kemudian menanyakan kepada atlet yang hadir. 'Siapa yang mau dapat medali emas?' tanyanya. Seraya kemudian atlet menunjuk tangan secara serempak.
""Buktikan, buktikan buat diri Anda yang sudah berjuang meninggalkan hidup keseharian, keluarga, letih, tangis, cedera, tinggal 10 hari lagi,"" tegas Erick.
""Yang belum merasa berpotensi medali tantang diri Anda. Anda bisa. Yang potensi perunggu tantang diri Anda untuk dapat perak. Yang potensi perak tantang diri Anda dapat emas.""
""Yang potensi emas, persaingan sangat ketat. Banyak negara yang sudah berinvestasi di olahraga. Itu kenapa kami Kemenpora berintropeksi diri. Kita ubah pola pikir kita.""
""Arahan Presiden RI Prabowo Subianto, olahraga adalah duta bangsa, dan mencerminkan kehidupan bangsa. Oleh karena itu Asian Games jadi pantau terdekat menuju olimpiade.""
""Tak lama lagi, tinggal dua tahun. Kita juga siapkan Pelatnas kesinambungan, ada indeks prestasi, dan kalau ada yang main-main dengan anggaran, saya yang bawa ke hukum. Jangan main-main dengan kita,"" tegasnya.
Erick pun berharap, seluruh atlet dapat menyatukan komitmen sebelum berjumpa Presiden RI Prabowo Subianto.
""Saya berharap dengan kita menyatukan komitmen sebelum ketemu Bapak Presiden, kita bulatkan tekad. Kita adalah negara yang terbesar di Asia Tenggara, kita patut rebut emas sebanyak-banyaknya. Kita bisa, kita bisa. Salam olahraga,"" ucap Erick.
Simak juga Video Bicara Kesiapan Atlet untuk Asian Games, Mensesneg: Persiapan Sangat Baik"
FINANCE,"BRI Hadir di Festival Kuliner Serpong, Beri Cashback Hingga Lelang Gadget","Berburu makanan favorit sambil menikmati suasana festival bisa menjadi agenda menarik untuk mengisi waktu bersama teman maupun keluarga. Apalagi jika pengalaman kulineran tersebut dibarengi dengan kesempatan mendapatkan berbagai promo dan benefit.
Kesempatan tersebut hadir di Festival Kuliner Serpong 2026 yang berlangsung di Parkir Timur, Summarecon Mall Serpong, pada 13 Agustus hingga 13 September 2026.
Dalam gelaran ini, BRI menghadirkan beragam program bagi pengunjung, mulai dari cashback transaksi QRIS BRImo, hadiah dari aktivitas transaksi BRImo, reward BRI Debit FC Barcelona dan BritAma Rencana, hingga kesempatan mendapatkan gadget melalui program lelang.
Berbagai program tersebut membuat pengalaman kulineran semakin menarik. Selain menjelajahi beragam pilihan makanan, pengunjung dapat memanfaatkan produk dan layanan BRI sekaligus menikmati benefit sesuai dengan syarat dan ketentuan masing-masing program.
Kulineran Makin Seru, Bayarnya Pakai QRIS BRImo
Datang ke festival kuliner biasanya berarti berpindah dari satu tenant ke tenant lainnya untuk mencoba berbagai makanan dan minuman. Untuk membuat transaksi lebih praktis, pengunjung Festival Kuliner Serpong 2026 dapat menggunakan QRIS BRImo sekaligus berkesempatan mendapatkan cashback.
Pengunjung bisa memperoleh cashback 10% hingga Rp5.000 untuk transaksi F&B menggunakan QRIS BRImo dengan minimum transaksi Rp50.000. Program ini tersedia dengan kuota 100 transaksi per hari dan tidak dapat digabungkan dengan promo lainnya yang ditentukan.
Tak hanya melalui pembayaran QRIS, semakin sering menggunakan BRImo juga membuka kesempatan mendapatkan hadiah lainnya.
Melalui program Aktivasi BRImo - Perbanyak Transaksi BRImo, pengunjung dapat mengumpulkan transaksi dari 3 fitur BRImo dengan total minimal Rp150.000, dengan minimum transaksi Rp50.000 pada masing-masing fitur.
Khusus transaksi QRIS, pembayaran wajib dilakukan di tenant F&B di sekitar venue event. Seluruh transaksi juga harus dilakukan pada tanggal yang sama dengan tanggal penukaran hadiah. Program berlaku 1 kali redeem per user dan tidak berlaku kelipatan.
Rencanakan Masa Depan, Dapatkan Cashback dengan BRI Tabungan Rencana
Festival Kuliner Serpong 2026 juga menjadi kesempatan bagi pengunjung untuk mulai mempersiapkan rencana keuangan sekaligus mendapatkan reward. Dengan membuka BRI Tabungan Rencana dan melakukan setoran rutin minimal Rp200.000 per bulan selama minimal 24 bulan, nasabah berkesempatan mendapatkan cashback saldo BRImo Rp50.000.
Reward diberikan satu kali untuk setiap nasabah dengan kuota terbatas untuk 50 nasabah selama periode event. Dengan demikian, pengunjung tidak hanya dapat menikmati festival, tetapi juga mulai membangun kebiasaan menabung secara rutin untuk berbagai kebutuhan dan rencana di masa depan.
Bring the Barça Spirit with You lewat BRI Debit FC Barcelona
Bagi pengunjung yang menyukai sepak bola, khususnya FC Barcelona, tersedia program BRI Debit FC Barcelona dengan berbagai benefit menarik. Nasabah yang melakukan setoran atau top up minimal Rp1.500.000 berkesempatan mendapatkan Kartu BRI Debit FC Barcelona sekaligus voucher belanja Rp50.000. Dana wajib di-hold selama tiga bulan dan berasal dari fresh fund, bukan dari rekening BRI lainnya.
Reward berlaku satu kali per rekening dan tidak berlaku kelipatan, dengan kuota tersedia untuk 200 nasabah selama periode event.
Pemegang BRI Debit FC Barcelona juga dapat menikmati berbagai benefit, di antaranya diskon 20% di Culers ID serta diskon hingga 40% di merchant Boga Group seperti Kintan, Shaburi & Kintan, Letasu, Paradise Dynasty, Putu Made, Yakiniku Like, Bakerzin, Ebiga, Kimukatsu, Pepper Lunch, dan Ten Ten, dengan maksimal diskon Rp350.000.
Nabung Sebanyak-Banyaknya dan Bawa Pulang Gadget Impian
Bagi pengunjung yang sedang mengincar gadget baru, BRI juga menghadirkan Program Lelang Gadget melalui pembukaan rekening BRI Tabungan Britama dan penempatan dana. Untuk mengikuti program, nasabah perlu membuka rekening BritAma dan melakukan setoran dana yang wajib di-hold selama 12 bulan. Dana yang ditempatkan harus merupakan fresh fund dan bukan berasal dari rekening BRI lainnya.
Pemenang ditentukan berdasarkan nilai setoran tabungan tertinggi, dengan dua gadget yang tersedia. iPhone Air 256 GB dapat diikuti dengan nilai setoran mulai dari Rp500 juta untuk satu pemenang, sedangkan iPhone 17 Pro 256 GB mulai dari Rp600 juta untuk satu pemenang. Dengan total dua gadget yang tersedia, program ini menjadi salah satu benefit menarik yang dapat dimanfaatkan selama Festival Kuliner Serpong 2026.
Nikmati Keseruan Festival Kuliner Serpong Bersama BRI
Seluruh rangkaian program berlangsung selama periode Festival Kuliner Serpong 2026, 13 Agustus hingga 13 September 2026 di Parkir Timur, Summarecon Mall Serpong.
Pengunjung dapat menikmati berbagai pilihan kuliner sekaligus memanfaatkan beragam program BRI, mulai dari cashback transaksi QRIS BRImo, hadiah dari aktivitas BRImo, cashback BritAma Rencana, benefit BRI Debit FC Barcelona, hingga kesempatan mendapatkan gadget melalui program lelang.
Yuk, nikmati Festival Kuliner Serpong 2026 dan manfaatkan berbagai program BRI untuk membuat pengalaman kulineran semakin seru dan penuh benefit. Informasi lebih lengkap mengenai program serta syarat dan ketentuannya dapat dilihat melalui microsite Festival Kuliner Serpong 2026 BRI di bbri.id/fks26."
FINANCE,Ini Cara Pemerintah Dorong Pembangunan Berkelanjutan di RI,"Menteri Perencanaan Pembangunan Nasional/Kepala Badan Perencanaan Pembangunan Nasional Rachmat Pambudy menyampaikan empat arahan terkait pembangunan berkelanjutan di Indonesia. Empat hal tersebut perlu didorong secara bersama oleh berbagai sektor.
Pertama, mempercepat dekarbonisasi industri dan memperkuat daya saing hilirisasi.
""Fokus pertama yaitu mempercepat dekarbonisasi industri dan memperkuat daya saing hilirisasi. Respons kita perlu mencakup penguatan pengukuran dan verifikasi jejak karbon, percepatan pemanfaatan energi terbarukan, diversifikasi pasar ekspor, serta perluasan akses pembiayaan hijau. Langkah ini perlu disertai efisiensi energi dan elektrifikasi proses produksi secara bertahap, sesuai karakteristik dan kesiapan industri,"" katanya dalam keterangan tertulis, Minggu (13/9/2026).
Kedua, mengembangkan ekonomi biru untuk memperkuat ketahanan pangan dan masyarakat pesisir. Ketiga menerapkan prinsip ekonomi biru, hijau dan sirkular dalam pariwisata. Keempat, memperluas pembiayaan dan kemitraan untuk membawa inovasi ke skala yang lebih besar.
""Sebagai Bridge Builder, Indonesia siap menghubungkan pembiayaan global dengan proyek hijau dan biru di dalam negeri,"" katanya.
Pihaknya pun mendorong Environmental and Social Innovation Awards (ENSIA) 2026 sebagai upaya mendukung pencapaian pembangunan berkelanjutan melalui inisiatif dan memperkuat inovasi lingkungan dan sosial yang relevan dengan kebutuhan pembangunan Indonesia.
Menurutnya, keberhasilan inovasi perlu tercermin melalui perbaikan kualitas lingkungan, penguatan usaha, serta peningkatan kemampuan masyarakat dalam menghadapi berbagai perubahan.
""Kualitas lingkungan dan ketahanan masyarakat harus menjadi bagian strategi pertumbuhan ekonomi. Kita perlu memastikan bahwa investasi dan kegiatan produksi menjaga sumber daya alam yang menopang pembangunan serta memberikan manfaat bagi masyarakat di sekitarnya,"" katanya.
Direktur Utama PT Sucofindo (Persero) Sandry Pasambuna yang mengatakan bahwa ENSIA merupakan bentuk komitmen perusahaan dalam mendorong budaya inovasi dan keberlanjutan di Indonesia.
""Sejak diselenggarakan pada tahun 2022, ENSIA menjadi ajang apresiasi bagi perusahaan dan local hero yang berhasil menghadirkan inovasi lingkungan dan sosial yang memberikan dampak nyata bagi masyarakat dan lingkungan. Sehingga, Fokus inovasi ENSIA 2026 diarahkan pada isu-isu strategis nasional, seperti ketahanan pangan, pengelolaan sampah, dan transisi energi bersih yang memiliki dampak langsung terhadap pembangunan masa depan Indonesia,"" terangnya.
Sandry Pasambuna melanjutkan bahwa ajang ENSIA 2026 menjadi wadah berinovasi dalam memberikan dampak bagi masyarakat sehingga membuka peluang ekonomi dan memperkuat ketahanan komunitas secara luas. ""Kami ingin mendorong dunia usaha untuk terus berinovasi yang berdampak positif pada kualitas lingkungan, sosial serta kemandirian sehingga menjadikan masyarakat yang lebih tangguh terhadap pembangunan nasional,"" tutur Sandry Pasambuna.
Ia berharap ke depan ENSIA terus berkembang sebagai platform inovasi keberlanjutan yang semakin inklusif dan berdampak bagi tidak hanya untuk lingkungan dan sosial namun juga meningkatkan pembangunan Indonesia yang semakin tangguh dan berkelanjutan.
""Kami ingin melihat semakin banyak perusahaan, komunitas, dan local hero yang terlibat serta menghadirkan inovasi yang mampu menjawab tantangan dan menjadi solusi bagi lingkungan dan sosial secara nyata,"" tutupnya.
(acd/acd)"
FINANCE,"Kuasai Pajak Jangan Setengah-Setengah, Ikut Pelatihan Brevet Pajak A & B di Sini","Banyak pelatihan pajak yang cuma berlangsung beberapa kali pertemuan, cukup buat kenal istilah dasar tapi belum benar-benar bikin percaya diri saat harus praktik langsung di lapangan.
Pelatihan singkat biasanya cocok buat yang sekadar mau pengenalan awal, tapi kurang cukup buat yang benar-benar mau kerja di bidang perpajakan.
Pelatihan Brevet Pajak AB + Sertifikasi CTT dan CCP Smart Class Batch 22 mengambil pendekatan berbeda dengan durasi yang jauh lebih panjang dan menyeluruh.
Program ini berlangsung sebanyak 22 kali pertemuan ditambah 4 kali ujian praktik dan 1 ujian teori, dimulai 21 September sampai 1 Desember 2026, tiap Senin dan Selasa, pukul 18.30-20.30 WIB, secara online melalui Zoom.
Dari Teori sampai Praktik Pelaporan SPT
Materinya mencakup Ketentuan Umum dan Tata Cara Perpajakan, PPh Potongan dan Pemungutan, PPh Orang Pribadi dan Badan, PPN dan PPnBM, Bea Meterai, Pajak Daerah, akuntansi perpajakan, tax planning, sampai pemeriksaan dan penyidikan pajak.
Peserta juga langsung praktik pengisian SPT Masa dan Tahunan pakai aplikasi Coretaxify, bukan cuma belajar teori di atas kertas.
Durasi panjang ini cocok buat staf administrasi keuangan, accounting dan finance officer, tax staff, sampai pelaku UMKM dan business owner yang mau benar-benar menguasai perpajakan, bukan sekadar tahu istilahnya.
Tertarik ikut kelas pajak? Daftarkan dirimu sekarang melalui detikevent!
(hns/hns)"
SPORT,Men's World Tennis Championship: Karan Singh Juara Seri IV,"Selesai sudah Seri IV M-15 Men's World Tennis Championship 2026. Petenis India Karan Singh berjaya di nomor tunggal putra.
Pada pertandingan final di Lapangan A, Bali Beach Country, Nusa Dua, Minggu (6/9/2026), Karan menghadapi perlawanan Isaac Becroft yang merupakan juara seri kedua Agustus lalu.
Menyajikan dua karakter permainan yang berbeda, pertarungan keduanya seru dan menarik. Karan dengan gayanya yang tenang melawan kelincahan Isaac asal Selandia Baru. Karan akhirnya bisa menang 7-5 di set pertama.
Memasuki set kedua, intensitas pertandingan tetap berlangsung dengan tempo tinggi karena Isaac berupaya membalas kekalahan di set pertama. Karan merespons dengan baik dan terjadi susul-menyusul angka sampai laga harus dituntaskan dengan babak tiebreak karena sama kuat 6-6
Dengan kesabaran serta kelincahan dalam menutup area lapangan dari serangan lawan, Karan memenangi babak ini dengan skor 7-6 tiebreak 3.
Karan senang bukan main bisa meraih gelar Seri IV. Apalagi gelar itu didapat setelah melewati duel 2 jam 5 menit kontra Isaac yang dinilai sebagai lawan yang tangguh.
""Merupakan sebuah kebanggaan dapat menjadi yang terbaik di ajang M-15 Bali. Apalagi lawan (Isaac Becroft) juga bermain sangat luar biasa. Gelar ini semakin menambah motivasi tampil di seri kelima,"" ujar Karan dalam rilis kepada detikSport.
Karan berhak atas hadiah uang USD 2.160 serta tambahan 15 poin ATP, sementara Isaac mendapat USD 1.272 serta trofi. Penyerahan hadiah dilakukan Heru Gunawan selaku Area Business Team Leader BNI Kanwil Denpasar, yang didampingi Ketua Pelti periode 2018-2022 Rildo Ananda Anwar.
TITF World Tennis Tour M-15 Amman Mineral Men's World Tennis Championship 2026 langsung lanjut ke Seri V, Senin (7/9). Ada 32 petenis di babak kualifikasi yang memperebutkan delapan slot ke babak utama."
FINANCE,Sistem Keselamatan Pelayaran Mesti Dievaluasi Total Usai Tragedi Kapal Virgo,"Tragedi KM Virgo Transport 8 yang terbalik dan tenggelam di perairan Laut Jawa menjadi alarm keras bagi keselamatan transportasi laut nasional. Pemerintah diminta melakukan evaluasi menyeluruh terhadap sistem keselamatan pelayaran.
Ketua Badan Perlindungan Konsumen Nasional (BPKN) Mufti Mubarok menyampaikan keprihatinan mendalam atas musibah yang terjadi saat kapal dalam perjalanan dari Surabaya menuju Banjarmasin, Minggu (13/9/2026).
""Kami menyampaikan duka cita yang mendalam kepada seluruh korban dan keluarga. Prioritas utama saat ini adalah menyelamatkan dan menemukan seluruh penumpang maupun awak kapal yang masih dalam pencarian,"" ujar Mufti dalam keterangan tertulis, Senin (14/9/2026).
Berdasarkan informasi yang disampaikan otoritas SAR, KM Virgo Transport 8 membawa sekitar 243 orang. Sebagian telah berhasil dievakuasi, namun terdapat korban meninggal dunia dan ratusan lainnya masih dalam proses pencarian.
Mufti menegaskan, dari perspektif perlindungan konsumen, tragedi tersebut tidak cukup dilihat sebagai kecelakaan biasa.
""Ini bukan semata-mata persoalan kapal tenggelam. Ada hak konsumen yang harus dilindungi, yaitu hak untuk mendapatkan transportasi yang aman. Masyarakat yang membeli tiket berhak memperoleh jaminan keselamatan sesuai standar yang ditetapkan negara,"" tegasnya.
Cuaca Buruk
BPKN menilai informasi mengenai kondisi cuaca buruk sebelum kapal mengalami keadaan darurat harus menjadi salah satu bagian penting dalam investigasi.
Mufti meminta otoritas pelayaran memastikan terdapat prosedur yang tegas ketika kondisi cuaca dinilai berisiko terhadap keselamatan kapal dan penumpang.
""Kalau kapal sudah menerima informasi mengenai cuaca buruk, harus ada keputusan yang terukur. Apakah tetap berlayar, menunda keberangkatan atau mengubah rute. Jangan sampai faktor operasional mengalahkan keselamatan manusia,"" tegas Mufti.
Menurut Mufti, keputusan untuk tetap memberangkatkan kapal dalam kondisi cuaca buruk harus dapat dipertanggungjawabkan berdasarkan standar keselamatan dan hasil analisis risiko. Baginya keselamatan penumpang tidak boleh dinegosiasikan.
Audit Kapal & Operator
BPKN mendorong pemerintah dan pihak berwenang melakukan pemeriksaan secara menyeluruh terhadap kapal, operator serta seluruh prosedur pelayarannya.
Audit, kata Mufti, harus mencakup kondisi dan kelayakan kapal, pemeliharaan, stabilitas kapal, kapasitas penumpang dan muatan, distribusi muatan, sistem manifes, kompetensi awak kapal, peralatan keselamatan hingga prosedur menghadapi cuaca ekstrem.
""Investigasi harus menjawab secara utuh. Jangan hanya mencari siapa yang salah, tetapi harus ditemukan di mana sistem keselamatannya gagal,"" tambah Mufti.
BPKN juga meminta hasil investigasi Komite Nasional Keselamatan Transportasi (KNKT) nantinya menjadi dasar perbaikan sistem keselamatan transportasi laut secara nasional.
""Kalau ditemukan kelemahan sistem, harus segera diperbaiki. Jangan sampai rekomendasi investigasi hanya menjadi dokumen yang selesai setelah pemberitaan mereda,"" tegas Mufti.
Informasi yang Jelas
Selain keselamatan, BPKN menyoroti kebutuhan keluarga korban terhadap informasi yang cepat, akurat dan terintegrasi. Mufti meminta seluruh pihak yang menangani kecelakaan menyediakan pusat informasi resmi mengenai identitas penumpang, korban selamat, korban meninggal maupun mereka yang masih dalam pencarian.
""Keluarga jangan dibiarkan menunggu dalam ketidakpastian. Mereka berhak mendapatkan informasi yang jelas mengenai kondisi anggota keluarganya,"" ujarnya.
Menurut Mufti, keterbukaan informasi dalam situasi darurat merupakan bagian penting dari pelayanan kepada konsumen dan keluarga korban.
BPKN juga meminta agar hak-hak penumpang dan keluarga korban diperhatikan sesuai ketentuan yang berlaku, termasuk apabila hasil investigasi menemukan adanya kelalaian atau pelanggaran standar keselamatan.
(acd/acd)"
SPORT,"Asian Games 2026: Banjir Landa Nagoya, Menpora Yakin Jepang Punya Plan B","Banjir besar melanda Nagoya, Jepang, menjelang Asian Games 2026. Kondisi tersebut menjadi perhatian Menteri Pemuda dan Olahraga (Menpora) Erick Thohir. Tapi ia yakin pemerintah Jepang sudah menyiapkan langkah antisipasi.
Asian Games 2026 akan digelar di Aichi-Nagoya pada 19 September hingga 4 Oktober mendatang. Banjir yang melanda Nagoya menyebabkan sejumlah aktivitas dan transportasi di kota tersebut terganggu. Meski demikian, kondisi venue Asian Games dilaporkan tetap aman dan penyelenggaraan masih berjalan sesuai rencana.
Erick mengatakan pihaknya telah mendapat penjelasan mengenai rencana pemerintah Jepang untuk menghadapi situasi tersebut.
""Alhamdulillah kemarin CdM, Ketua Komite Olimpiade Indonesia (KOI), kami, diundang oleh duta besar Jepang, serta dijelaskan plan A dan plan B dari pemerintah Jepang,"" kata Erick saat ditemui di Wisma Serba Guna, GBK, Rabu (9/9/2026).
""Saya yakin pemerintah Jepang adalah pemerintah yang sama seperti pemerintah Indonesia yang mawas dan peduli pada rakyatnya,"" ujarnya.
Erick juga menilai Jepang memiliki pengalaman dalam menggelar ajang olahraga internasional besar sehingga diyakini sudah memiliki persiapan menghadapi kondisi darurat.
""Dan tentu ketika ada event sebesar ini mereka punya pengalaman. Kita dukung lah. Yang penting tadi CdM, Ketua KOI, sudah sampaikan tadi untuk fokus (karena) tinggal 10 hari lagi. Jaga makan, kesehatan, yang lain-lain serahkan kepada ahlinya,"" tegasnya.
Erick turut meminta masyarakat Indonesia memberikan dukungan kepada tuan rumah Asian Games 2026.
""Saya kira kita harus dukung juga tuan rumah pemerintah Jepang. Pasti mereka ada kendala, kita harus dukung. Nanti apa keputusan panitia, CdM akan melobi dan beri pandangan seperti apa solusinya,"" kata Erick.
Erick menegaskan kontingen Indonesia saat ini perlu tetap fokus mempersiapkan diri menghadapi Asian Games. Keputusan terkait kondisi di lapangan nantinya diserahkan kepada pihak yang berwenang. Indonesia sendiri akan ambil bagian dalam Asian Games 2026 yang digelar di Aichi-Nagoya mulai 19 September mendatang.
Simak juga Video: Bicara Kesiapan Atlet untuk Asian Games, Mensesneg: Persiapan Sangat Baik"
SPORT,"Debut di Rok Cup Indonesia 2026, Barra Ghaisan Torehkan Catatan Positif","Barra Ghaisan Zeinatma menunjukkan perkembangan positif pada musim debutnya di ESHARK Rok Cup Indonesia 2026. Turun di kelas Mini Rok, Pembalap muda Indonesia ini mampu mengoleksi sejumlah podium setelah menjalani proses adaptasi sepanjang musim.
Pebalap berusia 13 tahun yang memperkuat Avenue Rising Star Racing Team itu baru tampil mulai Round 2 karena harus beradaptasi dengangokartbaru. Pada Seri 2, Barra finis di posisi ke-12, sebelum meningkat ke peringkat ke-10 pada Seri 3.
Performa Barra semakin menonjol pada Seri 4. Ia meraih posisi kelima kategori Mini Newbie dan peringkat ketiga Mini Rok Rising Star.
Memasuki Seri 5, Barra kembali naik podium dengan menjadi juara pertama kategori Mini Newbie dan runner-up Mini Rok B. Performa tersebut berlanjut pada Seri 6 yang berlangsung 5-6 September 2026. Ia meraih posisi kedua Mini Newbie, posisi kelima Mini Rok, dan posisi keempat Mini Rok Rising Star.
""Musim pertama ini menjadi proses belajar yang sangat penting bagi Barra. Setiap seri memberikan pengalaman dan tantangan baru,"" kata ayah Barra, Jeffri Ardiatma, kepada awak media.
Jeffri juga mengingatkan Barra untuk tetap memperhatikan pendidikan. Saat ini, Barra tercatat sebagai siswa kelas 7 SMP Labschool Cirendeu.
""Yang penting juga untuk Barra agar fokus dengan sekolahnya. Kami selalu berharap yang terbaik untuk Barra,"" lanjutnya.
Setelah menyelesaikan musim pertamanya di kelas Mini Rok, Barra diproyeksikan naik ke kelas Junior Rok pada ESHARK Rok Cup Indonesia 2027. Ia juga dijadwalkan mengikuti sejumlah seri Rok Cup Asia di Macau, Malaysia, dan Thailand."
SPORT,MotoGP 2026: Aprilia Kian Termotivasi Kalahkan Marc Marquez,"Rider Ducati, Marc Marquez, mendominasi MotoGP Aragon 2026. Aprilia pun makin termotivasi bisa mengalahkan Baby Alien dalam perburuan gelar juara dunia.
Marc Marquez memenangi sprint race dan main race MotoGP Aragon pada akhir pekan lalu. Oleh sebab itu, pebalap 33 tahun itu bisa menembus posisi kedua klasemen MotoGP.
Dengan raihan 237 poin, Marc Marquez kini tinggal berjarak 19 angka dari jagoan Aprilia, Jorge Martin. Raihan angka Marc Marquez melewati Marco Bezzecchi dan kini unggul lima poin.
Bos Aprilia, Massimo Rivola, mengakui bahwa Marc Marquez masih menjadi rider terkuat di MotoGP. Oleh karena itu, Aprilia makin bersemangat mengalahkan Marc Marquez pada sisa musim ini.
""Memang benar kami telah melakukan langkah-langkah yang tepat, terutama untuk masa depan, tetapi itu saja tidak cukup: kami ada di sini dan kami harus berjuang hingga balapan terakhir melawan pesaing seperti Marquez, yang merupakan salah satu pebalap terkuat dalam sejarah. Mendapat kehormatan untuk bisa mencoba mengalahkannya adalah hal yang luar biasa dan menjadi motivasi yang sangat besar. Kami tidak akan menyerah sampai akhir,"" kata Rivola di GP One.
""Ada banyak hal yang bisa dipelajari dari Marc. Ketika dia tampak kesulitan, dia bisa menang tanpa mengambil risiko, karena dia tahu bahwa konsistensi adalah hal terpenting dari sekarang hingga akhir tahun. Dan ketika saatnya membawa pulang kemenangan, karena dia tahu dia yang terkuat, dia akan melakukannya. Kami harus belajar dari sikapnya,"" kata dia menambahkan.
MotoGP 2026 akan lanjut lagi pada 13 September 2026. Balapan MotoGP San Marino yang akan digelar."
SPORT,"Video Menang di Aragon, Marquez Kini Cuma Ketinggalan 19 Poin dari Martin","Marc Marquez kembali tampil gila di MotoGP Aragon. Pembalap Ducati ini sukses ngunci kemenangan ketiga beruntun. Ini juga jadi kemenangan kedelapannya di MotorLand Aragon.
Nggak cuma Marc, Alex Marquez juga tampil oke dan finis keempat. Sementara Fermin Aldeguer berhasil finis keenam. Hasil ini bikin akhir pekan Ducati makin mantap."
SPORT,Tekad Alwi Farhan Lampaui Batas di Asian Games 2026,"Momen debut di Asian Games 2026 tak mau disia-siakan Alwi Farhan. Pebulutangkis tunggal putra Indonesia itu bertekad habis-habisan menguras kemampuan demi hasil terbaik di Aichi-Nagoya.
""Saya selalu nge-push diri saya to the limit setiap harinya,"" kata Alwi dalam keterangannya, Selasa (8/9/2026).
Bagi Alwi, Asian Games bukan turnamen biasa. Statusnya merupakan multievent terbesar se-Asia membuat atmosfernya terasa berbeda.
""Semuanya sakral bagi saya dan bagi semuanya, karena kami sangat amat berambisi untuk mencapai target,"" kata pebulutangkis 21 tahun itu.
Ia pun menyebut multievent ini sebagai panggung istimewa yang tidak semua orang bisa dapatkan.
""Di multievent ini tidak sembarang orang yang dipilih oleh Tuhan untuk bisa menjadi seorang juara. Selagi masih ada waktu, saya berdoa dan berusaha untuk bisa mendapatkan hasil terbaik,"" ucap Alwi.
Duduk di peringkat 11 dunia BWF, Alwi mengaku sudah mematangkan seluruh aspek persiapan menjelang debutnya.
""Alhamdulillah sejauh ini persiapannya cukup bagus. Persiapan dari segi mental, fisik, dan pikiran menjadi fokus utama menjelang kejuaraan pesta olahraga Asia itu,"" jelasnya.
Dia pun berharap bisa melampaui batas maksimal kemampuannya saat bertanding nanti.
Terlebih, PBSI mematok target emas di nomor beregu putra. Sementara untuk perorangan, Alwi memasang target pribadi yaitu medali.
""Di sektor ini semuanya bisa memberikan kejutan, baik yang di atas maupun di bawah. Jadi tidak menutup kemungkinan siapa pun bisa meraih gelar juara kalau dari dirinya sendiri memang siap dan matang dari segi mental,"" tuturnya.
""Mohon doa dan dukungannya,"" pungkas Alwi.
Asian Games 2026 akan berlangsung di Aichi-Nagoya pada 19 September hingga 4 Oktober. Bulutangkis Indonesia menurunkan 20 wakilnya dari putra dan putri.
Simak juga Video Alwi: Tak Pernah Terbayangkan Bisa Juara Indonesia Masters"
SPORT,"Setelah 9 Tahun Gelar Basket, Kini LJK 2026 Rambah Padel","Liga Jasa Keuangan (LJK) yang lebih dikenal dengan kompetisi basket kini mulai merambah ke padel. LJK untuk pertama kalinya menggelar padel mulai tahun ini.
Sebanyak 20 tim dari 20 institusi keuangan mengikuti rangkaian kompetisi yang dibuka oleh Wakil Ketua Dewan Komisioner Otoritas Jasa Keuangan (OJK) Hernawan Bekti Sasongko di Milo's Padel Kemang, Jakarta, Minggu (6/9/2026).
Opening ceremony menghadirkan parade tim, pertandingan eksibisi level eksekutif, serta pertandingan awal fase grup. Kegiatan turut dihadiri Deputi Gubernur Bank Indonesia Solikin M. Juhro dan jajaran pimpinan dari berbagai institusi peserta.
Peserta datang dari tiga kelompok utama; Sektor perbankan diwakili 13 institusi, sektor asuransi dan keuangan nonbank, dan kelompok regulator serta lembaga terkait. Setiap institusi menurunkan satu tim yang terdiri atas lima pemain putra dan lima pemain putri, serta didampingi maksimal tiga ofisial, dengan total sebanyak 200 pemain tercatat mengikuti turnamen.
""Masuknya padel sebagai cabang baru menunjukkan bahwa Liga Jasa Keuangan terus berkembang mengikuti minat insan jasa keuangan. Namun, yang paling penting bukan sekadar cabang olahraganya, melainkan semangat yang dibawa: berani bertanding, menjunjung sportivitas, dan membangun kekompakan,"" kata Ketua Pengurus LJK Insan Hasani.
Dalam setiap pertemuan beregu, tim bertanding pada tiga kategori: Men's Doubles, Women's Doubles, dan Mixed Doubles. Kompetisi dimulai dari fase kualifikasi dan grup, kemudian berlanjut ke perempat final, semifinal, perebutan tempat ketiga, dan final.
Format berjenjang tersebut membuat setiap hasil pada fase grup menentukan langkah tim menuju babak gugur. Penyelenggaraan juga didukung perangkat pertandingan profesional, pengaturan level pemain, sistem skor, dan publikasi kegiatan.
""Kami merancang kompetisi ini dalam format beregu agar setiap tim tampil sebagai satu kesatuan sehingga strategi, kedalaman skuad, dan konsistensi menjadi penentu. Harapannya, turnamen ini berlangsung kompetitif, fair, dan memberikan pengalaman pertandingan yang baik dan dapat dinikmati bagi seluruh peserta,"" ujar Ketua Pelaksana LJK Padel Greatman Rajab.
LJK pertama kali diselenggarakan pada 2017 sebagai wadah olahraga bagi regulator, pelaku industri, dan pemangku kepentingan sektor jasa keuangan. Memasuki penyelenggaraan ke delapan pada 2026, penambahan padel memperluas cabang yang dipertandingkan sekaligus merespons minat komunitas terhadap olahraga tersebut.
Mengusung tema ""Play Bold, Build Bonds"", LJK Padel 2026 memadukan persaingan yang sehat dengan sportivitas dan kekompakan tim. Penutupan pada 27 September 2026 akan menjadi momentum penyerahan penghargaan sekaligus apresiasi kepada seluruh tim yang mengikuti penyelenggaraan perdana cabang padel.
Lebih dari sekadar kompetisi, LJK Padel 2026 diharapkan menjadi medium yang efektif untuk memperkuat konektivitas dan kolaborasi antarinsan industri jasa keuangan. Di saat yang sama, sportivitas yang tumbuh dalam pertandingan-melalui disiplin, integritas, kerja sama tim, dan sikap saling menghormati-mencerminkan nilai-nilai yang juga dibutuhkan dalam membangun ekosistem jasa keuangan yang sehat, solid, dan berkelanjutan."
SPORT,"Menuju Asian Games 2026, Ketum KOI Tekankan Kolaborasi","Jelang Asian Games 2026, dukungan untuk 432 atlet Indonesia terus mengalir. Momentum ini jadi pengingat bahwa jalan menuju podium adalah hasil kolaborasi.
Hal itu ditegaskan Ketua Umum Komite Olimpiade Indonesia (NOC Indonesia), Raja Sapta Oktohari, yang menekankan pentingnya keberlanjutan dukungan bagi atlet.
""Perjalanan menuju podium tidak pernah dibangun dalam waktu singkat. Atlet membutuhkan dukungan yang konsisten, mulai dari proses persiapan hingga saat mereka bertanding membawa Merah Putih,"" ujar Okto dalam keterangan tertulisnya, Selasa (8/9/2026).
Bagi Okto, kolaborasi antara pemerintah, federasi, dunia usaha, dan masyarakat adalah kunci membangun ekosistem olahraga yang kuat.
""Ketika dunia usaha, federasi, pemerintah, masyarakat, dan seluruh pemangku kepentingan bergerak bersama, kita tidak hanya berbicara tentang medali, tetapi juga membangun ekosistem olahraga yang berkelanjutan. Kami berharap kolaborasi seperti ini terus tumbuh dan memberikan dampak positif bagi atlet serta olahraga Indonesia,"" tambahnya.
Ia lantas mengapresiasi semua pihak yang terus hadir mendampingi perjuangan atlet sejak Olimpiade Paris 2024, SEA Games 2025, hingga Asian Games nanti.
Hal senada disampaikan Direktur PT Tim Indonesia Emas, Richard Sam Bera. Ia menilai konsistensi dukungan menjadi bahan bakar penting bagi mental atlet.
Richard menyebut Asian Games Aichi-Nagoya 2026 sebagai panggung pembuktian dari proses panjang yang sudah dijalani.
""Para atlet sudah bekerja keras dalam persiapan mereka. Sekarang saatnya kita memberikan dukungan penuh agar mereka bisa bertanding dengan percaya diri dan membawa semangat Merah Putih,"" ujarnya.
Atlet panjat tebing Veddriq Leonardo berterima kasih atas dukungan masyarakat hingga pihak swasta yang diberikan kepadanya dan para atlet.
""Kami tentu sangat berterima kasih atas dukungan masyarakat Indonesia yang terus mendampingi perjalanan kami. Dukungan seperti ini menjadi motivasi tambahan bagi kami untuk memberikan yang terbaik. Mohon doa dan dukungannya agar kami bisa berjuang maksimal dan membawa hasil terbaik untuk Merah Putih di Asian Games,"" ucap peraih medali emas Olimpiade 2024 ini.
(mcy/aff)"
FINANCE,"Baru 1 Bulan Diawasi ETLE, Sudah Ada 72 Ribu Pelanggaran Truk ODOL!","Kementerian Perhubungan melakukan evaluasi uji coba Electronic Traffic Law Enforcement (ETLE) hub sebagai sistem pengawasan dan penegakan hukum terhadap truk Over Dimension Over Load (ODOL) selama 10 Agustus-10 September 2026.
Hasilnya, sebanyak 72.236 kendaraan terdeteksi melakukan pelanggaran angkutan barang di 28 Unit Pelaksana Penimbangan Kendaraan Bermotor (UPPKB) serta 11 ruas dan akses jalan tol yang telah terhubung dengan data Direktorat Lalu Lintas Jalan.
Direktur Jenderal Perhubungan Darat Kemenhub, Aan Suhanan, menyampaikan dari 72.236 deteksi tersebut, terdapat 46.034 nomor polisi atau Tanda Nomor Kendaraan Bermotor (TNKB) unik. Aan mengatakan jumlah deteksi tersebut lebih besar karena satu kendaraan dapat terekam lebih dari satu kali.
""Kemudian pola deteksi berulang menjadi salah satu temuan penting. Dari 46.034 TNKB unik ya atau nomor polisi, 11.657 TNKB atau sekitar 25,3% ini terdeteksi lebih dari satu kali. Artinya kendaraan tersebut ini bisa terdeteksi berulang melakukan pelanggaran. Kelompok ini menghasilkan 37.859 deteksi atau 52,4% dari seluruh aktivitas deteksi. Dengan kata lain, hanya sekitar seperempat dari kendaraan unik menghasilkan lebih dari separuh seluruh deteksi,"" ujar Aan dalam acara Evaluasi Penerapan ETLE HUB dalam Pengawasan Kendaraan Lebih Dimensi dan Lebih Muatan di Kantor Kemenhub, Jakarta, Senin (14/9/2026).
Dari sisi jenis pelanggaran, Aan mengatakan deteksi terbesar berkaitan dengan dokumen dan daya angkut, yakni sebanyak 28.750 deteksi atau 39,8%. Kemudian, pelanggaran yang hanya berkaitan dengan dokumen tercatat 26.535 deteksi atau 36,7%.
Sementara pelanggaran yang hanya berkaitan dengan daya angkut mencapai 16.914 deteksi atau 23,4%.
""Artinya administrasinya lengkap ya tidak melanggar tapi dia melanggar daya angkut, begitu juga sebaliknya. Yang hanya dokumen berarti daya angkutnya tidak melanggar tapi melanggar terhadap dokumennya,"" katanya.
Aan juga melaporkan bahwa dari jumlah itu, sebanyak 1.227 kasus telah terkonfirmasi setelah melalui proses verifikasi dan dikirimkan surat konfirmasi kepada pihak yang melanggar terkait jenis pelanggarannya. Namun Aan menjelaskan bahwa tagihan ini hanya untuk pelanggaran administratif saja, belum terhadap pelanggaran ODOL.
""Jadi yang 1.227 ini dan telah masuk pada tahap penagihan 467 ini terhadap pelanggaran dokumen ya. Dan 207 kasus ini telah menyelesaikan pembayaran denda tilang ya,"" terangnya.
Aan menjelaskan bahwa hasil satu bulan pertama ETLE Hub ini menjadi gambaran yang lebih baik mengenai pola kendaraan, badan usaha, lokasi, hingga tingkat keparahan pelanggaran untuk mendukung target Indonesia Bebas ODOL (Over Dimension Over Loading) 2027.
""Sehingga harapan kami di Januari 2027, ini kita sudah tidak bisa atau tidak menemukan lagi kendaraan-kendaraan yang over loading,"" katanya.
Sebelumnya, Kementerian Perhubungan (Kemenhub) resmi meluncurkan sistem Electronic Traffic Law Enforcement HUB (ETLE HUB) sebagai sistem pengawasan dan penegakan hukum terhadap truk Over Dimension Over Load (ODOL). Sistem ini pengawasan truk ODOL masih dalam tahap sosialisasi hingga akhir Desember 2026.
Menteri Perhubungan (Menhub) Dudy Purwagandhi mengatakan melalui sistem ini, pihaknya ke depan dapat mengawasi truk-truk yang melintas di jalan nasional dan mengenakan denda bagi mereka yang melanggar aturan terkait dimensi dan beban muatan yang boleh diangkut.
""Dengan mulai diberlakukannya ETLE HUB ini, harapan kita untuk mewujudkan Zero ODOL pada tahun 2027 dapat terwujud. Tentunya kami berharap dukungan dari semua pihak, dari semua stakeholder dalam menjalankan program ini,"" kata Dudy dalam konferensi pers di kantornya, Jakarta Pusat, Senin (10/8/2026).
Baru setelah itu, per 1 Januari 2027, Dudy menegaskan pihaknya akan memberikan sanksi tegas berupa surat tilang untuk kemudian dikenakan denda setelah dilakukan persidangan.
Untuk besaran denda yang dikenakan nantinya akan sangat bergantung pada hasil sidang di pengadilan. Namun, Dudy menjelaskan sejak penerbitan dan pemberian surat tilang, pemilik kendaraan sudah diwajibkan menyetorkan dana sebesar Rp 500 ribu sebagai dana titipan.
Dana tersebut kemudian akan digunakan sebagai pembayaran denda setelah besarannya ditetapkan dalam persidangan. Jika ternyata denda yang dikenakan lebih kecil daripada dana titipan, sisa uang akan dikembalikan.
(hrp/fdl)"
FINANCE,"Harga Emas Antam Loyo, Turun Sedalam Ini Sepekan","Harga emas masih lesu pada perdagangan pekan ini. Secara kumulatif selama seminggu penuh harga emas melemah sampai 1,25% atau Rp 33 ribu per gram.
Harga emas berada di level Rp 2.637.000 per gram pada awal pekan ini atau Senin 7 September 2026 dan menutup pekan dengan harga turun tajam ke level Rp 2.604.000 per gram pada Sabtu 12 September 2026.
Dilansir dari laman Logam Mulia Antam, Minggu (13/9/2026), harga emas terus turun tajam sejak Senin hingga ke level Rp 2.610.000 per gram di hari Rabu 9 September 2026.
Di hari Kamis 10 September 2026 sempat menguat tipis ke level Rp 2.625.000 per gram. Namun kembali melemah keesokan harinya di level Rp 2.600.000 per gram, capaian harga emas di hari Jumat 11 September 2026 menjadi titik terendah selama sepekan ini.
Di hari terakhir perdagangan, harga emas sedikit alami perbaikan. Menutup pekan, di hari Sabtu 12 September 2026 harga emas menguat tipis ke level Rp 2.604.000 per gram.
Harga buyback pun mengalami koreksi selama sepekan. Di awal pekan Rp 2.490.000 per gram, di akhir pekan turun dalam ke level Rp 2.454.000 per gram.
Harga buyback adalah jika Anda ingin menjual emas, maka Antam akan membelinya dengan harga tersebut. Sesuai Peraturan Menteri Keuangan (PMK) Nomor 34 Tahun 2017, pembelian emas batangan akan dikenakan PPh 22 sebesar 0,9%. Jika ingin mendapatkan potongan pajak lebih rendah sebesar 0,45%, harus menyertakan NPWP untuk transaksinya.
Berikut ini daftar pergerakan harga emas selama sepekan terakhir:
Senin 7 September 2026 Rp 2.637.000
Selasa 8 September 2026 Rp 2.627.000
Rabu 9 September 2026 Rp 2.610.000
Kamis 10 September 2026 Rp 2.625.000
Jumat 11 September 2026 Rp 2.600.000
Sabtu 12 September 2026 Rp 2.604.000"
FINANCE,Jangan Lupa Serbu Transmart Full Day Sale! Gebyar Diskon 50% + 20%,"Transmart Full Day Sale hadir hari ini, Minggu 13 September 2026. Transmart Full Day Sale datang dengan diskon melimpah hingga 50% + 20%, berlangsung sejak toko buka hingga berakhir jam 10 malam.
Diskon tambahan 20% diberikan kepada pelanggan apabila bertransaksi menggunakan kartu kredit Bank Mega, kartu kredit Bank Mega Syariah.
Sebagai contoh TV LED UHD Smart 43 inch. Harga normal mulai Rp 5.199.000, dan harga promo mulai Rp 4.999.000
Jika pembelian menggunakan kartu kredit Bank Mega atau Bank Mega Syariah maka pelanggan bisa mendapatkan produk tersebut dengan harga Rp 3.999.200/unit. Belanja Smart TV pun jadi hemat Rp 1.199.800/unit dari harga normal.
Lalu ada, SHARP Mesin Cuci Front Load. Harga normal produk ini mulai Rp 6.129.000/unit. Sementara harga promo Rp 1.095.800/unit
Jika pembelian menggunakan kartu kredit Bank Mega atau Bank Mega Syariah maka pelanggan bisa mendapatkan tambahan diskon. Harganya pun menjadi Rp 4.071.200/unit. Belanja mesin cuci pun jadi hemat Rp 2.057.800/unit dari harga normal.
Selanjutnya Polytron Kulkas Fridge SBS 480L. Harga normal produk ini 12.379.000/set. Sedangkan harga promo mulai dari Rp 10.449.000/set
Jika menggunakan kartu kredit Bank Mega atau Bank Mega Syariah, maka pelanggan setia akan mendapatkan kulkas tersebut dengan harga Rp 8.359.200/set. Belanja kulkas jumbo pun hemat Rp 4.019.800 dari harga normal.
Lalu, SHARP AC Split 1 PK. Harga normal produk ini mulai Rp 5.759.000/unit. Sedangkan harga promo mulai Rp 5.019.000/unit.
Jika menggunakan kartu kredit Bank Mega atau Bank Mega Syariah, maka pelanggan setia akan mendapatkan AC tersebut dengan harga Rp 4.015.200/set. Belanja AC pun jadi hemat Rp 1.743.800 dari harga normal.
Perlu dicatat, dalam pembelian produk elektronik ini syarat ketentuan berlaku serta tidak berlaku bagi pembelian partai besar, serta minimal transaksi Rp 300.000
Selain itu, sebelum datang ke Transmart Full Day Sale, baca dulu syarat dan ketentuannya:
Syarat dan Ketentuan Transmart Full Day Sale Minggu 13 September 2026
1. Diskon tambahan 20% hanya untuk menggunakan Kartu Kredit Bank Mega & Mega Syariah, dengan minimum pembelian Rp 300.000
2. Diskon tidak berlaku untuk kartu Mega Corporate, Mega Wholesale Card, Mega Groserindo, TVS & Trans Hello.
3. Diskon tambahan 20% hanya berlaku di tanggal 13 September 2026 2026 mulai buka toko - pukul 22.00 (waktu setempat) di seluruh toko Transmart.
4. Khusus untuk elektronik (TV, AC, Mesin Cuci, kulkas) maksimal pembelian masing-masing kategori 2 unit per kartu atau per akun
5. Tidak berlaku untuk IT, laptop, dan gadget, serta produk bertanda Tidak Berlaku Promo FDS.
Untuk yang belum punya Kartu Kredit Bank Mega, nggak perlu khawatir. Ada unit pembukaan instan yang tersedia di gerai Cibubur dan Central Park.
(hns/hns)"
FINANCE,Jaringan Pipa Minyak Arab Saudi 1.200 Km Ditutup Usai Dihantam Drone,"Arab Saudi menutup sementara jaringan pipa minyak East-West sepanjang 1.200 kilometer (km) setelah fasilitas tersebut diserang drone pada Jumat (11/9/2026). Penutupan ini menghentikan aliran ekspor minyak Saudi melalui jalur tersebut.
Mengutip Al Jazeera, Sabtu (12/9), drone dilaporkan diluncurkan dari arah Irak. Pemerintah tengah melakukan penyelidikan dan hingga kini belum ada kelompok yang mengaku bertanggung jawab atas serangan tersebut.
Rekaman video dari lokasi memperlihatkan kepulan asap dari salah satu bagian jaringan pipa. Peralatan yang digunakan untuk mengoperasikan jaringan pipa juga dilaporkan terkena serangan.
East-West Pipeline menjadi salah satu jalur penting bagi ekspor energi Arab Saudi. Keberadaan jalur tersebut semakin penting di tengah perang Amerika Serikat (AS)-Israel dengan Iran yang mengganggu lalulintas Selat Hormuz.
East-West Pipeline membentang dari ladang minyak Abqaiq di bagian timur Saudi hingga Pelabuhan Yanbu di Laut Merah di bagian barat. Jaringan pipa tersebut dilaporkan terkena serangan drone di wilayah Riyadh dan Madinah yang menyebabkan korban luka dan kerusakan.
Jaringan pipa itu dioperasikan oleh Saudi Aramco, perusahaan minyak yang mayoritas sahamnya dimiliki pemerintah Arab Saudi. Kementerian Energi Saudi menyatakan pipa ditutup sementara sebagai langkah pencegahan.
Dari Mana Serangan Berasal?
Kantor Perdana Menteri Irak Ali al-Zaidi menyatakan serangan berasal dari Provinsi Maysan di tenggara Irak. Meski demikian, belum ada kelompok yang mengaku bertanggung jawab atas serangan tersebut.
Pemerintah Arab Saudi maupun Irak juga belum secara terbuka mengidentifikasi kelompok yang diduga berada di balik serangan. Irak sendiri menjadi tempat beroperasinya sejumlah kelompok bersenjata yang didukung Iran.
Analis kebijakan keamanan dan pertahanan Wolfgang Pusztai menduga serangan terhadap jaringan pipa minyak Saudi kemungkinan dilakukan oleh salah satu kelompok tersebut.
""Saya yakin serangan ini kemungkinan besar merupakan perintah dari Teheran. Dari sudut pandang Teheran, ini merupakan bentuk dukungan terhadap tujuan perang Houthi di Yaman, yaitu agar Arab Saudi menarik diri dari Yaman,"" kata Pusztai.
Menurut Pusztai, kelompok-kelompok yang didukung Iran memperhitungkan bahwa semakin besar tekanan yang dirasakan Arab Saudi akibat serangan di wilayahnya, semakin besar pula kemungkinan Saudi menarik diri dari Yaman.
Kelompok Houthi yang berperang melawan pemerintah Yaman yang diakui secara internasional mendapat dukungan Iran. Di sisi lain, serangan itu dinilai semakin memperkuat dampak blokade Iran di Selat Hormuz karena Arab Saudi tidak lagi dapat mengandalkan jalur tersebut untuk menghindari Hormuz.
""Di sisi lain, hal ini tentu semakin memperkuat blokade Iran terhadap Selat Hormuz karena Teheran tidak lagi membiarkan Arab Saudi melewati Selat Hormuz melalui jalur alternatif. Ini memberikan sinyal kepada Arab Saudi, dan mungkin negara-negara Teluk lainnya, bahwa Iran tidak dapat dipercaya,"" ujar Pusztai.
(ily/hns)"
FINANCE,"BI Kembalikan Dana ke Perbankan Rp 440 T, Ini Alasannya","Bank Indonesia (BI) memberikan sejumlah insentif terhadap industri perbankan nasional melalui kewajiban Giro Wajib Minimum (GWM). Harusnya bank memperoleh tambahan insentif berupa kebijakan insentif Likuiditas Makroprudensial (KLM) hingga 6%.
GWM merupakan jumlah dana minimum yang wajib disimpan oleh bank umum dalam bentuk rekening giro di BI. Penurunan tingkat kewajiban ini dilakukan sebagai upaya mendorong pertumbuhan ekonomi dan menjaga likuiditas perbankan nasional.
""Untuk kebijakan likuiditas makroprodensial kita juga sudah mengeluarkan berbagai insentif pengurangan GWM bagi bank-bank bisa hingga 6% dari GWM-nya total perbankan. Jadi ini real-nya, walaupun GWM 9% tapi dia bisa 6%,"" ungkap Gubernur BI, Destry Damayanti,/ dalam rapat kerja gabungan Komite IV DPD RI di Kompleks Parlemen, Senayan, Jakarta, Senin (14/9/2026).
Melalui insentif ini, bank sentral akan mengembalikan GWM milik perbankan sekitar Rp 500 triliun. Dana ini diharapkan dapat menambah likuiditas dan mendorong penyaluran kredit perbankan.
""Jadi, artinya ada sekitar Rp 500 triliun yang uang akan kembali kepada bank, sehingga bank bisa menyalurkan kreditnya,"" jelasnya.
Hingga saat ini, BI telah mengembalikan GWM perbankan sekitar Rp 442 triliun. Dana tersebut dikembalikan bagi bank yang mengalokasikan kreditnya terhadap sektor strategis pemerintah, seperti pangan, perumahan, hingga UMKM.
""Saat ini bank itu sudah menerima sekitar Rp 440 triliun dana dari pengembalian GWM-nya karena bank memenuhi persyaratan,"" pungkasnya.
(ahi/ara)"
FINANCE,Sertifikasi Pajak untuk Fresh Graduate Ini Bisa Jadi Nilai Plus Cari Kerja,"Persaingan kerja fresh graduate makin ketat, apalagi buat posisi yang berhubungan dengan keuangan dan pajak. Ijazah saja sering belum cukup buat menonjol di antara ratusan pelamar lain yang punya latar belakang serupa.
Kenapa Sertifikasi Pajak Bisa Jadi Pembeda
Perusahaan biasanya lebih percaya sama kandidat yang sudah punya bukti kompetensi konkret, bukan cuma nilai di transkrip. Sertifikasi pajak untuk fresh graduate seperti Certified Tax Technician (CTT) bisa jadi bukti bahwa kamu memang sudah paham praktik perpajakan, bukan cuma teori dari bangku kuliah.
Pelatihan Brevet Pajak AB + Sertifikasi CTT dan CCP Smart Class Batch 22 dari Piranha Smart Center (PSC) bersama Education Visionary Lab (EVL) membekali peserta dengan materi lengkap, mulai dari KUP, PPh Orang Pribadi dan Badan, PPN, sampai tax planning.
Bukan Cuma Sertifikat, Ada Praktik Langsung Pakai Coretaxify
Kelas ini berlangsung secara online melalui Zoom, dimulai 21 September hingga 1 Desember 2026, tiap Senin dan Selasa, sebanyak 22 kali pertemuan, pukul 18.30-20.30 WIB. Peserta juga dilengkapi 4 kali ujian praktik dan 1 ujian teori sebelum resmi mendapat sertifikat.
Selain sertifikat Brevet AB, peserta yang lulus juga berhak atas gelar non akademik CTT dari Asosiasi Teknisi Perpajakan Indonesia (ATPI). Bekal ini relevan buat kamu yang baru lulus dan mau melamar posisi staf administrasi keuangan, tax staff, atau accounting officer.
Daftarkan dirimu sekarang juga melalui detikevent!
(hns/hns)"
FINANCE,Prabowo di KTT BRICS: Perdagangan dan Mata Uang Jangan Jadi Senjata!,"Presiden Prabowo Subianto memberikan pesan tegas soal fenomena menjadikan perdagangan dan sistem keuangan menjadi senjata baru bagi negara-negara besar. Perang kini bukan hanya lewat senjata tapi intervensi pada roda perekonomian.
Dia mewanti-wanti agar perdagangan dan mata uang jangan dijadikan sebagai senjata jenis baru untuk saling menjatuhkan. Pernyataan ini diserukan Prabowo dalam forum BRICS Summit India 2026.
""Perdagangan dan mata uang tidak boleh dijadikan senjata,"" tegas Prabowo dalam video pidato yang disiarkan Sekretariat Presiden, dikutip Minggu (13/9/2026).
Dirinya pun mengajak institusi-institusi keuangan global bisa menyediakan akses yang lebih baik terhadap sumber modal dan sumber daya bagi negara-negara berkembang untuk menjadi maju.
""Institusi keuangan internasional kita juga harus bertransformasi. Institusi-institusi tersebut harus lebih tanggap terhadap kebutuhan negara-negara berkembang,"" ujar Prabowo.
Lebih jauh menurutnya negara BRICS mampu mewakili hampir setengah populasi dan kekuatan ekonomi global. Kekuatan itu menurutnya dipupuk dari dalam negeri setiap negara yang tergabung.
""Kekuatan selalu bermula dari dalam negeri, dari rakyat kita, serta dari kemampuan kita untuk memenuhi kebutuhan pangan rakyat, menjamin pasokan energi yang mereka butuhkan, mendidik anak-anak kita, dan memberikan mereka kesempatan untuk hidup sejahtera,"" beber Prabowo.
""Demikianlah cara kita membangun bangsa yang tangguh dan benar-benar mandiri,"" tegasnya.
Terakhir dia menekankan negara-negara BRICS tidak ingin didikte dan diperalat oleh satu atau dua kekuatan besar. Semua pihak harus tangguh dsn benar-benar mandiri.
""Kita tidak ingin didikte oleh satu atau dua kekuatan mana pun. Kita harus tangguh agar kita benar-benar mandiri,"" pungkas Prabowo.
(acd/acd)"
SPORT,"Hasil China Masters 2026: Sabar/Reza Out, Wakil Indonesia Habis","Sabar Karyaman Gutama/Moh. Reza Pahlevi Isfahani tersingkir dari China Masters 2026 usai kalah dari Nur Mohd Azriyn Ayub/Tan Wee Kiong. Wakil Indonesia habis di ajang ini.
Sabar Karyaman Gutama/Moh Reza Pahlevi Isfahanimenghadapi Nur Mohd Azriyn Ayub/Tan Wee Kiong (Malaysia) di perempatfinal China Masters 2026. Pertandingan digelar di Court 1 Shenzen Arena, Jumat (4/9/2026) malam WIB.
Sabar/Reza mengawali gim pertama dengan kurang baik. Mereka tertinggal 1-5.
Unggulan keenam ini kemudian bisa mengejar hingga kedudukan sama kuat 6-6. Sabar/Reza bahkan berbalik memimpin dengan kedudukan 9-6.
Sabar/Reza unggul 11-8 saat interval. Situasi tapi kemudian berubah selepas interval.
Azriyn/Tan tampil agresif hingga bikin kembali sama kuat 11-11. Pasangan Malaysia mendapatkan momentum untuk menjauh. Sabar/Reza tertinggal 11-14 usai terus gagal mendulang angka.
Sabar/Reza berusaha bangkit dengan bisa menipiskan jarak angka dengan cuma tertinggal satu poin saat kedudukan 15-16.
Namun, setelahnya Azriyn/Tan bisa terus menjaga keunggulan. Sabar/Reza harus kalah 17-21 di gim pertama.
Sabar/Reza tak mengulangi kesalahan di awal gim pertama saat memulai gim kedua. Mereka bisa unggul 6-2.
Sabar/Reza tapi tak bisa menjaga keunggulan hingga Azriyn/Tan bikin skor sama kuat 6-6. Sabar/Reza berbalik tertinggal 6-10.
Namun, Sabar/Reza dengan baik bangkit dengan unggul 11-10 saat interval gim kedua. Sabar/Reza konsisten menjaga keunggulan setelah interval.
Sabar/Reza mengamankan gim kedua dengan skor 21-16. Laga harus ditentukan di gim ketiga.
Due berlangsung sengit di awal gim ketiga hingga skor 4-4. Sabar/Reza sempat unggul 9-6 tapi Azriyn/Tan mendulang tiga angka beruntun hingga skor kembali imbang 9-9.
Sabar/Reza unggul tipis 11-10 di interval gim ketiga. Selepas interval, Azriyn/Tan kembali bisa menyetarakan angka saat 12-12.
Laga terus ketat hingga 16-16. Sabar/Reza bisa mendapatkan dua angka untuk unggul 18-16. Pukulan terukur Tan di depan net dan pengembalian Sabar yang melebar bikin kedudukan kembali sama kuat saat 18-18.
Reza melakukan kesalahan serve di poin krusial hingga Azriyn/Tan mendapatkan match poin. Ganda Indonesia ini yang menyangkut di net bikin mereka kalah 19-21 di gim ketiga.
Sabar/Reza tersingkir dari China Masters 2026. Tersingkirnya Sabar/Reza bikin wakil Indonesia habis di ajang ini."
FINANCE,Pasokan BBM Terus Ditambah Imbas Antrean Mengular di SPBU,"PT Pertamina Patra Niaga menambah pasokan dan distribusi BBM ke sejumlah SPBU di Sulawesi Selatan untuk memenuhi peningkatan kebutuhan masyarakat. Langkah ini dilakukan sebagai respons terhadap kenaikan permintaan, khususnya terhadap BBM bersubsidi, di sejumlah wilayah.
VP Corporate Communication Pertamina Patra Niaga, Kitty Andhora, mengatakan peningkatan antrean di sejumlah SPBU terjadi seiring kenaikan permintaan yang cukup signifikan, terutama pada BBM subsidi, yang kemudian diperkuat oleh perubahan pola konsumsi dan pembelian masyarakat secara bersamaan.
""Pertamina terus meningkatkan pasokan BBM ke Terminal BBM untuk memperkuat suplai BBM ke Makassar agar ketersediaan dapat terjaga pada level yang aman,"" ujar Kitty dalam keterangan tertulis, Sabtu (12/9/2026).
""Untuk merespons peningkatan permintaan tersebut, kami meningkatkan penyaluran, mengoptimalkan operasional SPBU, serta memperkuat distribusi agar kebutuhan masyarakat tetap terpenuhi. Kami terus memantau kondisi di lapangan dan melakukan penyesuaian pasokan secara cepat sesuai kebutuhan,"" sambung dia.
Peningkatan kebutuhan BBM subsidi juga tercermin dari kebutuhan Solar JBT yang meningkat sekitar 10-15% pada periode Juni hingga Agustus 2026. Pertamina Patra Niaga terus mengantisipasi peningkatan kebutuhan tersebut melalui penyesuaian penyaluran dan penguatan distribusi sesuai kondisi di masing-masing wilayah.
Selain meningkatkan penyaluran, Pertamina Patra Niaga mengoptimalkan operasional mobil tangki selama 24 jam untuk mempercepat pengiriman dan pengisian stok BBM di SPBU, serta melakukan rekonfigurasi kapasitas pelayanan melalui penambahan nozzle Pertalite di sejumlah SPBU.
Pertamina Patra Niaga juga mengoperasikan 25 SPBU selama 24 jam di Makassar. Penguatan operasional ini dilakukan untuk menjaga kelancaran distribusi dan mempercepat pelayanan kepada masyarakat.
Pertamina Patra Niaga juga melakukan pemantauan secara intensif terhadap stok, penyaluran, dan kondisi operasional SPBU. Penyesuaian distribusi dilakukan secara berkala untuk memastikan pasokan BBM tersedia di titik-titik yang membutuhkan.
""Kami terus melakukan monitoring dan mengambil langkah yang diperlukan untuk menjaga kelancaran pasokan. Kami mengimbau masyarakat membeli BBM sesuai kebutuhan dan tidak melakukan pembelian secara berlebihan agar pelayanan dapat berjalan lancar dan merata,"" tutup Kitty.
(hns/hns)"
FINANCE,Transmart Full Day Sale! Tangga Multifungsi Diskon Gede-gedean,"Diskon bertajuk Transmart Full Day Sale hadir kembali seharian penuh menyapa pelanggan setia. Pesta diskon ini berlaku untuk berbagai produk kebutuhan rumah tangga.
Berbagai produk mendapatkan diskon 50% + 20% sejak toko buka hingga berakhir pukul 22.00 waktu setempat. Salah satu produk diskon adalah tangga multifungsi. Khusus hari ini, multifunction ladder 4x4, harganya ditawarkan Rp 1.399.900/unit. Padahal harga normal Rp 1.999.900/unit.
Apabila menggunakan kartu kredit Bank Mega atau Bank Mega Syariah, harganya jadi lebih murah Rp 1.199.920. Ini berarti pelanggan setia dapat hemat Rp 700 ribuan dari harga normal.
Selain produk tersebut, dalam periode promo ini Transmart juga menawarkan diskon menarik hingga 50+20% untuk produk-produk lainnya mulai dari sembako, produk rumah tangga, elektronik, kosmetik, hingga fesyen. Tentunya tambahan 20% bisa didapatkan dengan Kartu Kredit Bank Mega, Bank Mega Syariah.
Nah untuk yang belum punya Kartu Kredit Bank Mega, nggak perlu khawatir. Ada unit pembukaan instan yang tersedia di gerai Cibubur dan Central Park. Jadi tunggu apa lagi? Jangan lupa merapat ke Transmart terdekat dan nikmati beragam promonya.
(acd/acd)"
SPORT,Pemanasan Timnas Basket 3x3 di Taiwan Jelang Asian Games 2026,"Jelang Asian Games 2026, Timnas basket 3x3 putra terbang ke Taiwan untuk mengikuti FIBA 3x3 Challenger. Ajang ini penting untuk pembentukan mental!
Berlangsung di Kaohsiung, Taiwan, pada 5-6 September, Timnas basket 3x3 Indonesia berkekuatan empat pemain dari total delapan nama yang ikut latihan di persiapan tahap akhir.
Keempat nama itu adalah Almando Davin Nepa Bait, Halmaheranno Aprianto Lolaru Hady, Erick Ibrahim Junior, dan Daffa Dhoifullah.
Mereka berangkat ke Kaohsiung dengan membawa nama Tim Balige. Sementara dua pemain, yaitu Aymane Arip dan Richard Kornelius, akan menyusul dan bergabung untuk melakukan scrimmage dengan tim/klub lokal di Taiwan pada dua hari berikutnya, 7-8 September.
Di Kaohsiung, Tim Balige akan berjuang dari babak kualifikasi. Mereka tergabung di Grup B bersama Tim Shibuya asal Jepang dan Tim Phoenix dari Amerika Serikat.
Shibuya merupakan tim profesional yang diperkuat dua pemain Jepang dan rekrutan asal Latvia, Kristaps Gluditis dan Zigmars Raimo. Mereka pemain senior dengan usia 30 tahunan. Kemudian Phoenix dari USA diisi pemain matang dengan usia 29 dan 30 tahun.Untuk di Kualfikasi Grup B, hanya Balige yang diisi pemain muda dengan usia di bawah 23 tahun.
Wakil Ketua Program 3x3 Badan Tim Nasional (BTN) DPP Perbasi sekaligus General Manager Timnas 3x3 Putra Derry Primasta Octa menegaskan pengiriman pemain muda ini sesuai regulasi Asian Games 2026 yang membatasi usia maksimal 23 tahun untuk basket 3x3.
""Pengalaman merasakan atmosfer pertandingan di ajang internasional dibutuhkan oleh pemain kita dalam membentuk karakter permainan menuju Asian Games 2026,"" kata Derry dalam keterangannya.
""Tim Balige dengan kekuatan pemain usia lebih muda dikirim ke ajang ini dengan tujuan membentuk mental tanding dan mengambil pengalaman serta merasakan atmosfer pertandingan di level internasional.""
Derry juga menekankan, hasil akhir nomor dua. Yang utama adalah proses.
""Hasil akhir memang penting dalam pertandingan. Namun dalam proses pembentukan tim saat ini, melihat pemahaman pemain dalam menjalankan strategi permainan yang telah diberikan selama training camp nasional jauh lebih penting agar di Asian Games nanti bisa mendapatkan hasil maksimal,"" ujarnya.
Di Asian Games 2026, Timnas Basket 3x3 Putra tergabung di Pool C. Di sana, Indonesia akan bersaing melawan Qatar, Taiwan, dan Bahrain.
""Komposisi pemain saat ini adalah yang terbaik dari proses training camp yang sudah berjalan, dipimpin oleh Coach Donnda. Kami melihat banyak perubahan positif sejak FIBA Batam Challenger.""
""Mari kita dukung anak-anak muda berprestasi Indonesia, wakil kita di kancah global melalui 3x3 Basket. Ultimately, kami bersama mau memberikan yang terbaik untuk Asian Games 2026,"" tegas Derry.
(mcy/aff)"
SPORT,"Jorge Martin Susah Ngebut di MotoGP Aragon, Ini Masalahnya","Jorge Martin kesulitan melaju kencang di MotoGP Aragon 2026. Grip menjadi masalah utama yang membuat pebalap Aprilia Racing itu tak mampu bersaing untuk podium.
Pada seri sebelumnya Martin tampil impresif di MotoGP Silverstone dengan meraih finis 1-2. Tapi di Aragon dia hanya mampu finis kelima pada dua balapan yang digelar.
Hasil tersebut memang tidak bisa disebut buruk bagi Martin. Dia masih memimpin klasemen sementara dengan keunggulan 19 poin atas Marc Marquez dan 24 poin atas rekan setimnya di Aprilia Racing, Marco Bezzecchi.
Namun, Martin tak memiliki pace seperti di Silverstone. Jika sebelumnya dia mampu bersaing untuk kemenangan di kedua balapan MotoGP, di Aragon dia tidak punya kecepatan untuk memperebutkan podium, baik dalam balapan jarak pendek maupun balapan utama.
Dua kali finis kelima akhirnya menjadi hasil maksimal yang bisa diraih Martin. Dia pun tetap merasa puas dengan pencapaian tersebut.
""Itu sulit, tetapi tidak berbeda dari apa yang saya harapkan,"" kata Jorge Martin mengenai balapannya di Aragon seperti dilansir Crash.net.
""Saya mencoba untuk optimistis dan mungkin dengan start yang bagus saya bisa melakukan sesuatu yang berbeda, tetapi saya tidak bisa. Hari ini finis lima besar adalah hasil maksimal dan saya senang bisa mendapatkan hasil maksimal. Saya benar-benar ingin melangkah maju dan memikirkan Misano.""
Martin mengaku sudah mengetahui sejak Jumat bahwa dirinya sulit bersaing untuk podium di Aragon. Menurut Martin, masalah grip menjadi kendala utamanya sepanjang akhir pekan di Aragon.
""Setelah Silverstone tentu perasaan saya sedikit lebih baik, jadi saya berharap mungkin bisa bertarung untuk podium, tetapi sejak Jumat saya sudah melihat bahwa saya tidak bisa. Saya tahu finis lima besar saja akan sulit, jadi saya senang setidaknya hari ini saya lebih dekat ke podium dibandingkan kemarin,"" ucapnya.
""Grip secara keseluruhan menjadi batasan saya sepanjang akhir pekan. Saya sangat kesulitan dengan grip. Saya rasa menjelang [paruh] balapan atau di akhir balapan saya merasa sedikit lebih baik. Saya bisa sedikit mengejar Alex [Marquez].""
""Secara keseluruhan saya senang dengan itu, tetapi ini adalah pencapaian maksimal yang bisa saya lakukan. Hari ini, seperti yang saya katakan sebelumnya, finis lima besar adalah hasil maksimal dan saya mendapatkan poinnya. Saya lebih memilih itu [daripada] mengambil risiko dan terjatuh. Ini yang menurut saya perlu saya lakukan saat ini,"" tuturnya.
Situasi itulah yang kemudian membuat dirinya memilih untuk tidak memaksakan diri di MotoGP Aragon. ""Mungkin di balapan-balapan berikutnya saya harus mengambil lebih banyak risiko, tetapi tidak untuk balapan yang satu ini.""
(krs/cas)"
FINANCE,"PPPK Daerah Bakal Digaji Pemerintah Pusat, Purbaya Siapkan Rp 31 T","Pemerintah pusat berencana mengambil alih pembayaran gaji Pegawai Pemerintah dengan Perjanjian Kerja (PPPK) yang selama ini menjadi tanggungan pemerintah daerah (Pemda). Kebijakan tersebut akan dijalankan mulai tahun depan dan dilakukan secara bertahap.
Menteri Keuangan Purbaya Yudhi Sadewa mengatakan, salah satu program yang disiapkan adalah mengubah PPPK paruh waktu menjadi penuh waktu mulai Januari tahun depan. Nantinya, pembayaran gaji mereka akan ditanggung pemerintah pusat.
""Jadi ada program di tahun depan, awal Januari, semua PPPK paruh waktu akan menjadi penuh waktu dan dibayar oleh pemerintah pusat. Anggarannya sekitar Rp 31,1 triliun, mungkin juga lebih,"" kata Purbaya dalam rapat dengan Komite IV DPD RI, Senin (14/9/2026).
Purbaya juga menyiapkan skema bagi PPPK di lingkungan Pemda yang saat ini masih digaji menggunakan anggaran daerah. Mereka akan diberikan kesempatan menjadi pegawai negeri dengan pembayaran gaji dialihkan ke pemerintah pusat.
""Untuk pegawai pemerintah daerah yang PPPK yang dibayar daerah, nanti akan diberikan kesempatan menjadi pegawai negeri yang dibayar oleh pemerintah pusat secara bertahap selama 3 tahun ke depan,"" ujarnya.
Purbaya mengatakan pengalihan pembayaran tersebut akan mengurangi beban anggaran pemerintah daerah. Sebab, sebagian belanja pegawai yang selama ini harus ditanggung daerah nantinya beralih ke pemerintah pusat.
""Ini tapi jelas memperkuat atau akan mengurangi beban daerah juga,"" tutup Purbaya.
(acd/acd)"
FINANCE,Elnusa Petrofin Tambah Armada dan Personel untuk Distribusi BBM Makassar,"PT Elnusa Petrofin (EPN) telah menerjunkan lebih dari 500 Awak Mobil Tangki (AMT) serta menambah puluhan armada lintas daerah. Langkah tersebut dilakukan untuk mengantisipasi peningkatan kebutuhan Bahan Bakar Minyak (BBM) sekaligus menjadi bentuk koordinasi dan dukungan Elnusa Petrofin kepada PT Pertamina Patra Niaga.
Manager Corporate Communication & Relation PT Elnusa Petrofin, Putiarsa Bagus Wibowo, menyampaikan bahwa operasional perusahaan saat ini difokuskan pada penyaluran BBM dari fasilitas depot agar tiba di masyarakat dengan lebih cepat dan merata.
""Sebagai wujud nyata dukungan kepada Pertamina Patra Niaga, Elnusa Petrofin telah menyiagakan lebih dari 500 Awak Mobil Tangki di wilayah Makassar. Formasi ini mencakup 463 personel reguler yang kini diperkuat oleh puluhan personel perbantuan tambahan,"" ujar Putiarsa, dalam keterangan tertulis, Minggu (13/9/2026).
EPN juga mengoperasikan total 119 mobil tangki dengan berbagai kapasitas muatan. Jumlah tersebut mencakup 10 mobil tangki perbantuan dari Kendari, Kolaka, dan Donggala, serta 19 unit mobil tangki spot charter.
Menurut Putiarsa, tambahan armada tersebut dioperasikan untuk mempercepat waktu pengiriman BBM dari fasilitas depot menuju SPBU.
""Sementara dari sisi armada, total 119 Mobil Tangki dengan berbagai kapasitas muatan telah dioperasikan di jalur distribusi. Jumlah ini termasuk 10 Mobil Tangki perbantuan dari wilayah Kendari, Kolaka, dan Donggala, serta 19 unit mobil tangki spot charter yang secara khusus dioperasikan untuk memangkas waktu pengiriman (lead time) ke SPBU,"" sambung Putiarsa.
Optimalisasi penyaluran juga dilakukan dengan menambah sekitar 30 awak perbantuan dari berbagai wilayah operasional Elnusa Petrofin. Personel tersebut berasal dari sejumlah wilayah di Indonesia, mulai dari Sumatera dan Kalimantan hingga kawasan timur Indonesia seperti Bitung dan Jayapura.
Tambahan personel tersebut disiapkan untuk mendukung ritase distribusi yang berjalan selama 24 jam. Meski aktivitas distribusi meningkat, EPN tetap menempatkan aspek keselamatan kerja sebagai prioritas.
Menghadapi siklus logistik yang menuntut kewaspadaan, perusahaan memantau kondisi operasional para awak di lapangan. Ia menjelaskan bahwa kelancaran penyaluran diimbangi dengan pengaturan rotasi kerja yang terstruktur, yakni skema dua hari bertugas dan satu hari libur penuh.
Pola operasional dengan tambahan 25 personel tersebut diterapkan untuk menjaga stamina awak sekaligus mencegah risiko kelelahan (fatigue). Sebelum memulai rit pengantaran, seluruh awak juga wajib menjalani pemeriksaan kesehatan (fit to work) sebagai bagian dari standar operasional.
Operasional tersebut merupakan bagian dari bisnis utama Elnusa Petrofin dalam manajemen distribusi energi, mulai dari transportasi BBM dari depot hingga pengelolaan fasilitas SPBU. Bersama Pertamina Patra Niaga, Elnusa Petrofin terus mengoptimalkan armada di lapangan untuk memastikan penyaluran BBM di wilayah Makassar dan sekitarnya berjalan lancar.
Dengan langkah mitigasi logistik yang berjalan 24 jam nonstop ini, masyarakat diimbau untuk tetap tenang dan membeli BBM sesuai kebutuhan harian normal, karena ketersediaan pasokan di SPBU terus terjaga."
SPORT,Francesco Bagnaia di Titik Terendah,"Francesco Bagnaia akui sedang ada di titik terendah dalam kariernya. Banyak jatuh di MotoGP 2026 dan sulit bersaing di papan atas.
Teranyar, Francesco Bagnaia jatuh di MotoGP Aragon 2026. Di sesi sprint race, dirinya cuma finis ke-11.
Bagnaia sudah jatuh tiga kali dalam empat balapan di sesi utama. Bagnaia sementara duduk di peringkat kedelapan klasemen MotoGP 2026 dengan 143 poin, naik podium empat kali tapi belum menangi balapan utama.
""Sulit untuk menerimanya, sekarang salah satu titik terendah dalam karier saya,"" ujar Francesco Bagnaia dilansir dari Sky Italia.
""Saya bisa melihat dengan jelas dari data maupun apa yang saya rasakan, bahwa saya tidak benar-benar mengendalikan motor,"" sambungnya.
""Saya justru seperti hanya 'dibawa' oleh motor tersebut. Sebab, saat saya mencoba melakukan manuver lebih agresif, saya malah terjatuh. Bahkan saat melaju pelan pun, saya tetap saja terjatuh,"" cetusnya.
Francesco Bagnaia masih mau berjuang untuk menutup musim MotoGP 2026 dengan manis. Musim ini adalah musim terakhir dengan Ducati, musim depan pindah ke Aprilia.
""Untungnya datanya tersedia, saya juga memiliki kesadaran akan kemampuan saya sendiri. Saat saya melihat data-data dari rider Ducati lain, itu sebenarnya adalah hal-hal yang bisa saya lakukan dengan mudah beberapa tahun lalu,"" paparnya.
""Jadi jelas, kemampuan saya belum hilang. Saya hanya belum bisa tampil sesuai harapan,"" tutup Pecco.
Lihat juga Video: Crash Bagnaia-Ogura Warnai Kemenangan Fernandez di Silverstone"
FINANCE,Kondisi Stasiun Bogor dan Rangkasbitung Usai Jalani Penataan,"KAI Properti menjaga kualitas aset perkeretaapian melalui pengembangan fasilitas di Stasiun. Contohnya di Stasiun Bogor dan Rangkasbitung.
Di Stasiun Bogor, pengembangan ini berupa perpanjangan peron jalur 6, 7, dan 8 yang telah beroperasi sejak 18 Juni 2026.
Pengembangan kapasitas didorong oleh tingginya tingkat aktivitas perjalanan di stasiun tersebut. Berdasarkan data KAI, layanan Bogor Line melayani 105.704.913 pengguna sepanjang periode Januari-Agustus 2026, dengan rata-rata sekitar 435 ribu pengguna per hari.
""Stasiun merupakan bagian penting dari ekosistem transportasi yang memiliki peran besar dalam mendukung mobilitas masyarakat,"" ungkap Manager Corporate Communication KAI Properti, Bramantya Candrika, dalam keterangan tertulis, dikutip Sabtu (12/9/2026).
Perpanjangan peron dilakukan untuk mendukung operasional rangkaian KRL Commuter Line dengan formasi 12 kereta (SF12) yang memiliki kapasitas lebih besar.
Melalui pekerjaan ini, fasilitas peron dapat mengakomodasi operasional rangkaian KRL dan mendukung kelancaran naik turun pengguna di Stasiun Bogor.
Adapun rincian pekerjaan peron mencakup peron jalur 6 dan 7 yang diperpanjang dari 201 meter menjadi 251 meter, sementara peron jalur 8 yang diperpanjang dari 204 meter menjadi 252 meter. KAI Properti juga membangun struktur peron dan hall, pemasangan jalur rel, dan pekerjaan terkait Listrik Aliran Atas (LAA).
KAI Properti juga meningkatkan fasilitas pendukung di area Stasiun Bogor melalui pemasangan kanopi pada peron 4 dan 5. Pelaksanaan pekerjaan juga dilakukan bertahap dan bergantian untuk menjaga keselamatan dan kelancaran aktivitas pengguna dan perjalanan kereta api.
""Pelaksanaan pekerjaan di kawasan stasiun aktif membutuhkan perencanaan dan koordinasi yang baik. Pekerjaan dilakukan secara bertahap agar proses pengembangan fasilitas tetap berjalan dengan memperhatikan aspek keselamatan, kualitas pekerjaan, serta keberlangsungan pelayanan kepada pelanggan,"" tambah Bramantya.
Beautifikasi Bangunan Heritage Stasiun Rangkasbitung
KAI Properti juga melaksanakan beautifikasi bangunan heritage di Stasiun Rangkasbitung sebagai bagian dari pengembangan aset perkeretaapian terkait nilai sejarah, fungsi bangunan, serta kebutuhan mobilitas masyarakat.
Pekerjaan beautifikasi dimulai sejak Mei 2026 dengan melakukan penataan berbagai elemen bangunan, mulai dari struktur hingga arsitektur. Lingkup pekerjaan mencakup penataan elemen arsitektur bangunan heritage, perbaikan dinding, plafon, lantai, kusen, pintu, jendela, hingga elemen atap dengan tetap mempertahankan karakter bangunan.
Selain penataan elemen heritage, KAI Properti juga melakukan peningkatan fasilitas pendukung pada bangunan heritage Stasiun Rangkasbitung melalui pekerjaan instalasi elektrikal, plumbing dan sanitair, penataan pagar heritage, perbaikan saluran, pemasangan bio septic tank, serta penataan lanskap kawasan stasiun.
""Penataan Stasiun Rangkasbitung dirancang untuk menciptakan keseimbangan antara nilai sejarah dan fungsi pelayanan,"" jelas Bramantya.
Adapun saat ini, Stasiun Rangkasbitung aktif melayani perjalanan Commuter Line Rangkasbitung-Tanah Abang dan KA Lokal Merak. Sepanjang Januari-Juli 2026, Stasiun Rangkasbitung mencatat 8.307.042 pergerakan penumpang melalui layanan Commuter Line Rangkasbitung-Tanah Abang dan KA Lokal Merak.
""Melalui beautifikasi Stasiun Rangkasbitung, KAI Properti menghadirkan pendekatan penataan yang menjaga identitas heritage dan mendukung kebutuhan mobilitas masyarakat,"" jelasnya.
Selain penataan bangunan, KAI Properti juga melakukan pengembangan fasilitas pendukung berupa bangunan baru dua lantai untuk menyesuaikan kebutuhan ruang di area stasiun. Pekerjaan tersebut mencakup struktur bangunan, arsitektur, serta instalasi pendukung sesuai kebutuhan ruang.
""Kami ingin Stasiun Rangkasbitung tetap menjadi bagian dari perjalanan masyarakat dengan identitas sejarah yang kuat. Melalui penataan ini, aset heritage dapat terus memberikan nilai, fungsi, dan manfaat bagi masyarakat di masa kini maupun masa mendatang,"" tutup Bramantya.
(ahi/hns)"
SPORT,Marc Marquez: Sirkuit Mandalika yang Terburuk Buatku,"Rider Ducati Marc Marquez telah kembali dalam persaingan titel juara dunia MotoGP 2026. Marquez mengaku khawatir dengan balapan di Mandalika nanti.
Sukses menyapu seri Aragon membawa Marquez terus mendekati pemuncak klasemen MotoGP Jorge Martin. Dengan koleksi 237 poin, superstar balap motor Spanyol itu menghuni peringkat kedua dengan hanya tertinggal 19 poin saja. Marco Bezzecchi mengintai di posisi ketiga usai meraup 232 poin.
Di sisi lain, kejuaraan MotoGP 2026 memiliki sembilan seri yang tersisa atau total 18 balapan. Sedangkan MotoGP Indonesia, yang digelar di Sirkuit Mandalika menempati putaran ke-17 pada Oktober mendatang.
Marc Marquez belum mau memikirkan soal persaingan gelar dengan Jorge Martin dan Bezzecchi. Pebalap berusia 33 tahun itu ingin fokus melakoni balapan demi balapan, meskipun dia cukup waspada dengan balapan di Mandalika.
""Dari sejarah, Indonesia adalah yang terburuk [buatku], karena setiap tahun aku mendapatkan memori buruk dari sana,"" ceplos juara dunia MotoGP tujuh kali itu dilansir Crash.
""Namun, selain itu, aku merasa baik-baik saja dengan sirkuit-sirkuit yang lain. Jadi balapan demi balapan. Sekarang, mari memulihkan tenaga dari balapan ini dan fokus ke Misano,"" dia menambahkan.
Sejauh ini MotoGP Mandalika bak jadi ""kutukan"" bagi Marc Marquez. Mantan rider Honda dan Gresini itu tidak pernah bisa finis di masing-masing dari tiga edisi terakhir balapan MotoGP Mandalika. Bahkan pada edisi tahun lalu, Marquez bertabrakan dengan Marco Bezzecchi sehingga mengalami patah tulang selangka, cedera yang terus mengganggunya sampai sekarang."
SPORT,CdM Todotua: Kami Monitoring Terus Kondisi di Nagoya,"Chef de Mission (CdM) Indonesia Todotua Pasaribu terus memonitoring kondisi di Nagoya, Jepang jelang Asian Games 2026. Itu setelah adanya banjir besar yang menimpa kota tersebut.
Hal tersebut ditekankan Todo, sapaan karibnya, karena berkaitan dengan kontingen Indonesia yang akan tampil di Asian Games 2026.
Mengutip laman Straitstimes, ratusan atlet Asian Games di Jepang sempat dievakuasi dari tempat penginapan mereka akibat hujan lebat yang melanda kota tuan rumah Nagoya dengan kompetisi yang akan dimulai pada 10 September.
Air hujan juga merembes ke beberapa venue pertandingan, sementara prakiraan cuaca menunjukkan akan ada lebih banyak hujan dalam beberapa hari ke depan.
Sekitar 104 mm hujan turun dalam satu jam di Nagoya pada 8 September, yang mendorong pejabat pemerintah kota untuk mengeluarkan perintah evakuasi bagi beberapa wilayah di kota tersebut.
""Kami memonitoring terus sejak tadi malam. Memang kondisi pagi ini dari pemerintah Nagoya, ofisial dari pemerintah provinsi Nagoya sudah mengeluarkan warning untuk me-lock seluruh kegiatan yang ada di Nagoya,"" kata Todotua saat ditemui di Wisma Serba Guna, GBK, pada Rabu (9/9/2026).
Kondisi ini, kata Todo, tak hanya berdampak pada kontingen Indonesia, tapi semua yang hadir di Nagoya.
Diketahui, Timnas basket menjadi kontingen cabor pertama dari Indonesia yang terbang ke Nagoya. Mereka bertolak pada Senin (7/9) malam dari Surabaya, kemudian ke Singapura, dan tiba di Jepang pada Selasa (8/9).
""Jadi impact-nya bukan cuma kita tapi semua yang hadir di sana. Kami dengan tim manajer di sana memikirkan untuk mencari tempat latihan darurat,"" tuturnya.
""Tapi secara prinsip ini keputusan pemerintah setempat provinsi Nagoya memang lock semua, tak hanya sport tapi tempat pelayanan umum, sekolah juga,"" kata Todo.
Ia juga menegaskan pihaknya akan terus memonitor perkembangan bersama panitia.
""Seperti Pak Menpora sampaikan ini bukan hal dibuat-buat, kita tetap memonitor kondisi yang ada,"" pungkas Todotua.
Simak juga Video Bicara Kesiapan Atlet untuk Asian Games, Mensesneg: Persiapan Sangat Baik"
SPORT,Derrick Michael Wujudkan Mimpi Masa Kecil Tampil di Asian Games 2026,"Mata Derrick Michael Xzavierro berbinar saat berbicara soal Asian Games 2026. Dia akan mewujudkan mimpi masa kecilnya!
""Aku ingat terakhir kali menonton Asian Games itu saat digelar di Jakarta. Asian Games di Jakarta benar-benar seperti mimpi buat aku. Waktu itu aku masih SMA dan datang ke Gelora Bung Karno hanya untuk menonton. Suasananya benar-benar bagus, begitu juga dengan penontonnya,"" kata Derrick saat ditemui di Jakarta Selatan, Sabtu (6/9/2026).
Tak ayal, saat mimpi itu terwujud, Derrick mengaku benar-benar antusias. Apalagi klub tempat ia bernaung saat ini, Saga Ballooners, mengizinkannya memperkuat Indonesia.
""Aku antusias banget karena ini pertama kalinya aku tampil di Asian Games,"" ujarnya.
""Ini juga merupakan salah satu impianku sejak kecil untuk bisa bermain di Asian Games. Jadi, aku ingin membuat semuanya benar-benar berarti.""
Di Asian Games, Derrick dan kawan-kawan langsung menghadapi tantangan besar. Ia akan melawan tuan rumah di Aichi-Nagoya pada 10 September 2026. Alih-alih gentar, Derrick justru makin semangat.
Apalagi, Derrick sudah terbiasa dengan atmosfer basket Jepang. Kini ia akan merasakannya dengan jersey Merah Putih.
""Kami akan bermain melawan Jepang. Aku tahu arenanya akan sangat besar, salah satu arena terbesar di B.League. Jadi, aku sangat excited untuk bermain di sana,"" ujarnya.
Tak hanya itu, Derrick juga semakin bersemangat karena rekan-rekannya di Jepang juga bakal mendukungnya secara penuh saat di Asian Games nanti.
""Oh iya, semua teman-teman saya di Jepang, B.League dan tim saya, benar-benar mendukung saya. Kemarin saya juga sempat latihan sekitar sebulan di sana. Mereka bilang, 'Kami akan menonton pertandinganmu. Lakukan yang terbaik. Kami akan mendukungmu.'""
""Walaupun mereka berasal dari Jepang, mereka tetap mendukung saya sebagai salah satu pemain mereka. Jadi, saya sangat beruntung bisa berada di Saga juga. Mereka memberikan dukungan penuh kepada Indonesia,"" ujarnya.
Pebasket berusia 23 tahun ini pun membeberkan target pribadinya dalam debutnya di Asian Games 2026.
""Target pribadi pastinya menang sebanyak-banyaknya dan memberikan kontribusi sebagus-bagusnya untuk tim. Semoga kami bisa memenangkan setiap pertandingan. Setidaknya kami bisa lolos ke grup berikutnya,"" kata Derrick.
""Untuk masyarakat Indonesia, aku sangat membutuhkan dukungan, full support. Jangan setengah-setengah dalam memberikan dukungan,"" ucapnya.
(mcy/aff)"
SPORT,Seri Keempat M-15 Men's World Tennis Championship Dimulai,"Setelah sepekan libur, kejuaraan tenis internasional Men's World Tennis Championship 2026 kembali bergulir. Seri keempat langsung panas di babak kualifikasi.
Apabila sebelumnya berlabel Universal Tennis Rating Pro Tennis Tour atau UTR PTT. Maka untuk seri keempat ini kembali berkategori M-15 yang dilangsungkan selama sepekan, 31 Agustus-6 September di Bali Beach Country Club, Nusa Dua, dan berhadiah total 20 ribu dolar AS.
Untuk babak penyisihan seri keempat, ada 32 petenis dari 12 negara yang memperebutkan delapan ke babak utama. Pada pertandingan, (Minggu 30/8/2026), tuan rumah Indonesia berhasil meloloskan dua pemainnya ke final kualifikasi, yakni Gunawan Trismuwantara serta Ethan David Zapp.
Gunawan mengawalinya dengan menghentikan perlawanan wakil Australia Sebastian Huggins dua set langsung.
Sempat mendapat perlawanan di set pertama dan kehilangan tiga gim, Gunawan bisa menang 6-3. Sebastian Huggins kian tak berdaya meredam agresivitas Gunawan di set kedua sehingga menyerah 0-6 dalam waktu 56 menit.
Pada laga final kualifikasi, Gunawan bertemu Haruto Ishikawa yang mengalahkan Ashwin Ryan Sharma 6-2, 3-6 dan 10-8.
""Saya mau main bagus dan fokus di setia laga. Ini faktor utama yang membuat saya menang hari ini. Semoga bisa lebih baik di laga-laga berikutnya,"" ujar Gunawan dalam keterangan kepada media.
Langkah impresif Gunawan diikuti petenis muda Ethan David Zapp yang mengalahkan kompatriotnya, Dewana Gustaman, 6-2 dan 6-3.
Ethan yang baru berusia 17 tahun menantang unggulan kee,pat Ren Nakamura dari Jepang untuk memperebutkan tiket ke babak utama.
Kelolosan kedua petenis di atas ke babak final tidak bisa diikuti wakil Inndonesia lainnya, seperti Renaldi Aquila Salim, M. Ragil Putra, Kareem Abdul Hakim, dan Raphael Rio Suryana.
Kareem kalah 1-6 dan 4-6 dari Azuma Visaya, disusul Renaldo yang takluk 1-6 0-6 dari. Stefan Menichella. Raphael juga selesai kiprahnya usai ditaklukkan Matthew Shearer 3-6, 4-6 dan Ragil kalah 1-6 1-6 dari Thomas Patton."
SPORT,Agar MotoGP Indonesia 2026 Sukses di Dalam dan Luar Lintasan,"MotoGP Indonesia 2026 akan digelar awal Oktober. Persiapan pun sudah dilakukan sejak dini agar event bisa berjalan sukses di dalam maupun luar lintasan.
Untuk MotoGP 2026, balapan digelar 9-11 Oktober di di Sirkuit Mandalika, Lombok Tengah, NTB. Mengingat Mandalika adalah seri ke-17 dari 22 balapan musim ini, maka persaingan diprediksi makin ketat di sana.
Oleh karenanya, Indonesia sebagai tuan rumah tidak boleh main-main dalam mempersiapkan banyak hal, baik di dalam maupun luar lintasan. Untuk itulah InJourney Tourism Development Center (ITDC) sebagai panitia lokal akan melakukan kolaborasi pihak swasta dan BUMN.
Panitia akan mengatur sejumlah aspek krusial, mencakup akomodasi, transportasi, konektivitas, hingga logistik. Menurut ITDC, isu akomodasi dan transportasi yang selama ini disorot publik telah diantisipasi melalui skema terintegrasi yang disusun bersama para mitra seperti bank, travel agent, dan berbagai partner strategis lainnya.
Salah satunya, ITDC bersama Mandalika Grand Prix Association (MGPA) menyiapkan paket yang menghubungkan tiket balapan dengan komponen perjalanan.
""Kalau pertanyaan kita kesulitan akomodasi, kesulitan transportasi rasanya akan terjawab dengan yang ditandatangani pada sore hari ini,"" ujar Direktur Utama ITDC Troy Warokka dalam rilis kepada detikSport.
Skema tersebut meliputi akomodasi, transportasi udara dan laut, layanan airport hospitality, serta travel package. Kerjasama nantinya mencakup penanganan kargo yang dianggap sebagai elemen penting dalam operasional gelaran.
Aktivitas cargo handling akan mulai bergerak sekitar dua minggu sebelum MotoGP Indonesia 2026 untuk memastikan kebutuhan logistik berjalan baik, terutama motor dan perlengkapan tim balap MotoGP.
Bagi Troy, MotoGP bukan sekadar olahraga tapi juga bisnis. Itulah mengapa MotoGP sangat penting mendorong pariwisata dan perekonomian dengan meningkatkan kunjungan wisatawan, memperpanjang length of stay, serta mengungkit tourism spending.
Menurut Troy, penyelenggaraan MotoGP 2025 menghasilkan dampak ekonomi sebesar Rp 4,9 triliun. Efeknya tidak hanya dirasakan di Mandalika, tetapi juga menjalar ke sejumlah daerah lain di Indonesia.
Troy berharap pola kolaborasi yang dibangun untuk MotoGP Mandalika dapat berlanjut dalam jangka panjang. Troy menilai dukungan pemerintah, BUMN, sektor swasta, dan masyarakat menjadi faktor penting agar MotoGP terus digelar di Indonesia serta memberikan dampak ekonomi yang lebih besar.
""Dengan membangun ekosistem yang terintegrasi, kami ingin memastikan dampak MotoGP Indonesia tidak berhenti di sirkuit, tetapi mampu mendorong pergerakan wisatawan, memperpanjang lama tinggal, meningkatkan belanja wisatawan, serta memberikan manfaat yang lebih luas bagi industri pariwisata dan masyarakat di Lombok,"" sambungnya.
Bagi masyarakat yang ingin menyaksikan langsung balapan di Mandalika, Presale 2 masih berlangsung hingga 16 September, dengan potongan harga hingga 20% untuk kategori Grandstand dan 10% untuk kategori VIP Hospitality. Berikut harga tiket untuk menonton MotoGP Indonesia 2026:
- Regular Grandstand (Zona E, G, H, I): Rp 320.000
- Premium Grandstand Zona A: Rp 1.400.000
- Premium Grandstand Zona B, C, J, K: Rp 720.000
- VIP Hospitality - Deluxe Class: Rp 13.500.000
- VIP Hospitality - Luxury Tent T1: Rp 6.975.000"
FINANCE,Besok Serbu Transmart Full Day Sale! Pesta Diskon Meriah 50% + 20%,"Transmart Full Day Sale hadir besok, Minggu 13 September 2026. Transmart Full Day Sale datang dengan diskon melimpah hingga 50% + 20%, berlangsung sejak toko buka hingga berakhir jam 10 malam.
Diskon tambahan 20% diberikan kepada pelanggan apabila bertransaksi menggunakan kartu kredit Bank Mega, kartu kredit Bank Mega Syariah.
Sebagai contoh TV LED UHD Smart 43 inch. Harga normal mulai Rp 5.199.000, dan harga promo mulai Rp 4.999.000
Jika pembelian menggunakan kartu kredit Bank Mega atau Bank Mega Syariah maka pelanggan bisa mendapatkan produk tersebut dengan harga Rp 3.999.200/unit. Belanja Smart TV pun jadi hemat Rp 1.199.800/unit dari harga normal.
Lalu ada, SHARP Mesin Cuci Front Load. Harga normal produk ini mulai Rp 6.129.000/unit. Sementara harga promo Rp 1.095.800/unit
Jika pembelian menggunakan kartu kredit Bank Mega atau Bank Mega Syariah maka pelanggan bisa mendapatkan tambahan diskon. Harganya pun menjadi Rp 4.071.200/unit. Belanja mesin cuci pun jadi hemat Rp 2.057.800/unit dari harga normal.
Selanjutnya Polytron Kulkas Fridge SBS 480L. Harga normal produk ini 12.379.000/set. Sedangkan harga promo mulai dari Rp 10.449.000/set
Jika menggunakan kartu kredit Bank Mega atau Bank Mega Syariah, maka pelanggan setia akan mendapatkan kulkas tersebut dengan harga Rp 8.359.200/set. Belanja kulkas jumbo pun hemat Rp 4.019.800 dari harga normal.
Lalu, SHARP AC Split 1 PK. Harga normal produk ini mulai Rp 5.759.000/unit. Sedangkan harga promo mulai Rp 5.019.000/unit.
Jika menggunakan kartu kredit Bank Mega atau Bank Mega Syariah, maka pelanggan setia akan mendapatkan AC tersebut dengan harga Rp 4.015.200/set. Belanja AC pun jadi hemat Rp 1.743.800 dari harga normal.
Perlu dicatat, dalam pembelian produk elektronik ini syarat ketentuan berlaku serta tidak berlaku bagi pembelian partai besar, serta minimal transaksi Rp 300.000
Selain itu, sebelum datang ke Transmart Full Day Sale, baca dulu syarat dan ketentuannya:
Syarat dan Ketentuan Transmart Full Day Sale Minggu 13 September 2026
1. Diskon tambahan 20% hanya untuk menggunakan Kartu Kredit Bank Mega & Mega Syariah, dengan minimum pembelian Rp 300.000
2. Diskon tidak berlaku untuk kartu Mega Corporate, Mega Wholesale Card, Mega Groserindo, TVS & Trans Hello.
3. Diskon tambahan 20% hanya berlaku di tanggal 13 September 2026 2026 mulai buka toko - pukul 22.00 (waktu setempat) di seluruh toko Transmart.
4. Khusus untuk elektronik (TV, AC, Mesin Cuci, kulkas) maksimal pembelian masing-masing kategori 2 unit per kartu atau per akun
5. Tidak berlaku untuk IT, laptop, dan gadget, serta produk bertanda Tidak Berlaku Promo FDS.
Untuk yang belum punya Kartu Kredit Bank Mega, nggak perlu khawatir. Ada unit pembukaan instan yang tersedia di gerai Cibubur dan Central Park.
(hns/hns)"
FINANCE,"MGLV Bidik Dana Rp 2,54 Triliun Lewat Rights Issue, Siapkan Proyek Data Center","Market Overview
Perdagangan saham di Bursa Efek Indonesia (BEI) pada Jumat (11/9/2026) berakhir dengan pelemahan. IHSG turun 0,73% ke posisi 6.541,38.
Beberapa saham masih mencatatkan penguatan. SRAJ menjadi saham dengan kenaikan terbesar, yakni 20,00%, disusul CASA yang naik 10,83% dan AMMN sebesar 1,04%. Sebaliknya, BYAN terkoreksi 5,73%, BBCA turun 1,56%, dan BBRI melemah 1,51%.
Tekanan juga terlihat dari transaksi investor asing. Di pasar reguler, investor asing mencatatkan net sell Rp732,81 miliar. Jika dihitung di seluruh pasar, posisi net sell tercatat Rp690,19 miliar.
Dari 11 sektor saham, sebanyak 10 sektor berakhir melemah. Consumer Non-Cyclicals menjadi sektor dengan penurunan paling dalam, yakni 1,25%. Sementara itu, Healthcare menjadi sektor dengan kenaikan tertinggi setelah tumbuh 3,91%.
Bursa saham Amerika Serikat justru bergerak positif pada perdagangan terakhir. Dow Jones naik 0,98% ke level 52.573, S&P 500 bertambah 0,86% ke 7.656, sedangkan Nasdaq menguat 0,96% ke level 26.333.
Di pasar offshore, ETF EIDO dan MSCI Indonesia masing-masing tercatat turun 2,13% dan 1,29%. Dalam perkembangan indeks ETF emas global, AMMN belum masuk ke GDXJ dan EMAS belum masuk GDX. AMMN, BRMS, serta sejumlah emiten emas Indonesia lainnya juga tidak mengalami perubahan komposisi pada indeks terbaru. Kondisi tersebut membuat tambahan katalis dari rebalancing ETF emas global masih terbatas.
Sementara itu, pada perdagangan offshore, ETF EIDO dan MSCI Indonesia masing-masing mengalami koreksi 0,78% dan 1,09%.
Berita Emiten
PT Timah Tbk (TINS)
TINS tengah memperluas pasar ekspor untuk produk timahnya. India menjadi salah satu pasar yang terus dikembangkan, dengan kontribusi terhadap penjualan TINS yang meningkat dari sekitar 5% menjadi 12%.
Selain India, perseroan juga menyasar pasar Vietnam, Filipina, dan Inggris. TINS bahkan menyiapkan ekspansi ke kawasan Timur Tengah yang ditargetkan mulai dilakukan pada 2027.
Untuk mendukung peningkatan produksi, TINS menambah empat kapal produksi sekaligus memperkuat pengamanan Izin Usaha Pertambangan (IUP). Langkah ini dilakukan untuk mengejar target produksi 30.000 ton timah dan penjualan 29.000 ton sepanjang 2026.
Perseroan juga mengajukan revisi RKAP 2026 dengan target keuangan yang lebih tinggi dibandingkan target sebelumnya. Memasuki 2027, fokus TINS akan diarahkan pada pencarian cadangan baru melalui eksplorasi, pengembangan timah primer, serta logam tanah jarang.
PT Radiant Utama Interinsco Tbk (RUIS)
RUIS mulai memperbesar porsi bisnis di luar sektor minyak dan gas (migas). Salah satu yang menjadi perhatian perseroan adalah pengembangan bisnis geothermal dan energi baru terbarukan (EBT).
Saat ini, geothermal dan EBT menyumbang sekitar 5% dari portofolio RUIS. Kontribusi tersebut ditargetkan meningkat menjadi 7–8% pada 2027.
Diversifikasi RUIS tidak hanya menyasar energi. Perseroan juga mengembangkan portofolio di bidang petrokimia, power & electricity, hingga industri pendukung lainnya. Salah satu proyek yang digarap adalah solar PV dengan total kapasitas instalasi mencapai 13 MW hingga 2026.
Dari sisi perolehan kontrak, RUIS membukukan 305 proyek baru sepanjang semester I 2026. Nilai proyek tersebut mencapai sekitar Rp1,28 triliun. Sementara itu, nilai kontrak aktif perseroan kini telah menembus lebih dari Rp5 triliun.
PT Nexai Digital Infrastruktur Tbk (MGLV)
MGLV menyiapkan aksi rights issue atau PMHMETD I dengan rasio 100:15. Dalam aksi tersebut, perseroan akan menerbitkan maksimal 285,73 juta saham baru.
Jumlah saham baru tersebut setara dengan 13,04% dari modal ditempatkan dan disetor penuh setelah pelaksanaan PMHMETD I. Harga pelaksanaan ditetapkan Rp8.880 per saham.
Dengan harga tersebut, MGLV berpotensi memperoleh dana hingga Rp2,54 triliun. Dana tersebut akan digunakan untuk mendukung sejumlah kebutuhan pengembangan infrastruktur data center.
Sebesar Rp1 triliun akan ditempatkan sebagai setoran modal kepada PT Nextier GenAi Center. Dana tersebut akan digunakan untuk pembangunan fasilitas data center di Kawasan Industri Terpadu Batang.
Kemudian, Rp600 miliar akan diberikan kepada PT Nextier Askara Center untuk pengembangan fasilitas data center di Jababeka, Cikarang. MGLV juga mengalokasikan Rp668,61 miliar untuk mengambil alih piutang PT Nextier Datamate Center (NDC) kepada kedua entitas anak tersebut.
Sisa dana dari rights issue akan digunakan untuk kebutuhan modal kerja perseroan.
Dalam aksi ini, pemegang saham utama NDC yang memiliki 65,10% saham telah menyatakan komitmennya untuk mengambil seluruh HMETD yang menjadi haknya. Jumlahnya mencapai 186 juta HMETD dengan nilai sekitar Rp1,65 triliun.
Di sisi lain, pemegang saham lama yang tidak menggunakan haknya dalam rights issue tersebut dapat mengalami dilusi maksimal 13,04%.
Untuk jadwalnya, perdagangan sekaligus pelaksanaan HMETD akan berlangsung pada 5–18 November 2026. Cum-right di pasar reguler dan negosiasi dijadwalkan pada 30 Oktober, sedangkan recording date ditetapkan pada 3 November 2026.
Rekomendasi Saham Hari Ini
BRMS - Buy 660-670 | TP 685-700 | SL 625
ANTM - Buy 3240-3260 | TP 3300-3360 | SL 3070
KIJA - Buy 193-196 | TP 200-204 | SL 183
ELIT - Buy 284-288 | TP 294-304 | SL 272
IRSX - Buy 410-414 | TP 418-428 | SL 388
Disclaimer: Ingat, bahwa segala analisis dan rekomendasi saham dalam artikel ini bersifat informatif sekaligus bukan merupakan ajakan untuk membeli atau menjual saham tertentu.
(ang/ang)"
FINANCE,"Pakai Ganjil-Genap, Pertamina Sebut Antrean di SPBU Makassar Mulai Landai","PT Pertamina Patra Niaga menyatakan antrean kendaraan di sejumlah SPBU di Kota Makassar secara bertahap mulai melandai. Hal ini terjadi usai Pertamina melakukan upaya optimalisasi pasokan dan pelayanan BBM bersama Pemerintah Provinsi Sulawesi Selatan.
Salah satu bentuk kolaborasi bersama Pemerintah Provinsi Sulawesi Selatan adalah pemberlakuan sistem ganjil-genap untuk pengisian BBM di SPBU. Pengaturan tersebut dilakukan untuk membantu mengatur antrean kendaraan dan mendukung kelancaran pelayanan masyarakat di lapangan.
""Antrean di sejumlah SPBU di Makassar saat ini secara bertahap mulai melandai. Kami terus melakukan berbagai langkah untuk memperkuat pasokan dan pelayanan, serta berkolaborasi dengan Pemerintah Provinsi Sulawesi Selatan untuk mendukung kelancaran pelayanan BBM kepada masyarakat,"" ujar Kitty Andhora, VP Corporate Communication Pertamina Patra Niaga, dalam keterangannya, Minggu (13/9/2026).
Di sisi operasional, Pertamina Patra Niaga terus memperkuat pasokan melalui distribusi mobil tangki yang beroperasi selama 24 jam. Selain itu, sebanyak 25 SPBU di Makassar dioperasikan selama 24 jam untuk memberikan akses pelayanan yang lebih luas kepada masyarakat.
Optimalisasi pelayanan juga dilakukan melalui penambahan nozzle BBM subsidi dan operator di sejumlah SPBU. Pertamina Patra Niaga turut menambah titik distribusi melalui pengoperasian 3 unit SPBU Modular guna mendukung pemenuhan kebutuhan BBM masyarakat.
""Berbagai langkah ini kami lakukan untuk memastikan pasokan dan pelayanan terus berjalan secara optimal. Kami juga terus memantau kondisi di lapangan dan melakukan penyesuaian sesuai kebutuhan, sehingga masyarakat dapat memperoleh BBM dengan lebih lancar,"" lanjut Kitty.
Pertamina Patra Niaga memahami BBM merupakan kebutuhan penting masyarakat untuk menunjang mobilitas dan aktivitas sehari-hari. Oleh karena itu, optimalisasi pasokan, distribusi, dan pelayanan terus dilakukan secara berkelanjutan sesuai dengan kondisi di lapangan.
Pihaknya juga mengapresiasi dukungan Pemerintah Provinsi Sulawesi Selatan serta masyarakat yang telah mengikuti ketentuan dan arahan petugas di lapangan. Kolaborasi seluruh pihak diharapkan dapat terus mendukung kelancaran pelayanan BBM bagi masyarakat Makassar.
""Pertamina Patra Niaga akan terus berupaya memberikan pelayanan terbaik dan memastikan distribusi BBM berjalan dengan optimal, agar kebutuhan masyarakat dapat terpenuhi dan aktivitas sehari-hari dapat terus berjalan dengan lancar,"" tutup Kitty.
(acd/acd)"
SPORT,MotoGP San Marino: Antusiasme Bezzecchi Balapan di 'Rumah Sendiri',"Marco Bezzecchi tak sabar menghadapi MotoGP San Marino 2026. Bagi pebalap Aprilia itu, balapan di Sirkuit Misano punya arti khusus karena lokasinya sangat dekat dengan kampung halamannya, Rimini.
MotoGP San Marino akan berlangsung di Misano pada 11-13 September. Bezzecchi menyebut seri ini selalu terasa berbeda dibandingkan balapan lainnya.
""Grand Prix kandang selalu memiliki sesuatu yang ajaib dan spesial,"" kata Bezzecchi seperti dilansir Motosan.
Misano memang seperti rumah kedua bagi Bezzecchi. Sirkuit tersebut hanya berjarak beberapa kilometer dari Rimini, tempat kelahirannya.
Saking dekatnya, Bezzecchi bahkan masih akan tinggal di rumah hingga Kamis sebelum pindah ke motorhome untuk menjalani rangkaian akhir pekan balapan.
""Misano benar-benar wilayah rumah saya. Saya di rumah sampai Kamis. Jadi, ya, ini luar biasa; selalu menjadi perasaan yang luar biasa, selalu memiliki rasa yang spesial,"" ujarnya.
Bezzecchi Datang dengan Modal Bagus
Antusiasme Bezzecchi semakin besar setelah dua seri terakhir memberinya hasil positif. Ia berhasil mengumpulkan poin penting untuk tetap berada dalam persaingan gelar MotoGP 2026.
""Beberapa waktu terakhir memang cukup sulit, tetapi dua balapan terakhir berjalan dengan baik. Kami berhasil mendapatkan kembali beberapa poin,"" katanya.
Setelah MotoGP Aragon, Bezzecchi berada di posisi ketiga klasemen. Ia tertinggal 24 poin dari Jorge Martin yang memimpin, sementara Marc Marquez berada di posisi kedua dengan selisih 19 poin dari Martin.
Karena itu, balapan di Misano bukan sekadar home race bagi Bezzecchi. Pebalap Italia tersebut juga punya kesempatan untuk memangkas jarak dalam perebutan gelar di depan pendukungnya sendiri.
""Anda harus percaya pada diri sendiri, Anda harus berjuang. Kimi melakukannya, dan saya tentu akan berusaha memberikan yang terbaik,"" ujar Bezzecchi."
FINANCE,Serbu! Tempat Tidur Banting Harga di Transmart Full Day Sale,"Pesta diskon Transmart Full Day Sale masih menyapa pelanggan selama seharian penuh. Hari ini, Transmart memberikan diskon melimpah kepada pelanggan setia, termasuk tempat tidur.
Ada diskon hingga 50% dan tambahan diskon 20% dengan menggunakan kartu kredit Bank Mega, atau kartu kredit Bank Mega Syariah. Diskon ini berlangsung mulai buka toko hingga pukul 22.00 WIB.
Spesial hari ini, beli produk Airland Ottawa set dibanderol dengan harga promo Rp 7.999.000 dari harga awal Rp 24 juta.
Harganya jadi lebih murah lagi jika menggunakan kartu kredit Bank Mega atau kartu kredit Bank Mega Syariah, jadi Rp 6.399.200. Artinya, pembeli bisa hemat sampai Rp 17 jutaan. Diskon tersebut berlaku di Jakarta.
Khusus di Luar Pulau Jawa, produk Airland Ottawa set ditawarkan dengan harga promo Rp 8.499.000. Padahal harga normal tempat tidur itu sendiri Rp 26 jutaan.
Harganya jadi lebih murah lagi jika menggunakan kartu kredit Bank Mega atau kartu kredit Bank Mega Syariah, jadi Rp 6.799.200. Artinya, pembeli bisa hemat sampai Rp 19 jutaan.
Untuk yang belum punya Kartu Kredit Bank Mega, nggak perlu khawatir. Ada unit pembukaan instan yang tersedia di gerai Cibubur dan Central Park. Jadi tunggu apa lagi? Segera merapat ke Transmart terdekat, lalu nikmati diskon melimpah khusus di Transmart Full Day Sale.
(acd/acd)"
SPORT,GTWCE 2026: Sean Gelael dkk. Gagal Dapat poin di Jerman,"Balapan GT World Challenge Europe (GTWCE) di Jerman berakhir pahit untuk Sean Gelael dan AF Corse 50. Mereka gagal dapat poin.
Pada balapan putaran keempat Endurance Cup di Sirkuit Nurburgring, Minggu (30/8/2026) malam WIB, Sean bersama Lilou Wadoux dan Arthur Leclerc mendapat start yang kurang impresif.
Sebab mereka harus memulai dari posisi ke-17 setelah hasil buruk di kualifikasi. Mobil Ferrari yang dikendarai Sean dkk. memang tidak bisa memberikan perlawanan berarti di Nurburgring.
Tidak cuma mobil nomor 50, tapi juga nomor 51. AF Corse 51 yang finis ketiga di Belgia dua bulan lalu, hanya mampu menyelesaikan balapan di posisi ke-14, terpaut satu menit dibanding sang pemenang, tim Comtoyou Racing #7.
Sementara, AF Corse 50 tidak berubah, yakni tetap di urutan ke-17 dengan selisih 1 menit 25,406 detik di belakang pemenang.
Rata-rata dua mobil Ferrari itu kalah 1 s.d. 1,5 detik per lap dari mobil dan tim lain. Selain Balance of Performance (BoP) yang jadi handicap walau besarannya tak dirilis, ada juga karakter sirkuit yang berbeda dibanding Spa-Francorchamps, sehingga Ferrari tidak punya daya cengkram di mobilnya.
Keberadaan Safety Car (SC) yang membantu mendekatkan jarak antar-mobil pun tak menolong. Padahal selama tiga jam balapan di Nurburgring, SC tiga kali masuk ke trek untuk menetralisir lomba.
Tim Mercedes-AMG Team Mann-Filter #48 keluar sebagai juara umum GTWCE-Endurance Cup. Balapan pamungkas GTWCE digelar di Sirkuit Algarve, Portimao di Portugal. Menariknya, akhir pekan itu berbarengan dengan putaran FIA WEC di Barcelona, Spanyol.
Sebagai kompromi, Race GTWCE Sabtu (17/10), lalu FIA WEC di hari Minggu, (17/10)."
SPORT,"Rizki Juniansyah Siap Debut di Asian Games 2026, Naik Kelas ke 85 Kg","Rizki Juniansyah siap menjalani debut di Asian Games 2026. Peraih medali emas Olimpiade Paris 2024 itu mengaku sudah pulih 100 persen setelah sempat mengalami cedera bahu bulan lalu.
Rizki akan tampil di kelas 85 kg putra. Dia menjadi salah satu andalan angkat besi Indonesia untuk meraih medali di Asian Games Aichi-Nagoya 2026, Jepang.
""Alhamdullilah cukup baik. Untui Asian Games ini, saya baru pemulihan lagi, angkatan juga sudah balik lagi, insyaAllah saya akan bertanding maksimal di Asian Games nanti,"" ujar Rizki saat ditemui di Wisma Serba Guna, GBK, Rabu (9/9/2026).
Berbeda dengan Olimpiade Paris 2024, Rizki akan turun di kelas 85 kg pada Asian Games 2026. Saat meraih emas Olimpiade, dia tampil di kelas 73 kg.
""Di Asian Games 2023 memang saya tidak main karena usus buntu (absen) alhamdullilah ini Asian Games pertama saya. Saya turun di kelas 85kg karena saya change dengan senior saya (Rahmat Erwin Abdullah), dan memang jatahnya satu orang satu kelas dan akhirnya saya yang 85kg,"" jelasnya.
Rizki Juniansyah Harus Tambah Berat Badan dan Power
Bagi Rizki, yang kini berusia 23 tahun, kenaikan kelas bukan perkara mudah. Dia harus menyesuaikan berat badan sekaligus meningkatkan power untuk menghadapi persaingan di kelas 85 kg.
""Yang pasti lebih berat lagi lawan-lawannya. Saya harus menjaga pola makan karena menaikkan berat badan harus (meningkatkan) seperti apa, nutrisi, protein dan lain-lainnya,"" ujarnya.
""Pertama makanan, kedua latihan harus full power lagi, ketiga kondisinya harus lebih baik lagi karena menaikkan berat badan bukan asal naik saja tapi kita harus punya power yang bermanfaat buat tanding,"" tuturnya.
Rizki mengungkapkan berat badannya saat ini masih 78 kg. Dia pun belum mencapai 80 kg. ""Jujur berat badan saya 78kg, enggak nyampe 80kg. Tapi tak masalah bagi saya, yang penting nanti pertandingan bisa maksimal dengan keadaan dan berat badan saya seperti ini,"" katanya.
Rizki Waspadai Lima Negara
Menyoal peta persaingan di kelas 85 kg, Rizki menyoroti lima negara yang dinilainya bakal menjadi tantangan berat. Mereka adalah Korea Utara, China, Iran, Thailand, dan Korea Selatan.
Meski persaingan berat, Rizki bertekad memberikan performa terbaik. Statusnya sebagai peraih medali emas Olimpiade juga membuat ekspektasi terhadap dirinya cukup tinggi.
""Ya sebenarnya bukan beban bagi saya tapi motivasi untuk semangat bertanding karena buat apa dijadikan beban. Kalau beban saya akan jelek di pertandingan.""
""Jadi saya tetap enjoy, walau negara menargetkan harus emas atau apa, lalu PB PABSI juga harus ini, yang penting saya enjoy dan jalan sendiri, dan berusaha yang terbaik buat Indonesia,"" pungkasnya.
(mcy/krs)"
FINANCE,Suahasil Gantikan Purbaya Jadi Menkeu!,"Suahasil Nazara resmi dilantik Presiden Prabowo Subianto sebagai Menteri Keuangan menggantikan Purbaya Yudhi Sadewa. Suahasil sebelumnya menjabat sebagai Wakil Menteri Keuangan.
Pelantikan Suahasil dilakukan di Istana Negara, Jakarta Pusat, Senin (14/9/2026). Pelantikan dilakukan berdasarkan Keputusan Presiden 97 P Tahun 2026 Pemberhentian dan Pengangkatan Kabinet Merah Putih di sisa masa jabatan 2024-2029.
""Bahwa saya, akan setia kepada Undang-Undang Dasar Negara Republik Indonesia tahun 1945 serta akan menjalankan segala peraturan perundang-undangan dengan selurus-lurusnya demi darmabakti saya kepada bangsa dan negara. Bahwa saya dalam menjalankan tugas jabatan akan menjunjung tinggi etika jabatan, bekerja dengan sebaik-baiknya, dengan penuh rasa tanggung jawab,"" kata Prabowo menyebutkan sumpah jabatan diikuti oleh Suahasil.
Setelah pengucapan sumpah, Suahasil yang dilantik sebagai Menteri Keuangan kemudian menandatangani berita acara pengambilan sumpah. Acara pelantikan diakhiri dengan pemberian ucapan selamat oleh Presiden Prabowo.
Simak Video 'Purbaya Resmi Serahkan Jabatan Menkeu ke Suahasil':
(hal/ara)"
FINANCE,Pertamina Pakai Sistem Ganjil-Genap buat Urai Antrean di SPBU Makassar,"Antrean panjang kendaraan di sejumlah SPBU yang ada di Kota Makassar, Sulawesi Selatan dilaporkan makin landai. PT Pertamina Patra Niaga terus melakukan upaya optimalisasi pasokan dan pelayanan BBM bersama Pemerintah Provinsi Sulawesi Selatan.
Salah satu bentuk kolaborasi bersama Pemerintah Provinsi Sulawesi Selatan adalah pemberlakuan sistem ganjil-genap untuk pengisian BBM di SPBU. Pengaturan tersebut dilakukan untuk membantu mengatur antrean kendaraan dan mendukung kelancaran pelayanan masyarakat di lapangan.
""Antrean di sejumlah SPBU di Makassar saat ini secara bertahap mulai melandai. Kami terus melakukan berbagai langkah untuk memperkuat pasokan dan pelayanan, serta berkolaborasi dengan Pemerintah Provinsi Sulawesi Selatan untuk mendukung kelancaran pelayanan BBM kepada masyarakat,"" ujar Kitty Andhora, VP Corporate Communication Pertamina Patra Niaga, dalam keterangannya, Minggu (13/9/2026).
Di sisi operasional, Pertamina Patra Niaga terus memperkuat pasokan melalui distribusi mobil tangki yang beroperasi selama 24 jam. Selain itu, sebanyak 25 SPBU di Makassar dioperasikan selama 24 jam untuk memberikan akses pelayanan yang lebih luas kepada masyarakat.
Optimalisasi pelayanan juga dilakukan melalui penambahan nozzle BBM subsidi dan operator di sejumlah SPBU. Pertamina Patra Niaga turut menambah titik distribusi melalui pengoperasian 3 unit SPBU Modular guna mendukung pemenuhan kebutuhan BBM masyarakat.
""Berbagai langkah ini kami lakukan untuk memastikan pasokan dan pelayanan terus berjalan secara optimal. Kami juga terus memantau kondisi di lapangan dan melakukan penyesuaian sesuai kebutuhan, sehingga masyarakat dapat memperoleh BBM dengan lebih lancar,"" lanjut Kitty.
Pertamina Patra Niaga memahami BBM merupakan kebutuhan penting masyarakat untuk menunjang mobilitas dan aktivitas sehari-hari. Oleh karena itu, optimalisasi pasokan, distribusi, dan pelayanan terus dilakukan secara berkelanjutan sesuai dengan kondisi di lapangan.
Pihaknya juga mengapresiasi dukungan Pemerintah Provinsi Sulawesi Selatan serta masyarakat yang telah mengikuti ketentuan dan arahan petugas di lapangan. Kolaborasi seluruh pihak diharapkan dapat terus mendukung kelancaran pelayanan BBM bagi masyarakat Makassar.
""Pertamina Patra Niaga akan terus berupaya memberikan pelayanan terbaik dan memastikan distribusi BBM berjalan dengan optimal, agar kebutuhan masyarakat dapat terpenuhi dan aktivitas sehari-hari dapat terus berjalan dengan lancar,"" tutup Kitty.
(acd/acd)"
SPORT,"Mamma Mia, Antonelli","Pebalap Mercedes GP Kimi Antonelli tampil luar biasa untuk memenangi F1 GP Italia 2026. Tak cuma comeback, Antonelli bikin rekor baru.
Pada balapan di Sirkuit Monza, Minggu (6/92/206) malam WIB, Antonelli mendapat penalti sehingga harus start dari grid alias posisi ke-19.
Tapi, Antonelli cuma butuh dua lap untuk bisa mendekati posisi 10 besar dan kemudian mengambil alih balapan saat memasuki lap ke-18. Posisi itu dipertahankan Antonelli sampai akhir.
Kemenangan yang bikin Antonelli kukuh di puncak klasemen pebalap F1 dengan 267 poin, unggul 56 angka dari rekan setim George Russell di posisi kedua dan 76 angka dari Hamilton di posisi ketiga.
Ini merupakan kemenangan ketujuh Antonelli musim ini, paling banyak sepanjang sejarah keikutsertaan pebalap Italia di F1.
Hebatnya Antonelli juga menyudahi puasa panjang pebalap Italia di Monza, setelah terakhir Ludovico Scarfiotti bersama Ferrari tahun 1966.
Antonelli juga jadi pebalap termuda yang menang di Monza dalam usia 20 tahun 12 hari, sekaligus orang Italia pertama yang naik podium di balapan itu sejak 2005.
""Luar biasa! Saya senang sekali. Saya tidak pernah membayangkan bisa ada di sini hari ini, tapi kami mewujudkannya. Bak mimpi jadi nyata. Hari luar biasa. Saya tidak bisa melakukan ini tanpa bantuan tim, keluarga, dan semua yang mendukung saya,"" ujar Antonelli seperti dilansir Reuters.
""Masih ada beberapa balapan lagi, kami tidak boleh jemawa. Namun, kami akan menikmati dulu kemenangan hari ini,"" sambungnya."
SPORT,Minala Cup Padel Diikuti Lebih dari 300 Peserta,"Padel semakin semarak dengan hadirnya beragam turnamen. Ada Minala Cup Padel Tournament yang menyuguhkan hal menarik.
Ajang ini digelar di PIPC Arteri, Kebayoran Lama, Jakarta Selatan, pada tanggal 5 dan 6 September 2026. Minala Cup Padel Tournament diikuti lebih dari 300 peserta.
Tak sekadar menghadirkan persaingan di lapangan, turnamen tersebut juga menawarkan hadiah menarik dengan total uang tunai mencapai Rp 103,5 juta. Selain itu, panitia menyiapkan 400 koper serta doorprize berupa kesempatan menjalankan ibadah umrah ke Arab Saudi.
CEO Minala Tour & Travel, Muhammad Castallani, mengatakan pihaknya ingin memadukan olahraga, gaya hidup sehat, serta perjalanan spiritual. Minala Tour and Travel adalah perusahaan yang bergerak di layanan Umrah dan Haji.
""Kami berusaha ikut mendorong perkembangan olahraga padel di Indonesia yang saat ini sedang hype. Kami juga ingin menciptakan gaya hidup sehat di kalangan masyarakat luas, masyarakat Muslim juga tentunya,"" ujar Muhammad Castallani dalam konferensi pers di PIPC Arteri, Sabtu (5/9/2026).
""Melalui turnamen ini, kami ingin menghadirkan kompetisi yang kompetitif dan menghibur, sehingga para pemain bisa mendapatkan pengalaman bertanding yang seru, sementara penonton juga bisa menikmati atmosfer pertandingan yang positif,"" sambungnya.
Ada lima kategori dalam Minala Cup Padel Tournament, yakni Women Lower Bronze, Mixed Lower Bronze, Mixed Bronze, Mens Lower Bronze dan Mens Bronze. Proses kurasi peserta dilakukan sesuai dengan prosedur kompetisi, dengan skema kerja sama dengan Gen 2 Padel, salah satu komunitas padel yang sudah berdiri beberapa tahun.
""Kami akan memberikan total hadiah cash Rp103,5 juta. Kemudian ada hadiah 400 koper. Ini juga menarik karena kami menjadi turnamen padel pertama di Indonesia yang memberikan hadiah 400 koper,"" kata Muhammad Castallani.
CEO Shiratha, Aan Yugiastomo, selaku sponsor utama Minala Cup, berharap kolaborasi ini bisa memberikan hal baik untuk masyarakat. Adapun keinginan berkontribusi memajukan padel di Indonesia.
""Saya sangat yakin kolaborasi ini bisa membawa dampak positif untuk kami, para peserta, dan masyarakat luas. Saya berharap turnamen ini berlangsung lancar untuk 2 hari ini. Peserta happy semua, panitia dan rekan-rekan media juga senang dengan jalannya event ini. Dan tentunya semoga bisa membawa dampak besar bagi dunia olahraga padel yang sedang hype di Indonesia,"""
FINANCE,Cek Lokasi Merchant Terdekat Makin Mudah via WhatsApp dengan Sabrina BRI,"Hidup di era digital menuntut segala aktivitas harian berjalan dengan serba cepat dan efisien. Mulai dari urusan pekerjaan, pengelolaan keuangan, hingga mencari berbagai kebutuhan hidup sehari-hari, semuanya kini dituntut untuk lebih praktis.
Di tengah mobilitas yang tinggi, kebutuhan untuk memperoleh informasi lokasi merchant secara cepat dan mudah menjadi hal yang sangat penting bagi masyarakat modern.
Bagi para nasabah yang aktif dan dinamis, menemukan tempat perbelanjaan, kuliner, atau fasilitas penunjang lain yang sesuai dengan titik lokasi terkadang memakan waktu jika harus dilakukan secara manual.
Menjawab tantangan tersebut, BRI menghadirkan solusi inovatif yang sangat dekat dengan keseharian masyarakat melalui layanan perbankan digital. Kini, mencari lokasi merchant favorit menjadi jauh lebih mudah dengan kehadiran Sabrina BRI, asisten virtual cerdas yang siap diandalkan kapan dan di mana saja.
Kenalan dengan Fitur Cek Lokasi Merchant Sabrina
Bagi sebagian besar nasabah, berinteraksi dengan teknologi kecerdasan buatan (Artificial Intelligence) kini bukan lagi hal yang asing. Sabrina hadir sebagai chatbot berbasis AI dari BRI yang dirancang khusus untuk berinteraksi secara interaktif dan solutif dengan para nasabah.
Tidak hanya memberikan informasi seputar produk perbankan atau lokasi kantor cabang terdekat, Sabrina juga dilengkapi dengan fitur unggulan berupa Cek Lokasi Merchant Terdekat.
Fungsi utama dari fitur ini adalah membantu nasabah dalam menavigasi serta memperoleh informasi detail mengenai lokasi berbagai merchant yang bekerja sama dengan BRI.
Dengan kapabilitas tersebut, nasabah tidak perlu lagi merasa bingung atau menghabiskan waktu lama untuk mencari tahu di mana saja merchant terdekat yang menyediakan layanan atau produk yang mereka inginkan. Semua informasi tersebut dirangkum dalam satu sistem pintar yang sangat responsif.
Cari Merchant Sesuai Kebutuhan dan Lokasi
Setiap individu tentu memiliki preferensi dan kebutuhan yang beragam setiap harinya. Ada kalanya seseorang sedang mencari merchant di bidang fashion untuk keperluan pakaian kerja, mencari toko elektronik terdekat untuk memperbarui gawai, hingga mencari tempat kuliner terbaik untuk menghabiskan waktu luang.
Melalui layanan interaktif ini, nasabah dapat dengan leluasa mencari merchant sesuai dengan kategori kebutuhan spesifik yang diinginkan.
Keunggulan utama yang ditawarkan adalah sifat informasinya yang location-based atau berbasis lokasi. Sistem cerdas ini mampu menyesuaikan titik pencarian dengan posisi geografis nasabah saat itu juga.
Dengan demikian, rekomendasi merchant yang diberikan dijamin relevan, akurat, andal, serta berada di sekitar jangkauan wilayah nasabah. Hal ini tentu memberikan pengalaman pencarian yang jauh lebih efektif tanpa harus melalui proses penelusuran manual yang melelahkan.
Praktis Diakses Melalui WhatsApp
Salah satu alasan mengapa fitur ini sangat disukai oleh berbagai kalangan masyarakat adalah karena kemudahan kanal yang digunakan. Proses pencarian informasi merchant dapat dilakukan secara langsung melalui WhatsApp, aplikasi perpesanan yang sudah sangat akrab dan menjadi bagian dari aktivitas komunikasi harian masyarakat.
Nasabah tidak perlu mengunduh aplikasi tambahan yang kerap membuat memori telepon pintar penuh. Cukup menyimpan nomor layanan resmi dan menyapa asisten virtual ini melalui ruang obrolan WhatsApp, segala informasi yang dibutuhkan dapat langsung diakses dengan mudah.
Pendekatan melalui kanal yang familiar ini menjadikan pengalaman perbankan digital terasa jauh lebih dekat, merangkul, serta ramah bagi siapa saja yang ingin menikmati kepraktisan dalam genggaman.
Kemudahan Cek Lokasi Merchant Melalui Sabrina
Untuk menikmati seluruh kemudahan ini, langkah-langkah yang harus ditempuh sangatlah sederhana dan cepat.
Cukup hubungi kontak WhatsApp resmi Sabrina BRI di nomor 0812 1214 017, lalu mulailah percakapan dengan mengetik kata kunci seperti ""Lokasi Merchant"" atau ""Rekomendasi Merchant"". Setelah itu, pilih kategori layanan yang Anda butuhkan seperti makanan, minuman, fashion, kesehatan, elektronik, dan banyak lagi.
Selanjutnya, cukup bagikan lokasi Anda (share location) melalui fitur obrolan WhatsApp. Dalam hitungan detik, Sabrina akan langsung memproses permintaan tersebut dan memberikan daftar opsi merchant terdekat yang paling sesuai dengan kebutuhan serta posisi Anda.
Seluruh proses ini dirancang tanpa alur yang rumit, menjadikannya solusi tercepat bagi masyarakat yang memiliki mobilitas tinggi.
Kemudahan akses informasi kini benar-benar berada dalam genggaman tangan Anda. Dengan memanfaatkan fitur Cek Lokasi Merchant melalui Sabrina, setiap kebutuhan pencarian tempat perbelanjaan, kuliner, maupun kebutuhan gaya hidup harian dapat diselesaikan secara cepat, praktis, dan efisien. Tidak ada lagi cerita kebingungan mencari tempat terbaik di tengah kesibukan harian Anda.
Segera manfaatkan kemudahan ini untuk menemani berbagai aktivitas produktif maupun waktu santai Anda. ""Cari lokasi merchant yang kamu butuhkan dengan mudah melalui Sabrina.""
Butuh informasi lokasi merchant? Cek langsung melalui Sabrina di WhatsApp! Temukan merchant sesuai kebutuhan dan lokasimu melalui Sabrina dan rasakan pengalaman perbankan digital yang cerdas dan bersahabat. Kunjungi laman Tanya Sabrina dan rasakan pengalaman perbankan digital yang cerdas dan bersahabat."
SPORT,"WEC 2026: Sean Gelael Balapan di Austin Dini Hari, Start P7","Sean Gelael dan Team WRT 32 akan coba meraih podium di Lone Star Le Mans dini hari nanti. Mereka start ketujuh.
Keras keras mencapai posisi start itu didapat dari kualifikasi kelas LMGT3 di COTA, Minggu (6/9) dini hari WIB kemarin. Darren Leung sebagai pebalap bronze memulai di qualifying dengan baik untuk menuntaskan di posisi ke-8.
Alhasil, Sean sebagai pebalap silver berhak tampil di Hyperpole. Dia tancap gas untuk membukukan waktu 2 menit 05,0888 detik untuk mencapai posisi ketujuh.
Ini merupakan pencapaian terbaik dari mobil BMW di seluruh kelas. Menurunkan empat mobil, masing-masing dua di Hypercar dan LMGT3, cuma bisa start di luar 10 besar.
Sama halnya dengan mobil 69 di kelas LMGT3 yang start dari posisi ke-16.
""Hasil yang bagus, Darren dan Sean bekerja sangat baik. Kami siap untuk lomba besok,"" ujar Augusto Farfus dalam rilis kepada detikSport.
""Austin selalu jadi tempat yang baik bagi saya, semoga besok juga begitu. Bismillah,"" timpal Sean.
Race 6 Hours of COTA atau kini disebut Lone Star Le Mans itu disiarkan langsung di kanal youtube KUY Entertainment, Senin (7/9) mulai pukul 01.00 dini hari WIB."
SPORT,"Nikmati Keseruan Lari di Solo Run Fest 2026, Beli Tiketnya via BRImo!","Bagi pelari urban, lari kini bukan lagi sekadar mengejar catatan waktu atau mencapai garis finis. Pengalaman selama berlari pun menjadi bagian yang tak kalah penting.
Mulai dari menikmati suasana kota, mengenal budaya lokal, hingga mencicipi kuliner khas daerah menjadi alasan mengapa konsep sportourism semakin diminati. Tren ini membuat ajang lari tidak lagi sekadar arena kompetisi, melainkan juga cara baru bagi masyarakat urban untuk menikmati destinasi wisata sambil berolahraga.
Konsep inilah yang dihadirkan dalam Solo Run Fest 2026, sebuah festival lari yang memadukan olahraga, budaya, dan pariwisata dalam satu rangkaian acara. Festival ini mengajak peserta menjelajahi berbagai daya tarik Kota Solo sambil menikmati pengalaman berlari, mulai dari kekayaan budaya hingga geliat ekonomi kreatif masyarakat setempat.
Melalui konsep tersebut, peserta tidak hanya diajak untuk mencetak waktu tempuh terbaik, tetapi juga merasakan langsung suasana Kota Solo dari sudut pandang yang berbeda. Hal ini sejalan dengan semangat sportourism yang belakangan semakin digemari oleh para pelari di berbagai kota besar.
Ajang yang sebelumnya dikenal sebagai SHA Run for Solo ini kini berkembang menjadi festival olahraga dan budaya yang lebih besar. Solo Run Fest 2026 akan digelar pada 25-27 September 2026 di Kota Solo, Jawa Tengah.
Rangkaian acara akan dimulai dengan Race Pack Collection dan Race Village Festival pada 25-26 September 2026. Area Race Village tidak hanya menjadi tempat pengambilan race pack, tetapi juga menghadirkan beragam aktivitas menarik yang membuat suasana festival semakin hidup sejak sebelum hari perlombaan dimulai.
Kehadiran Race Village Festival ini sekaligus menjadi ajang pemanasan bagi peserta untuk mengenal lebih dekat suasana Solo Run Fest 2026 sebelum memasuki hari perlombaan utama. Peserta bisa memanfaatkan momen ini untuk bersosialisasi sesama pelari sambil menikmati berbagai aktivitas pendukung yang disediakan panitia.
Memasuki Race Day pada 27 September 2026, peserta dapat mengikuti berbagai kategori lomba sesuai kemampuan masing-masing. Kategori yang tersedia yaitu, Half Marathon (HM), 10K, 5K Umum dan 5K Pelajar. Sehingga bisa diikuti oleh pelari dari berbagai latar belakang dan tingkat pengalaman, mulai dari pelari kompetitif hingga pemula.
Selain kompetisi lari, pengunjung juga dapat menikmati berbagai aktivitas pendukung seperti UMKM Bazaar, Sportswear Expo, Live Music Performance, dan Entertainment Stage. Rangkaian acara juga dimeriahkan dengan pengumuman pemenang beserta doorprize, hingga Cultural Running Festival yang semakin memperkuat nuansa khas Kota Solo.
Keberadaan UMKM Bazaar menjadi daya tarik tersendiri karena memberikan kesempatan bagi peserta untuk mengenal sekaligus mendukung produk-produk lokal. Kehadiran bazaar ini sekaligus menghidupkan sisi ekonomi kreatif masyarakat Solo di tengah gelaran festival, sekaligus memberi ruang promosi bagi para pelaku usaha kecil setempat.
Sementara itu, Sportswear Expo menghadirkan berbagai kebutuhan olahraga yang dapat melengkapi perlengkapan para pelari. Kehadiran expo ini memudahkan peserta yang masih membutuhkan perlengkapan tambahan sebelum atau saat hari perlombaan, tanpa perlu mencarinya jauh-jauh dari lokasi acara.
Menariknya, pelari juga bisa mendapatkan diskon tiket sebesar 20% untuk pembelian melalui BRImo. Diskon ini menjadi nilai tambah tersendiri bagi peserta yang melakukan transaksi lewat kanal resmi tersebut.
Bagi para pelari yang ingin ikut merasakan pengalaman tersebut, proses pendaftaran kini semakin praktis. BRImo menjadi metode pembayaran resmi sekaligus kanal eksklusif untuk pembelian tiket Solo Run Fest 2026.
Melalui aplikasi ini, peserta dapat melakukan registrasi secara digital dengan proses transaksi yang lebih mudah dan nyaman. Dengan kemudahan akses tersebut, pelari tidak perlu lagi melalui proses pendaftaran yang rumit untuk bisa ambil bagian dalam festival lari sekaligus budaya ini.
Informasi lebih lengkap dapat dicek melalui bbri.id/solorun2026.
(akd/akd)"
SPORT,DKI Jakarta Gelar PON Pantai 2026 Bulan November,"KONI DKI Jakarta terus mempersiapkan diri jelang PON 2028. Salah satunya dengan menjadi tuan rumah PON Pantai 2026 bulan November.
Dalam rangka mewujudkan misi menjadi juara umum PON 2028, KONI DKI bersama Dinas Pemuda dan Olahraga (Dispora), DPRD, dan pengurus cabor terus berkolaborasi mematangkan persiapan.
Terdekat, kolaborasi itu akan terwujud dalam pelaksanaan Pekan Olahraga Nasional (PON) Pantai yang digelar di Ancol, Jakarta, bulan November. Ajang nasional perdana ini merupakan kolaborasi KONI Pusat, Pemprov DKI, KONI DKI Jakarta dan PT Pembangunan Jaya Ancol.
Ketua Umum KONI Provinsi DKI Jakarta, Hidayat Humaid, mengatakan PON Pantai tidak hanya menjadi ajang meningkatkan prestasi olahraga, tetapi juga diharapkan mampu menggerakkan perekonomian masyarakat, khususnya UMKM di sekitar kawasan Ancol.
Hal itu disampaikan Hidayat dalam press gathering media bertema ""Bergerak Untuk Jakarta Juara"" di Jakarta, Kamis (3/9/2026). Turut hadir Kepala Dinas Pemuda dan Olahraga (Dispora) DKI Jakarta, Andri Yansyah, Sekretaris Umum KONI DKI, Aminulah, Wakil Ketua Umum I, Fatchul Anas dan Wakil Ketua Umum V Anondo Eko, juga Bendahara Umum Hadameon Aritonang.
""PON Pantai bukan hanya soal prestasi. Kami ingin kegiatan olahraga nasional ini ikut menggerakkan ekonomi masyarakat dan UMKM di sekitar lokasi,"" ujar Guru Besar Fakultas Ilmu Keolahragaan dan Kesehatan (FIKK) Universitas Negeri Jakarta (UNJ) ini dalam keterangan kepada media.
Hidaya mengungkapkan 'Bergerak Untuk Jakarta Juara' adalah komitmen KONI DKI untuk mewujudkan harapan warga Jakarta yang merindukan menjadi Juara Umum PON 2028.
""KONI terus bergerak dan ini menjadi PR dan tantangan kita bersama untuk mewujudkan juara umum,"" sambungnya.
PON Pantai Ancol akan mempertandingkan 10 cabang olahraga dengan 11 disiplin, yakni Akuatik, Bola Basket 3x3, Bola Voli Pantai, Bola Tangan Pantai, Layar, Modern Pentathlon, Rugby Pantai, Selam Laut, Teqball, dan Triathlon.
""Kami sudah melakukan visitasi PON Pantai Ancol antara KONI Pusat, Dispora, KONI DKI bersama cabor telah dilakukan peninjauan lokasi pertandingan atau veneu,"" tegas Waketum I KONI DKI Jakarta Fatchul Anas.
Anas menjelaskan Pantai Festival menjadi lokasi Akuatik, Renang Perairan Terbuka, dan Selam Laut. Lalu, Kawasan Lagoon digunakan untuk Bola Voli Pantai dan Layar.
Adapun Beach City International Stadium (BCIS) menjadi venue Triathlon, Teqball, Bola Tangan Pantai, dan Bola Basket 3x3.
""Untuk Beach Pool untuk Rugby Pantai, Modern Pentathlon, dan Akuatik-Polo Air. Venue ini sementara sudah disepakati,"" demikian Anas."
SPORT,"'Kampiun MotoGP 2026 Bukan yang Paling Banyak Menang, tapi Paling Tenang'","Persaingan perebutan gelar juara dunia MotoGP 2026 berlangsung ketat. Menurut General Manager Ducati Corse Gigi Dall'Igna, gelar juara pada akhirnya akan ditentukan oleh pebalap yang paling mampu menjaga ketenangan dan konsistensi hingga akhir musim.
Dall'Igna menganalisis persaingan MotoGP 2026 dalam wawancara dengan Sky Italia. Menurutnya, kondisi mental dan kemampuan menghindari kesalahan akan menjadi faktor penting dalam menentukan juara dunia.
""Menurut saya, Kejuaraan Dunia akan dimenangkan oleh siapa yang lebih tenang antara sekarang hingga akhir musim, karena saya pikir penting untuk mengumpulkan poin dan menghindari kesalahan,"" kata Dall'Igna seperti dilansir Motosan.
Persaingan musim ini memang berlangsung sengit di antara para pebalap terdepan dari Ducati dan Aprilia. Dalam kondisi seperti itu, Dall'Igna menilai konsistensi lebih penting daripada sekadar mengoleksi kemenangan sebanyak-banyaknya dalam sembilan seri tersisa.
""Sejarah beberapa tahun terakhir menunjukkan bahwa tidak penting untuk mungkin memenangi 11 balapan, tetapi Anda harus menang sedikit lebih sedikit. Anda harus lebih konsisten dan stabil, dan yang terpenting, mampu membuat lebih sedikit kesalahan,"" ujarnya.
Bagi Dall'Igna, pebalap yang mampu menjaga perolehan poin sekaligus meminimalkan kesalahan akan memiliki peluang terbesar menjadi juara. Artinya, hasil finis secara konsisten dapat menjadi lebih berharga daripada terlalu memaksakan diri demi kemenangan.
Dengan persaingan yang masih terbuka, setiap kesalahan bisa menjadi pembeda dalam perburuan gelar MotoGP 2026. Karena itu, kemampuan menjaga kepala tetap dingin hingga seri terakhir diyakini Dall'Igna bakal menjadi kunci utama."
SPORT,Bakal Ada Jakarta Vertical Run 2026 Bulan November,"Asosiasi Lari Trail Indonesia (ALTI) DKI Jakarta akan menggelar Jakarta Vertical Run 2026. Apa itu?
Mengambil tema Tantangan Urban dan Keberlanjutan Lingkungan, ALTI DKI bekerjasama dengan Cakrawala Jakarta Kreatif selaku penyelenggara, yang didukung juga oleh Geely sebagai sponsor utama dan Fortesport, menggelar ajang tower running bertaraf internasional.
Perlombaan lari naik tangga ini dihelat, Minggu 15 November, di Autograph Tower, Kompleks Thamrin Nine, Jakarta Pusat. Thamrin Nine merupaka gedung tertinggi di Jakarta dan tercatat sebagai gedung tertinggi di belahan bumi selatan, dengan ketinggian 385 meter.
Para peserta akan menantang fisik dan mental dengan menaklukkan kurang lebih 2.120 anak tangga di gedung 106 lantai itu.
Ketua Umum ALTI DKI Jakarta, Eko Putro Hadi Prasetyo, menyampaikan bahwa ajang ini memberikan sensasi olahraga urban yang berbeda dari road run pada umumnya. Lomba dimulai pukul 04.30 WIB, agar para pelari tercepat berkesempatan menikmati momen matahari terbit di langit Jakarta saat mencapai puncak.
""Kami percaya olahraga urban seperti ini akan memberikan tantangan dan sensasi yang berbeda bagi pesertanya. Semoga saja akan tercipta persaingan yang menarik antarpeserta,"" ujar Eko Putro dalam jumpa pers, Kamis (3/9/2026).
Start dilakukan dengan sistem wave yang terbagi menjadi empat gelombang: wave 1 untuk kategori Elite Atlet dan wave 2 untuk kategori Open, masing-masing dilepas lima (5) peserta setiap 30 detik, sementara wave 3 dan wave 4 dilepas setiap satu menit.
Hingga kini, tercatat 450 pelari dari 16 negara siap bersaing di tiga kategori utama: Elite/Tower Running, Senior, dan Master. Ajang lari naik tangga gedung bertingkat tinggi seperti ini telah lazim diselenggarakan di berbagai kota dunia, dan diminati karena tingkat kesulitannya yang berbeda dari lomba lari di jalan raya pada umumnya.
Keterlibatan Geely sebagai sponsor utama memperkuat sinergi antara gaya hidup aktif dan komitmen keberlanjutan lingkungan (green mobility) melalui penerapan konsep eco-friendly event.
Penyelenggara juga menaruh perhatian penuh pada keselamatan, keamanan, dan kenyamanan peserta dengan menyiagakan tenaga kesehatan, paramedis, ambulans, serta rumah sakit rujukan apabila terjadi keadaan darurat selama lomba berlangsung.
Ajang ini sekaligus menjadi momen strategis menyongsong peringatan 500 tahun Kota Jakarta pada 2027. Panitia berharap penyelenggaraan Jakarta Vertical Run dapat kembali digelar tahun depan dengan skala lebih besar.
Kepala Dinas Pemuda dan Olahraga Provinsi DKI Jakarta, Andri Yansyah, mendukung penuh kegiatan ini. Selain berfungsi sebagai tolok ukur pembinaan prestasi atlet, Jakarta Vertical Run juga didorong sebagai ajang sport tourism dan rekreasi bergengsi, di mana para peserta dapat menikmati keindahan lanskap Kota Jakarta dari titik tertinggi.
Jakarta Vertical Run nanti bakal jadi penyelenggaraan Vertical Running pertama di gedung tertinggi di Indonesia dengan jumlah peserta terbanyak, yang berpotensi mendapatkan rekor MURI.
Khusus bagi pelari kategori Elite Vertical Running, mereka akan memperoleh 60 poin skor yang dapat menaikkan peringkat mereka di klasemen atlet vertical run internasional."
SPORT,Men's World Tennis Championship: Ganda Indonesia Tembus Final,"Pasangan Rafalentino Ali Da Costa/Ethan David Zapp selangkah menuju gelar juara Men's World Tennis Championship 2026. Ini setelah mereka lolos ke final.
Pada laga semifinal Seri IV ITF World Tennis Tour M-15 di Bali Beach Country Club, Jumat (4/9/2026), Rafalentino/Ethan menghadapi unggulan keempat Sebastian Grundtvic Jorgensen/Ryotaro Taguchi.
Rafalentino/Ethan bermain prima sedari set pertama sebelum menang 6-4 dan 6-4 atas pasangan gado-gado Denmark dan Jepang. Mereka tak takut meladeni perlawanan Sebastian/Ryotaro yan berperingkat lebih tinggi.
Setelah menang 6-4 di se pertama, Rafalentino lewat forehand maupun backhand yang mematikan serta Ethan dengan cegatan voli di depan net memaksa Sebastian/Ryotaro kalah dengan skor serupa dalam total durasi pertandingan selama 1 jam 6 menit di set kedua.
Rafalentino pun menyebut kemenangan ini jado kado ulang tahun rekannya. Dia juga mewanti-wanti agar selalu waspada dan tidak menganggap remeh lawan di final.
""Kemenangan ini jadi kado terbaik untuk ultah ke-17 Ethan David. Ini juga jadi rekor tersendiri bagi kami karena bisa mencapai final pertama kalinya di nomor ganda,"" ujar Rafalentino dalam rilis kepada detikSport.
""Kami harrus fokus dan tidak boleh lengah sama sekali di setiap gamenya. Ini menjadi faktor penting dalam kemenangan hari ini,"" sambungnya.
Sementara, Ethan memuji semangat Rafalentino serta kemampuan rekannya mengatur strategi dengan baik, di saat poin-poin kritis.
""Dia bagus sekali saat menghadapi tekanan dan bisa membantu saya. Kami harus tetap fokus untuk final,"" papar Ethan.
Pada laga final, Sabtu (5/9) besok ,mereka menantang unggulan Alexander ChangPablo Perez Ramos. Pasangan gado-gado dari Amerika Serikat dan Spanyol ini sukses menyudahi Shanker Heisnam/Karan Singh dari India 6-3 dan 6-4.
Sementara itu di sektor tunggal putra tuan rumah Indonesia gagal menempatkan wakilnya kebabak semifinal. Nathan Barki dipaksa harus menyerah dua set langsung dari petenis India Karan Singh, lewat pertarungan selama 1 jam 16 menit.
Selanjutnya Karan Singh yang merupakan unggulan keempat akan bertemu Ryotaro Taguchi, setelah petenis asal Jepang ini menang rubbet set dari Hayden Jones 6-0 5-7 dan 7-5."
SPORT,Aldeguer Puas dengan Akhir Pekan Bagus di MotoGP Aragon 2026,"Rider Gresini Racing, Fermin Aldeguer, meraih poin dalam balapan sprint dan utama di MotoGP Aragon 2026. Dia pun puas dengan hal itu.
Di MotoGP Aragon 2026 pada akhir pekan lalu, Aldeguer mampu finis keenam saat sprint dan main race. Oleh karena itu, pebalap asal Spanyol itu mencatatkan 14 poin.
Aldeguer kini ada di posisi ke-10 klasemen MotoGP 2026. Dia mengumpulkan 90 poin, menggeser posisi Luca Marini.
Bagi Aldeguer, ini menjadi race pertama setelah gagal start di MotoGP Belanda 2026. Dia mengalami kecelakaan, bahkan harus absen saat MotoGP Jerman dan MotoGP Inggris.
Dengan poin-poin yang diraih di Aragon, Aldeguer pun puas dengan pencapaian pada akhir pekan yang bagus.
""Kami harus sangat puas dengan akhir pekan ini. Dua kali finis di posisi keenam dan berada dalam kondisi fisik yang baik adalah hal terbaik yang bisa dipetik dari akhir pekan ini,"" kata Aldeguer seperti dikabarkan oleh Gresini Racing.
""Kami perlu meningkatkan performa kualifikasi kami, tetapi itu adalah sesuatu yang sudah kami kerjakan sejak lama dan akan terus kami fokuskan dalam beberapa pekan ke depan.""
""Kami punya waktu satu minggu untuk membuat sedikit lagi peningkatan secara fisik, tetapi kami siap menghadapi dua balapan beruntun Misano-Austria. Kami harus berusaha untuk kembali ke podium,"" kata Aldeguer menambahkan.
(cas/ran)"
FINANCE,"Pria 36 Tahun Tajir Melintir Jualan Robot, Harta Kekayaan Rp 151 Triliun","Warga negara China Wang Xingxing, tercatat sebagai miliarder versi Forbes berkat bisnis robot humanoid yang dibangunnya. Berdasarkan catatan Forbes, pria berusia 36 tahun ini memiliki harta kekayaan sebesar US$ 8,6 miliar (real time net worth) atau sekitar Rp 151,42 triliun (asumsi kurs Rp 17.607/US$).
Mengutip Forbes, Wang Xingxing menjabat sebagai chairman sekaligus CEO di Unitree Robotics, produsen robot humanoid yang berbasis di Hangzhou, China. Ia juga menjabat sebagai CTO Unitree Robotics pada tahun 2016.
Di bawah kepemimpinannya, Unitree Robotics telah mengembangkan lebih dari selusin model robot humanoid hingga robot anjing berkaki empat yang dipasarkan secara global.
Unitree Robotics juga berhasil menghimpun dana sebesar US$ 905 juta atau sekitar Rp 15,93 triliun dari penawaran umum perdana saham (Initial Public Offering/IPO) pada Agustus 2026 lalu.
Setelah itu, perusahaan ini menjadi pembuat robot humanoid pertama di China yang melakukan penawaran umum perdana saham.
Salah satu produknya yang lebih futuristik adalah GD01, sebuah mecha yang dapat berubah bentuk dengan tinggi lebih dari 3 meter yang dapat membawa pilot manusia di kokpitnya. Produk ini dijual dengan harga mulai dari US$ 650.000 atau sekitar Rp 11,44 miliar. n
(ahi/hns)"
FINANCE,Purbaya Geram Ada Perusahaan Asing Hina Aturan RI: Kita Hantam!,"Menteri Keuangan Purbaya Yudhi Sadewa mengaku merasa dihina oleh perusahaan asing yang dinilainya meremehkan aturan di Indonesia. Ia menyebut ada pihak perusahaan yang menganggap aturan di Indonesia bisa diselesaikan dengan membayar pihak tertentu.
""Karena orang perusahaan-perusahaan sana tuh menghina saya. Dia bilang gini, nggak ada gunanya kita ikuti peraturan Indonesia, orang Indonesia akan bisa berubah. Dibayar, selesai,"" ungkap Purbaya dalam rapat dengan Komite IV DPD RI, di Kompleks Parlemen, Jakarta, Senin (14/9/2026).
Purbaya menegaskan tidak akan berkompromi terhadap praktik semacam itu. Eks Ketua Dewan Komisioner Lembaga Penjamin Simpanan (LPS) itu menyatakan siap mengambil tindakan tegas.
""Kita akan hantam yang gitu-gitu. Walaupun saya kelihatan ketawa-ketawa, dalam hati 'kurang ajar! Jadi yang itu saya nggak ada kompromi yang seperti itu,"" tegas Purbaya.
Hal ini diungkap Purbaya di tengah upayanya membenahi cara kerja jajaran perpajakan dalam mengumpulkan penerimaan negara. Purbaya mengakui proses ini menimbulkan keributan namun akan tetap dilakukannya.
""Jadi izin bapak-ibu saya sedang perbaiki di pajak juga, cara kerja mereka mengupulkan pajak. Ada keributan sedikit-sedikit, tapi nggak apa-apa,"" sebut Purbaya.
Pembenahan akan terus dilakukan untuk meningkatkan penerimaan negara sekaligus menciptakan persaingan yang lebih adil bagi pengusaha domestik. Dengan begitu, kata Purbaya, pelaku usaha dalam negeri dapat terus berkembang dan membuka lebih banyak lapangan pekerjaan.
(acd/acd)"
FINANCE,"BCA Expo 2026 Hadir Lagi di 7 Kota Besar, Ada Bunga Spesial KPR & KKB!","PT Bank Central Asia Tbk (BCA) kembali menyelenggarakan perhelatan tahunan BCA Expo Jabodetabek 2026 secara offline di ICE BSD City, Tangerang. Acara yang digelar pada 11-13 September 2026 ini hadir untuk memenuhi kebutuhan mulai dari hunian, kendaraan bermotor hingga produk gaya hidup.
Rangkaian BCA Expo 2026 diselenggarakan di tujuh kota besar di Indonesia. Rangkaian acara tahun ini terasa makin istimewa karena diawali dari Kota Surabaya pada 21-23 Agustus 2026, lalu berlanjut ke Malang, Semarang, Medan, Bandung, Bali, dan Jabodetabek.
Direktur BCA Haryanto T. Budiman mengatakan BCA Expo 2026 dirancang sebagai sarana pemenuhan kebutuhan nasabah yang saling melengkapi. Ia juga menuturkan sektor pembiayaan properti dan otomotif memiliki peranan vital dalam menggerakkan roda perekonomian nasional.
""Karena KPR ini sangat-sangat penting. Industri properti ini memiliki banyak sekali industri turunan. Jadi kalau KPR tumbuh, perekonomian kita juga akan tumbuh,"" kata Haryanto, Jumat (11/9/2026).
Sementara itu, Direktur BCA Santoso mengatakan kehadiran gelaran pameran ini diharapkan membawa dampak positif bagi peningkatan daya beli masyarakat.
""Tapi dari semuanya, yang sangat penting buat kami adalah ini untuk mendorong ekonomi nasional. Karena ujung-ujungnya diharapkan dengan terus-menerus mendorong dari properti, transportasi, juga pariwisata, otomatis meningkatkan daya beli,"" jelas Santoso.
Bunga Spesial & Inovasi Angsuran Terencana
Selama pameran berlangsung, BCA menghadirkan penawaran utama berupa Bunga Spesial KPR BCA sebesar 1,23% eff. p.a. fixed 1 tahun khusus rumah baru dari mitra developer, serta biaya provisi 0,81%.
Tak hanya tawaran bunga menarik, BCA turut meluncurkan fitur anyar bernama Fixed Terencana pada KPR BCA. Ketua Panitia BCA Expo 2026 Melani Megawati mengungkapkan fitur ini disiapkan agar nasabah lebih terencana dalam mengambil fasilitas KPR.
""Jadi, untuk kali ini memang selain promo yang spesial, kita juga mengeluarkan satu fitur baru namanya angsuran terencana. Nah, di mana fitur ini memudahkan untuk nasabah kita pada saat merencanakan pembelian rumah melalui KPR. Sehingga pada saat diambil kredit KPR-nya, itu sudah mulai bisa merencanakan ke depannya seperti apa,"" ujar Melani.
Untuk sektor otomotif, Kredit Kendaraan Bermotor (KKB) BCA menawarkan bunga spesial 1,80% flat p.a. untuk mobil baru jenis passenger car. Sementara Kredit Sepeda Motor (KSM) BCA memberikan bunga mulai dari 5,69% flat p.a. untuk merek dan tipe motor tertentu dengan harga OTR mulai Rp100 juta.
Kehadiran Brand, Merchant, dan Pengalaman On-Site
Area pameran BCA Expo Jabodetabek 2026 di ICE BSD City dimeriahkan oleh 25 mitra developer properti, 28 merek dealer mobil dengan ragam pilihan varian EV, hybrid, maupun combustion, serta 27 merek dealer motor offline. Di samping itu, ajang pameran turut diwarnai momen peluncuran eksklusif unit mobil Mercedes-Benz The All-New CLA 200.
Layanan finansial serbaguna juga didukung penuh oleh anak perusahaan seperti BCA Insurance, BCA Life, BCA Digital, BCA Syariah, hingga BCA Sekuritas. Kolaborasi bersama Blibli dan tiket.com menghadirkan BCA tiket.com Travel Fair yang menawarkan instant cashback Blibli Tiket Points hingga Rp2 juta serta fasilitas cicilan BCA 0% hingga 12 bulan.
Sebagai bentuk dukungan terhadap UMKM lokal, pameran ini turut melibatkan 12 tenant UMKM binaan Bangga Lokal, 3 Desa Binaan Bakti BCA, 8 tenant retail, serta ragam kuliner di area F&B.
Akses Online Hingga 31 Oktober 2026
Bagi nasabah yang berhalangan hadir ke pameran fisik, seluruh penawaran promo dan katalog produk pilihan tetap dapat diakses secara online melalui situs resmi expo.bca.co.id hingga 31 Oktober 2026.
Melani juga membeberkan alasan pelaksanaan jalur daring dibuat dengan durasi yang lebih panjang.
""Kenapa lebih lama? KPR itu kan kadang kalau nasabah memilih rumah itu kan cukup lama, cukup panjang waktunya ya. Jadi pada saat nasabah memilih, dia bisa pilih-pilih rumah dulu di mana, terus dia mengajukan KPR-nya. Nah, ini butuh waktu yang cukup lama, dia bisa lihat-lihat juga di online kita,"" kata Melani.
Selain itu, Melani mengajak masyarakat untuk dapat memanfaatkan kesempatan transaksi secara fleksibel dan aman.
""Jangan khawatir Bapak Ibu kalau kebetulan offline-nya tidak bisa datang, Bapak Ibu bisa ke laman kami di expo.bca.co.id. Bapak Ibu bisa menikmati sampai tanggal 31 Oktober, bisa lihat-lihat rumah yang ada di sana, bisa lihat-lihat mobil yang ada di sana, juga sepeda motor yang ada di sana. Dan bisa menikmati program tanpa harus keluar rumah,"" pungkasnya."
FINANCE,"IHSG Melemah 1,43%, Kapitalisasi Pasar Bursa RI Susut Jadi Rp 11.446 T","Indeks Harga Saham Gabungan (IHSG) ditutup melemah sepanjang periode perdagangan 7-11 September 2026. Kapitalisasi pasar Bursa Efek Indonesia (BEI) juga turun sepanjang periode perdagangan tersebut.
Berdasarkan data BEI, IHSG turun 1,43% yang ditutup pada level 6.541,377 pada perdagangan Jumat (11/9) kemarin. Melemah dibandingkan pekan sebelumnya, yakni ditutup pada level 6.636,475.
Sementara kapitalisasi pasar BEI turun sebesar 1,32% menjadi Rp 11.446 triliun di periode perdagangan sepekan terakhir. Angka terus menyusut dari periode pekan sebelumnya, yakni sebesar Rp 11.599 triliun.
Di sisi lain, rata-rata nilai transaksi harian juga turun hingga 14,88% menjadi Rp 16,36 triliun dari Rp 19,22 triliun pada pekan sebelumnya. Sementara rata-rata volume transaksi harian BEI pekan ini turun hingga 26,34% menjadi 36,09 miliar lembar saham dari 48,99 miliar lembar saham di pekan sebelumnya.
Adapun rata-rata frekuensi transaksi harian BEI juga melemah sebesar 7,07% menjadi 2,22 juta kali transaksi dari 2,39 juta kali transaksi pada pekan lalu. Pada penutupan perdagangan Jumat kemarin, investor asing juga melakukan jual bersih terhadap saham Indonesia.
""Adapun investor asing hari ini (Jumat) mencatatkan nilai jual bersih Rp 690,19 miliar dan sepanjang tahun 2026 investor asing telah mencatatkan nilai jual bersih sebesar Rp 71,415 triliun,"" ungkap Sekretaris Perusahaan BEI, Elsierra Putri Yosita, dalam keterangannya dikutip Sabtu (12/9/2026).
(ahi/hns)"
FINANCE,"Heboh Kabar Pungli Bansos, Bapanas Buka Suara","Badan Pangan Nasional (Bapanas) angkat bicara terkait laporan dugaan pungutan terhadap penerima bantuan pangan di beberapa daerah untuk penyaluran Juli-September 2026. Bapanas menegaskan pemerintah akan menindaklanjuti setiap dugaan pungutan yang terjadi di lapangan selama proses distribusi berlangsung.
Direktur Distribusi dan Cadangan Pangan Bapanas Rachmi Widiriani mengatakan pihaknya tidak menoleransi praktik pungutan dalam bentuk apa pun terhadap KPM, baik yang dilakukan atas nama sumbangan sukarela maupun dengan dalih lainnya. Ia memastikan seluruh bantuan pangan beras yang disalurkan pemerintah kepada Keluarga Penerima Manfaat (KPM) harus diterima secara utuh volumenya tanpa potongan dalam bentuk apa pun.
""Bantuan pangan ini hak penuh KPM dan harus diterima secara utuh volumenya serta dalam kondisi baik, tanpa potongan sepeser pun. Kami minta seluruh jajaran di daerah, mulai dari pendamping, aparat desa, hingga petugas penyalur, untuk tidak melakukan pungutan dengan alasan apa pun. Kalau ada laporan seperti ini, kami pasti tindak lanjuti bersama Perum Bulog dan pemerintah daerah,"" kata Rachmi dalam keterangannya, dikutip Minggu (12/9/2026).
Ia menyatakan telah berkoordinasi dengan Perum Bulog selaku pelaksana penyaluran, pemerintah daerah, serta Pemerintah Daerah setempat untuk menelusuri kebenaran laporan dugaan pungutan tersebut hingga tuntas. Bapanas juga membuka ruang pengaduan masyarakat melalui kanal Whistleblowing System (WBS) resmi lembaga bagi KPM maupun masyarakat yang menemukan indikasi penyimpangan dalam penyaluran bantuan pangan.
Masyarakat dapat menyampaikan pengaduan maupun pertanyaan melalui hotline Bapanas di nomor 0895391606768 atau website ppid.badanpangan.go.id.
""Kami terus memperkuat monitoring dan evaluasi langsung ke titik-titik penyaluran untuk memastikan prosesnya tertib, transparan, dan benar-benar sampai utuh ke tangan penerima. Kami imbau masyarakat tidak ragu melapor jika menemui indikasi pungutan atau penyimpangan lain di lapangan,"" tambah Rachmi.
Program bantuan pangan beras tahap kedua tahun 2026 saat ini menyasar 33.244.408 KPM di seluruh Indonesia yang masuk kategori desil 1 hingga 4 berdasarkan Data Tunggal Sosial Ekonomi Nasional (DTSEN) Kementerian Sosial. Berbeda dari skema sebelumnya yang disalurkan bertahap 10 kilogram per bulan, alokasi Juli, Agustus, dan September 2026 kali ini dirapel dan disalurkan sekaligus sebanyak 30 kilogram beras per KPM.
Total penugasan penyaluran Cadangan Pangan Pemerintah (CPP) untuk program ini mencapai 997.200 ton beras di seluruh Indonesia, dengan target penyaluran rampung pada akhir September 2026. IA menyebut proses distribusi hingga awal September 2026 telah berjalan di berbagai daerah dan terus dipantau melalui kegiatan monitoring dan evaluasi bersama Perum Bulog serta pemerintah daerah.
Rachmi menekankan bantuan pangan beras merupakan program bantuan sosial pemerintah yang seluruh biayanya telah ditanggung negara, sehingga tidak ada pungutan dalam bentuk apa pun yang sah dikenakan kepada KPM saat pengambilan bantuan, baik di kantor desa, kelurahan, maupun titik distribusi lainnya.
(acd/acd)"
SPORT,Bagnaia Kena Mental? Bos Ducati: Ada Masalah Fokus,"Manajer Tim Ducati Davide Tardozzi melontarkan kritik tajam terhadap Francesco Bagnaia setelah MotoGP Aragon. Menurutnya, masalah Bagnaia saat ini bukan soal kecepatan, melainkan aspek psikologis, secara khusus kepercayaan diri dan fokus mental.
Bagnaia kembali menjalani akhir pekan yang sulit di Aragon. Pebalap Italia itu gagal menunjukkan performa yang diharapkan Ducati dan akhirnya terjatuh dalam balapan.
Ducati sebelumnya berharap Bagnaia setidaknya mampu finis di lima besar di MotorLand Aragon. Namun, ekspektasi tersebut tidak terpenuhi. Tardozzi menyebut tim sempat mencoba perubahan saat sesi pemanasan, tetapi hasilnya tidak sesuai harapan.
""Kami berharap Bagnaia setidaknya bisa berada di lima besar di sini, tetapi kenyataannya tidak demikian. Kami mencoba sesuatu saat pemanasan yang tidak berhasil. Dia tidak memiliki kepercayaan diri, dia tidak memacu motornya, dan kami belum menemukan cara untuk mengatasi masalah ini,"" kata Tardozzi kepada TNT Sports.
Tardozzi kemudian menilai persoalan Bagnaia sudah menyentuh aspek psikologis. Menurutnya, kemampuan Bagnaia untuk melaju cepat tidak perlu diragukan, tetapi pendekatannya dalam menghadapi situasi sulit justru membatasi performanya.
""Saya pikir ini adalah masalah psikologis. Pendekatannya terkadang membatasi performanya. Kami tidak meragukan bahwa dia cepat, tetapi sekarang dia harus melewati batas tipis antara percaya diri dan menutup mata terhadap tantangan,"" ujarnya.
Pernyataan Tardozzi tersebut menjadi sorotan mengingat Bagnaia akan meninggalkan Ducati pada akhir musim. Mulai 2027, dia akan memperkuat Aprilia Racing, sementara Ducati telah memastikan Pedro Acosta sebagai rekan setim Marc Marquez untuk musim 2027 dan 2028.
(krs/bay)"
FINANCE,Kondisi Terkini Pembelian Pertalite di SPBU Makassar,"Kondisi antrean BBM Subsidi di Kota Makassar semakin landai. Dari total 45 SPBU yang melayani masyarakat, lebih dari 35 SPBU atau sekitar 80 persen telah menunjukkan kondisi antrean yang semakin kondusif. Seiring dengan membaiknya kondisi tersebut, waktu tunggu masyarakat untuk mendapatkan BBM juga semakin singkat.
Perbaikan kondisi antrean ini merupakan hasil dari upaya koordinasi dan kolaborasi yang dilakukan antara Patra Niaga bersama Pemerintah Provinsi Sulawesi Selatan untuk meningkatkan kapasitas pelayanan dan mengatur penyaluran BBM Subsidi di lapangan.
Sejumlah upaya telah dilakukan, antara lain penambahan operator dan jalur pelayanan BBM Subsidi di sejumlah SPBU, pengoperasian 25 SPBU selama 24 jam, serta penambahan titik penyaluran melalui SPBU Modular di Center Point of Indonesia (CPI). Langkah-langkah tersebut dilakukan untuk menambah kapasitas pelayanan sekaligus memberikan alternatif titik pengisian bagi masyarakat.
Selain langkah yang telah dilakukan, sejumlah upaya masih terus berjalan dan dioptimalkan. Pengoperasian SPBU selama 24 jam, penambahan operator dan jalur pelayanan, serta operasional SPBU Modular di CPI terus dipantau untuk memastikan kapasitas tambahan dapat dimanfaatkan secara optimal. Pengaturan sistem ganjil-genap juga masih diterapkan sesuai ketentuan untuk membantu menjaga kelancaran dan ketertiban pelayanan di SPBU.
Pjs. Area Manager Communication, Relations & CSR Pertamina Patra Niaga Regional Sulawesi, Okky Aditya Wibowo, mengatakan semakin landainya antrean di mayoritas SPBU merupakan hasil dari sinergi dan evaluasi yang terus dilakukan bersama Pemerintah Daerah.
""Dari total 45 SPBU di Kota Makassar, lebih dari 35 SPBU atau sekitar 80 persen sudah menunjukkan kondisi antrean yang semakin kondusif. Waktu tunggu masyarakat juga semakin singkat. Berbagai langkah yang telah kami lakukan masih terus berjalan dan kami optimalkan bersama Pemerintah Daerah agar kondisi pelayanan BBM Subsidi terus membaik,"" ujar Okky dalam keterangan resmi, Senin (14/9/2026).
Pertamina terus memastikan pelayanan BBM Subsidi berjalan secara optimal dengan memperkuat kapasitas di lapangan. Pemantauan terhadap kondisi antrean juga dilakukan secara berkala untuk melihat kebutuhan di masing-masing SPBU dan menentukan penyesuaian yang diperlukan.
Pertamina Patra Niaga Regional Sulawesi bersama Pemerintah Daerah akan terus melakukan evaluasi terhadap kondisi antrean dan pelayanan BBM Subsidi di Kota Makassar. Upaya perbaikan dan penyesuaian akan terus dilakukan sesuai perkembangan kondisi di lapangan.
Pertamina mengimbau masyarakat untuk melakukan pengisian BBM sesuai kebutuhan, mengikuti ketentuan yang berlaku, serta tidak melakukan pembelian secara berlebihan. Informasi dan pengaduan terkait produk maupun layanan Pertamina dapat disampaikan melalui Pertamina Contact Center (PCC) 135 yang melayani pelanggan selama 24 jam.
(fdl/fdl)"
SPORT,"Crutchlow Pilih Ai Ogura Jadi Favorit Setelah Marc Marquez, Ini Alasannya","Cal Crutchlow membuat prediksi menarik soal kandidat juara MotoGP 2026. Setelah Marc Marquez, ia menyebut nama Ai Ogura.
Crutchlow masih menilai Marc sebagai pebalap terbaik di grid saat ini. Tapi ketika diminta memilih favorit berikutnya, Ogura menjadi pilihannya.
""Kalau Anda bertanya kepada saya siapa pun selain Marc, saya akan memilih Ai Ogura,"" kata Crutchlow seperti dilansir Motosan.
Ogura memang sempat tampil luar biasa sebelum mengalami cedera. Pebalap Trackhouse Aprilia itu meraih lima podium dalam enam seri, termasuk kemenangan di MotoGP Belanda.
Namun, Ogura kemudian mengalami cedera tangan saat latihan di Jepang sehingga harus absen di Aragon. Dampaknya cukup besar terhadap klasemen. Setelah seri Aragon, dia turun ke posisi kelima dengan 203 poin.
Crutchlow Suka Cara Ogura Balapan
Crutchlow punya alasan teknis di balik pilihannya. Dia melihat karakter Ogura mirip dengan Dani Pedrosa, terutama dari aspek bobot tubuh. Ogura dengan berat sekitar 60 kg merupakan salah satu pebalap paling ringan di grid MotoGP. Menurut Crutchlow, kondisi tersebut membuat Ogura memiliki keunggulan dalam pengelolaan ban.
""Saya menyukainya, cara dia mengendarai motor. Satu-satunya kekurangannya adalah dia membutuhkan waktu lebih lama untuk mulai cepat dalam balapan,"" ujar Crutchlow.
""Dan saya tahu kenapa. Ini sangat mirip dengan Dani Pedrosa, yaitu soal bobot tubuhnya.""
Ogura memang cenderung tidak langsung memaksimalkan ban pada awal balapan. Konsekuensinya, dia membutuhkan waktu untuk mendapatkan kecepatan terbaik. Tapi kondisi tersebut justru bisa menjadi keuntungan menjelang akhir balapan.
""[Ai] tidak mengaktifkan ban seperti pebalap lain pada tahap awal. Kemudian di akhir balapan, dia sangat menghemat ban sehingga masih punya banyak cadangan dibandingkan yang lain. Pada balapan yang lebih panas, dia jauh lebih baik karena bisa langsung memacu,"" kata Crutchlow.
Selain itu Crutchlow juga memuji Jorge Martin, yang memuncaki klasemen MotoGP 2026 untuk sementara. Crutchlow melihat konsistensi sebagai faktor penting dalam perebutan gelar musim ini dan belakangan ini Martin disebutnya sebagai rider yang relatif konsisten.
""Jorge Martin sepertinya menjadi satu-satunya pebalap yang cukup konsisten saat ini. Dia tidak selalu menang, tetapi dia selalu ada ketika dibutuhkan,"" kata Crutchlow."
FINANCE,Prabowo Minta Institusi Keuangan Global Lebih Tanggap ke Negara Berkembang,"Presiden Prabowo Subianto menyatakan institusi keuangan internasional sudah seharusnya melakukan transformasi. Perubahan harus dilakukan dalam rangka lebih tanggap pada kebutuhan negara-negara berkembang.
Menurut Prabowo institusi-institusi tersebut harus bisa menyediakan akses yang lebih baik terhadap sumber modal dan sumber daya bagi negara-negara berkembang untuk menjadi maju.
""Institusi keuangan internasional kita juga harus bertransformasi. Institusi-institusi tersebut harus lebih tanggap terhadap kebutuhan negara-negara berkembang,"" tegas Prabowo dalam pidatonya di BRICS Summit India 2026, dikutip Minggu (13/9/2026).
Di sisi lain, BRICS juga harus bisa memperkuat kapasitasnya untuk berkontribusi pada ketahanan global. Aliansi ekonomi itu juga harus mampu memobilisasi sumber daya untuk memperkuat kapasitas negara-negara berkembang anggotanya
""Dengan memobilisasi sumber daya untuk infrastruktur dan pembangunan, kita dapat memperkuat kapasitas Global South untuk membiayai masa depannya sendiri,"" ujar Prabowo.
Dia juga sempat menyinggung ada sebuah pepatah lama Indonesia, yaitu 'Bersatu Kita Teguh, Terpecah Kita Runtuh.' Pepatah itu menurutnya menjadi pesan agar negara berkembang yang beraliansi dengan BRICS harus menjaga solidaritasnya.
""Kearifan sederhana ini mencerminkan semangat yang menyatukan negara-negara Global South dari Asia dan Afrika beberapa dekade yang lalu di Bandung,"" pungkas Prabowo.
(acd/acd)"
FINANCE,Pertamina Batasi Pembelian BBM Maksimal 3 Liter di SPBU Modular Makassar,"PT Pertamina Patra Niaga terus melakukan berbagai langkah penguatan pelayanan dan distribusi BBM dengan menempatkan tiga SPBU modular di kawasan Center Point of Indonesia (CPI), sekitar Masjid 99 Kubah, Makassar. SPBU modular ini hanya melayani pembelian Pertalite untuk kendaraan roda dua yang pengisiannya maksimal 3 liter.
Pjs. Area Manager Communication, Relation, & CSR Pertamina Patra Niaga Regional Sulawesi, Okky Aditya Wibowo, mengatakan dalam pelaksanaan pembelian BBM jenis Pertalite untuk kendaraan roda dua umum, diberlakukan sistem ganjil-genap berdasarkan nomor polisi kendaraan.
Sementara khusus kendaraan ojek online (OJOL), tidak diberlakukan sistem ganjil-genap. Okky mengatakan bahwa selesai penempatan ini merupakan hasil kolaborasi dengan Pemerintah Provinsi Sulawesi Selatan untuk menambah titik pelayanan dan membantu mengurai konsentrasi kendaraan di SPBU eksisting.
Selain penambahan SPBU modular, Pertamina Patra Niaga terus memperkuat pelayanan melalui rekonfigurasi SPBU, penambahan nozzle dan operator, serta pengoperasian 25 SPBU selama 24 jam. Distribusi BBM juga terus dilakukan setiap hari untuk menjaga ketersediaan pasokan dan kelancaran pelayanan kepada masyarakat.
Ia mengatakan bahwa dengan langkah yang telah dilakukan, kondisi antrean di sejumlah SPBU Makassar menunjukkan perkembangan yang semakin baik.
""Kami melihat kondisi antrean di sejumlah SPBU Makassar hari ini semakin landai. Kami terus memperkuat pelayanan melalui penambahan titik pengisian, pengoperasian SPBU 24 jam, penambahan nozzle dan operator, serta memastikan distribusi BBM terus berjalan. Kami juga mengapresiasi dukungan Pemerintah Provinsi Sulawesi Selatan dan masyarakat yang bersama-sama mengikuti pengaturan di lapangan,"" ujar Okky dalam keterangan tertulis, Senin (14/9/2026).
Sementara itu, Direktur Utama PT Pertamina (Persero) Simon Aloysius Mantiri turut hadir langsung di Makassar untuk memastikan berbagai langkah penanganan dan penguatan pelayanan berjalan di lapangan. Kehadiran tersebut menjadi bagian dari penguatan pengawasan dan memastikan kebutuhan penanganan dapat segera ditindaklanjuti bersama stakeholder di daerah.
Pemerintah Provinsi Sulawesi Selatan melalui Dinas ESDM terus mendukung langkah penanganan di lapangan, termasuk dalam penyediaan lokasi dan fasilitas pendukung untuk titik pelayanan tambahan.
Pertamina Patra Niaga Regional Sulawesi akan terus memantau kondisi SPBU dan melakukan evaluasi terhadap pelayanan serta distribusi BBM sesuai perkembangan di lapangan.
Bersama Pemerintah Provinsi Sulawesi Selatan dan stakeholder terkait, Pertamina berkomitmen terus memperkuat pelayanan agar masyarakat dapat memperoleh BBM dengan lebih lancar dan menjalankan aktivitas sehari-hari.
Masyarakat dapat memperoleh informasi maupun menyampaikan laporan terkait pelayanan dan penyaluran BBM melalui Pertamina Contact Center (PCC) 135.
(hrp/fdl)"
FINANCE,Kronologi Kapal Virgo Hilang Kontak di Laut Jawa,"Insiden maut kembali terjadi pada dunia pelayaran Indonesia. KMP Virgo Transport 8 hilang kontak di perairan Laut Jawa.
KMP Virgo Transport 8 adalah kapal jenis roro penumpang berbendera Indonesia berukuran 8.540 GT. Kapal tersebut dinakhodai oleh Arief Yunianto serta dioperasikan oleh PT Virgo Karya Shipping saat insiden maut terjadi.
KMP Virgo Transport 8 diketahui membawa total 243 orang, terdiri dari 30 kru, 27 mitra kerja kapal, 59 penumpang dewasa, 1 anak-anak, serta 126 sopir dan kernet. Kapal tersebut juga membawa 89 unit kendaraan.
Ditjen Perhubungan Laut Kementerian Perhubungan lewat KSOP kelas I Banjarmasin buka-bukaan kronologi kejadian maut KMP Virgo Transport 8. Kepala Kantor KSOP Banjarmasin Heri Purwanto menjelaskan ulanya kapal tersebut bertolak dari Pelabuhan Surabaya pada 12 September 2026 pukul 06.52 LT dengan tujuan Pelabuhan Banjarmasin.
Lebih lanjut kapal tersebut mengalami kondisi listing atau miring ke atas dan kehilangan kontak di sekitar perairan Masalembo, Laut Jawa pada tanggal 13 September 2026 sekitar pukul 02.00 LT.
""Kami telah merespons cepat laporan insiden yang dialami KMP Virgo Transport 8 di wilayah perairan Masalembo. Fokus dan prioritas utama kami saat ini adalah keselamatan seluruh pihak yang berada di atas kapal melalui pengerahan operasi penyelamatan yang terkoordinasi,"" ujar Heri Purwanto dalam keterangan resmi, Minggu (13/9/2026).
Kantor KSOP Kelas I Banjarmasin juga langsung melakukan langkah-langkah penanganan darurat. Salah satunya dengan mendirikan posko di Terminal Penumpang Bandarmasih Pelabuhan Trisakti Banjarmasin.
Posko ini bertujuan untuk penanganan serta membangun koordinasi intensif dengan pihak terkait seperti Basarnas, BUP PT. Pelindo, Kantor Distrik Navigasi Banjarmasin (VTS), Kepanduan PT. Pelindo III Banjarmasin, pihak keagenan kapal serta pihak keluarga.
Sementara itu, upaya evakuasi dan penanggulangan di lapangan langsung dilaksanakan oleh unsur SAR gabungan bersama BASARNAS Banjarmasin, serta dibantu oleh kapal-kapal yang berada di sekitar lokasi kejadian, yakni KM. Hai Da, MT. Mau Ha, dan TB. TCP. Selain itu, Distrik Navigasi Tipe A Kelas II Banjarmasin turut mengerahkan Kapal Negara Kenavigasian KN Kunyit untuk membantu proses evakuasi.
Di sisi lain, Menteri Perhubungan Dudy Purwagandhi mengatakan Komisi Nasional Keselamatan Transportasi (KNKT) akan langsung diterjunkan untuk melakukan investigasi secara menyeluruh soal penyebab terjadinya insiden ini.
""Terkait penyebab terjadinya musibah ini, pemerintah akan melakukan investigasi secara menyeluruh. Proses tersebut akan dilaksanakan oleh KNKT sesuai dengan kewenangannya,"" ujar Dudy dalam keterangan video pada Minggu sore.
Pihaknya meminta semua pihak dapat memberikan kesempatan kepada KNKT untuk bekerja secara profesional, independen, dan berbasiskan data serta fakta. Hasil investigasi nantinya dapat menjadi dasar perbaikan penyelenggaraan keselamatan pelayaran.
(acd/acd)"
SPORT,"Abdul Kadir Karding Jadi Ketum Perbasasi, Singgung Pembinaan dan Prestasi","Abdul Kadir Karding jadi Ketum Perserikatan Baseball Softball Seluruh Indonesia (PB Perbasasi) periode 2026-2030. Dirinya singgung soal pembinaan dan prestasi.
Abdul Kadir Karding terpilih secara aklamasi sebagai Ketua Umum Pengurus Besar Perserikatan Baseball Softball Seluruh Indonesia (PB Perbasasi). Usai terpilih, Karding menegaskan langkah awal kepengurusannya akan difokuskan pada konsolidasi organisasi sebagai fondasi untuk membangun ekosistem baseball dan softball Indonesia yang lebih kuat.
""Kalau kita tidak solid, kita tidak bisa apa-apa. Jadi kita harus solid dulu, kuat dulu. Setelah itu baru kita bisa membangun target-target prestasi,"" ujar Karding dalam sambutannya di Tangerang, Senin, (31/8).
Karding mengusung agenda modernisasi dan kolaborasi untuk memperkuat tata kelola organisasi. Salah satu langkah yang akan didorong adalah pembangunan basis data yang lebih baik bagi pembinaan baseball dan softball di Indonesia.
Selain itu, Perbasasi juga akan memperkuat sistem pembinaan atlet secara berjenjang.
""Pembinaan yang berjenjang menjadi penting. Tetapi yang tidak kalah penting adalah bagaimana masyarakat dibuat mencintai baseball dan softball,"" katanya.
Untuk meningkatkan popularitas olahraga tersebut, Karding mendorong pembentukan klub-klub baseball dan softball melalui kerja sama dengan berbagai pihak, termasuk pemerintah daerah dan sektor swasta.
Ia menilai jaringan yang dimiliki para pengurus dan pemangku kepentingan dapat dimanfaatkan untuk memperluas basis pembinaan dan meningkatkan partisipasi masyarakat.
Selain itu, Karding menargetkan Perbasasi mampu meningkatkan prestasi Indonesia di berbagai kompetisi. Ia menyebut keinginan untuk membawa baseball dan softball Indonesia masuk jajaran 10 besar pada sejumlah level kompetisi. Tentu, harus dibangun melalui fondasi organisasi yang kuat.
""Target kita tentu prestasi. Bisa SEA Games, Asian Games, bahkan Olimpiade. Tetapi dana, jaringan, organisasi, dan model pembinaan harus menjadi satu ekosistem baseball dan softball yang baik,"" ujarnya.
Karding mengakui persoalan pendanaan menjadi salah satu tantangan utama dalam pengelolaan organisasi olahraga. Karena itu, Perbasasi akan mencari berbagai alternatif pendanaan dan memperkuat kolaborasi dengan berbagai pihak agar program pembinaan dan pengembangan organisasi dapat berjalan secara berkelanjutan.
Ia juga membuka ruang keterlibatan yang lebih luas bagi berbagai unsur dalam struktur organisasi Perbasasi. Menurutnya, membangun organisasi tidak dapat dilakukan seorang diri tetapi membutuhkan kerja bersama seluruh pengurus, pengurus daerah, komunitas, atlet, serta pemangku kepentingan lainnya.
""Kita rekonsiliasikan dan kita bangun bersama. Target kita adalah menciptakan ekosistem baseball dan softball yang baik, organisasi yang kuat, serta prestasi Indonesia di tingkat dunia,"" kata Karding.
""Saya tidak bisa bekerja sendiri. Saya berharap semua yang ada di sini bisa terlibat. Kita ingin punya ekosistem baseball dan softball yang bagus, Perbasasi yang kuat, dan prestasi Indonesia di tingkat dunia,"" pungkasnya.
Lihat juga Video: Apa Itu Badan Karantina Indonesia yang Kini Dipimpin Kadir Karding"
FINANCE,Sering Hitung Data Keuangan di Excel? Yuk Kuasai Rumus yang Tepat,"Bagi orang yang bekerja di bidang akuntansi, Excel sudah menjadi salah satu tools yang sering digunakan untuk mengolah data keuangan.
Mulai dari mencatat transaksi, menghitung angka, membuat rekap, sampai menyusun laporan, semuanya bisa dilakukan dengan Excel.
Namun, semakin banyak data yang harus dikerjakan, semakin penting juga memahami rumus dan fungsi Excel yang tepat. Kalau masih mengandalkan perhitungan manual, pekerjaan bisa menjadi lebih lama dan kesalahan dalam memasukkan atau menghitung data juga lebih mudah terjadi.
Bukan Cuma Bisa Menghitung, Excel Juga Bisa Bantu Analisis
Excel memiliki banyak fungsi yang dapat digunakan untuk kebutuhan akuntansi dan keuangan. Misalnya, rumus What-If Analysis yang dapat digunakan untuk melihat kemungkinan hasil dari beberapa kondisi atau skenario keuangan. Dengan memahami fungsi tersebut, Excel bisa dimanfaatkan bukan hanya untuk menghitung data, tetapi juga membantu proses analisis.
Sayangnya, tidak semua pengguna Excel terbiasa menggunakan fungsi-fungsi tersebut. Banyak yang sudah bisa menggunakan rumus dasar, tetapi masih bingung ketika harus mengolah data keuangan dengan kebutuhan yang lebih spesifik.
Belajar Excel yang Lebih Relevan dengan Pekerjaan Akuntansi
Untuk kamu yang ingin meningkatkan kemampuan Excel khususnya untuk kebutuhan accounting dan finance, Excel Accounting Accelerator Program Reguler Batch 10 bisa menjadi pilihan.
Program ini membahas berbagai penggunaan Excel untuk akuntansi dan keuangan, mulai dari formula dan pengolahan data, Pivot Table, Data Validation, analisis keuangan, hingga pembuatan dashboard laporan. Peserta juga akan belajar melalui latihan dan studi kasus sehingga penggunaan Excel tidak hanya dipahami secara teori.
Program berlangsung secara online melalui Zoom dalam 4 kali pertemuan pada 21, 22, 28, dan 29 September 2026, pukul 18.30-20.30 WIB.
Kalau kamu masih sering mengolah data keuangan di Excel dengan cara manual atau belum yakin menggunakan rumus yang tepat, yuk tingkatkan kemampuan Excel-mu untuk kebutuhan akuntansi dan keuangan. Daftarkan diri melalui detikevent dan ikuti kelasnya.
(hns/hns)"
FINANCE,"Naik Lagi, Harga Minyak Tembus US$ 107 per Barel!","Harga minyak dunia kembali melesat setelah Arab Saudi menutup East-West Pipeline, jalur penting yang selama ini digunakan untuk mengirim minyak tanpa melewati Selat Hormuz.
Dilansir dari CNBC, Senin (14/9/2026), pada perdagangan Minggu, harga minyak West Texas Intermediate (WTI) naik 2,8% menjadi US$ 102,87 per barel. Harga minyak Brent juga terkerek 3,1% ke level US$ 107,87 per barel.
Penutupan dilakukan setelah East-West Pipeline rusak akibat serangan drone yang diluncurkan dari Irak pada Kamis. Hingga kini, pemerintah Arab Saudi belum mengungkap tingkat kerusakan pipa maupun berapa lama jalur tersebut akan berhenti beroperasi.
Serangan itu juga berimbas pada agenda diplomatik di kawasan. Pertemuan Iran dengan negara-negara Arab Teluk yang sedianya digelar Senin di Oman untuk membahas situasi Selat Hormuz akhirnya ditunda.
""Demi mencapai kesepakatan bersama, pertemuan regional yang dijadwalkan besok di Salalah telah ditunda. Kami tetap berkomitmen mendorong dialog yang mendukung stabilitas dan kerja sama jangka panjang di kawasan,"" kata Menteri Luar Negeri Oman Badr Albusaidi, Minggu.
Sementara itu, kondisi keamanan di Selat Hormuz masih belum mereda. Sebuah kapal tanker kembali mendapat serangan pada Minggu hingga mengalami kebakaran hebat, berdasarkan laporan United Kingdom Maritime Trade Operations Center.
East-West Pipeline memiliki kapasitas hingga 7 juta barel minyak per hari. Jalur ini membentang melintasi Arab Saudi, menghubungkan kawasan penghasil minyak di dekat Teluk Persia dengan terminal ekspor di pesisir Laut Merah.
Keberadaan pipa tersebut menjadi semakin penting sejak perang Iran mengganggu pasokan minyak. Saudi memanfaatkannya untuk mengalihkan pengiriman minyak dari kawasan Teluk di tengah perebutan kendali Selat Hormuz antara Iran dan Amerika Serikat (AS).
CEO Saudi Aramco Amin Nasser bahkan pernah menyebut pipa tersebut lebih berperan dalam menjaga stabilitas pasar minyak dibandingkan pelepasan cadangan minyak strategis secara besar-besaran yang dipimpin AS. Pernyataan itu disampaikan Nasser dalam paparan kinerja perusahaan pada Agustus.
Tekanan terhadap Arab Saudi juga datang dari kelompok-kelompok bersenjata yang bersekutu dengan Iran. Pada awal pekan lalu, kelompok Houthi di Yaman menyerang fasilitas energi dan sejumlah aset sipil di Saudi.
Berdasarkan laporan media pemerintah Saudi, serangan itu menyebabkan lebih dari 70 orang terluka. Houthi juga dilaporkan telah merebut Pulau Perim yang berada di Selat Bab el-Mandeb setelah sebelumnya menguasai kota pelabuhan Mokha di pesisir barat Yaman.
Penguasaan wilayah tersebut membuat posisi Houthi semakin kuat untuk mengganggu lalu lintas minyak melalui Bab el-Mandeb, salah satu akses yang menghubungkan Laut Merah bagian selatan dengan pasar global. Sebelumnya, Houthi telah mengumumkan embargo maritim terhadap Arab Saudi pada Juli.
Simak juga Video 'Wapres AS: Harga Minyak Tinggi karena Iran Tembaki Kapal di Selat Hormuz':
(acd/acd)"
FINANCE,"Beli AC Baru 1 PK di Transmart Full Day Sale, Bisa Diskon Rp 1,7 Juta!","Transmart kembali menggelar program belanja hemat Full Day Sale pada Minggu, 13 September 2026. Mulai toko buka hingga pukul 22.00 WIB, pelanggan bisa menikmati diskon besar-besaran untuk berbagai produk pilihan, salah satunya AC Split 1 PK.
Diskon hingga 50% + 20% diberikan, membuat harganya turun dari harga normal mulai Rp 5.759.000 menjadi harga promo mulai Rp 5.019.000. Di momen spesial ini, harga tersebut kembali dipotong menjadi hanya Rp 4.015.200 per unit.
Artinya, total potongan harga yang bisa didapat mencapai Rp 1.743.800 dari harga normal. Promo tersebut bisa dinikmati dengan menggunakan Kartu Kredit Bank Mega, Bank Mega Syariah.
Selama Transmart Full Day Sale, berbagai promo dengan diskon hingga 50% + 20% bisa dinikmati pelanggan. Promo berlaku dengan syarat dan ketentuan, serta minimal transaksi Rp 300.000 dan tidak berlaku untuk pembelian partai besar.
Jadi tunggu apa lagi? Segera merapat ke Transmart terdekat dan nikmati berbagai promo khusus di Transmart Full Day Sale, Minggu, 13 September 2026.
(hns/hns)"
FINANCE,Pengusaha Dorong KUR Lebih Mudah dan Tepat Sasaran,"Pelaku usaha mendorong akses Kredit Usaha Rakyat (KUR) dibuat lebih mudah, transparan, dan tepat sasaran. Kemudahan pembiayaan dinilai penting bagi pengusaha muda dan UMKM untuk meningkatkan kapasitas usaha hingga membuka lapangan kerja.
Ketua Umum BPP Himpunan Pengusaha Muda Indonesia (HIPMI) Ade Jona Prasetyo mengatakan KUR merupakan salah satu instrumen pemerintah untuk memperluas akses pembiayaan bagi dunia usaha. Karena itu, pelaksanaannya perlu diperkuat agar bisa menjangkau pelaku usaha yang memiliki potensi untuk berkembang.
""KUR harus menjadi salah satu tangga bagi pengusaha untuk naik kelas. Banyak pengusaha muda memiliki usaha dan pasar yang terus berkembang, tetapi untuk memperbesar kapasitas tentu membutuhkan akses pembiayaan yang memadai. Ketika usahanya tumbuh, lapangan kerja yang mereka ciptakan juga akan semakin besar,"" ujar Ade Jona, Senin (14/9/2026).
Menurutnya, prinsip kehati-hatian dalam penyaluran pembiayaan tetap diperlukan. Namun, pelaku usaha juga membutuhkan informasi yang mudah dipahami mengenai persyaratan, proses, dan mekanisme pengajuan KUR.
Untuk mendukung hal tersebut, BPP HIPMI menyiapkan kanal aspirasi dan pendampingan KUR melalui jaringan HIPMI di berbagai daerah. Kanal ini menjadi ruang bagi pelaku usaha untuk menyampaikan pengalaman, masukan, maupun kendala ketika mengakses pembiayaan KUR.
""HIPMI memiliki jaringan pengusaha sampai ke daerah. Kami ingin mendengar langsung apa yang mereka alami ketika mengakses pembiayaan. Kalau persoalannya kesiapan usaha atau administrasi, kita bantu arahkan. Kalau ada persoalan yang membutuhkan komunikasi dengan pihak terkait, HIPMI siap menjadi jembatan,"" kata Ade Jona.
Masukan yang diterima nantinya akan ditelaah dan dipetakan untuk melihat apakah terdapat persoalan yang berulang di berbagai daerah. Hasil pemetaan tersebut kemudian dapat menjadi masukan dalam memperkuat ekosistem KUR.
Ade Jona menegaskan langkah tersebut bukan untuk mencari kesalahan pemerintah maupun lembaga penyalur. Menurutnya, yang diperlukan adalah kolaborasi antara pemerintah, perbankan, dan dunia usaha agar program pembiayaan dapat berjalan lebih efektif.
""Semangatnya adalah mencari solusi bersama. Pemerintah sudah memberikan dukungan melalui KUR, lembaga keuangan menjalankan penyaluran dengan prinsip kehati-hatian, sementara HIPMI bisa membantu dari sisi kesiapan dan pengalaman pengusaha di lapangan,"" jelasnya.
Ke depan, akses pembiayaan juga diharapkan dapat mengikuti perkembangan sebuah usaha. Menurut Ade Jona, tantangan Indonesia bukan hanya melahirkan pengusaha baru, tetapi juga memastikan usaha yang sudah tumbuh memiliki kesempatan untuk berkembang menjadi perusahaan yang lebih besar.
""Semakin banyak pengusaha yang naik kelas, semakin besar kapasitas ekonomi yang kita bangun. Mereka akan membuka usaha baru, memperluas produksi, menyerap tenaga kerja, dan menciptakan nilai tambah. Itu yang ingin HIPMI dorong bersama pemerintah dan seluruh ekosistem pembiayaan,"" tutup Ade Jona.
(fdl/fdl)"
SPORT,"China Masters 2026: Jonatan Christie Kalahkan Leong Jun Hao, Maju ke 16 Besar","Bertanding di Court 1, Shenzhen Arena, Selasa (1/9/2026), Jonatan yang menjadi unggulan pertama di dalam turnamen BWF Super 750 itu membutuhkan waktu 44 menit untuk mengunci kemenangan.
Pada gim pertama, Jonatan langsung mengamankan kemenangan dengan skor 21-17. Leong Jun Hao berusaha memberikan perlawanan, tetapi Jonatan mampu menjaga keunggulan dari awal hingga gim berakhir.
Persaingan lebih ketat terjadi pada gim kedua. Jonatan akhirnya kembali menang dengan skor 21-19 untuk memastikan kemenangan dua gim langsung.
Dengan hasil tersebut, Jonatan Christie melaju dari babak 32 besar setelah mengalahkan wakil Malaysia tersebut. Di China Masters 2026 ini sendiri Indonesia memiliki empat orang wakil.
Selain Jonatan Christie, ada tiga wakil lain dari nomor ganda. Ketiganya adalah pasangan ganda putra yakni Leo Rolly Carnando/Daniel Marthin, Sabar Karyaman Gutama/Moh Reza Pahlevi Isfahani, dan Ali Faathir Rayhan/Devin Artha Wahyudi.
Sejumlah nama lain yang sempat masuk daftar undian pekan lalu urung tampil. Mereka adalah Alwi Farhan, Putri Kusuma Wardani, dan Fajar Alfian/Muhammad Shohibul Fikri.
Simak juga Video: Jonatan Christie: Hampir Seumur Hidup untuk Bulu Tangkis Indonesia
(krs/bay)"
FINANCE,IHSG Melemah Sambut Awal Pekan,"Indeks Harga Saham Gabungan (IHSG) pagi ini dibuka di zona merah. IHSG terpantau turun dan berada level 6.500-an.
Dikutip dari RTI, Senin (14/9/2026), IHSG pukul 9.05 WIB berada di level 6.537,21, turun 0,06% atau 4,16 poin.
Pergerakan IHSG pada pembukaan berada di level 6.533,86 dengan level tertinggi 6.540,11 dan terendah 6.515,04.
Volume transaksi tercatat 2,01 miliar saham, turnover Rp 1,02 triliun dengan frekuensi transaksi 148.772 kali. Sebanyak 248 saham menguat, 280 saham melemah, dan 182 saham tidak mengalami perubahan.
Sementara itu pada indeks saham di Asia lainnya, Nikkei terpantau anjlok 1,93%, Hang Seng melemah 0,60%, dan Shanghai Composite Index turun 1,18%
(acd/acd)"
SPORT,Mangkuluhur Cup: Ketika Golf Bukan Lagi Sekadar Olahraga,"Golf memang jadi salah satu olahraga papan atas dunia. Tapi bukan sekadar adu kemampuan, golf bisa merambah ke banyak sektor termasuk bisnis.
Bagi sebagian orang golf memang bukan cuma mencari keringat dan prestasi, tapi juga sarana strategis untuk membangun jaringan bisnis, melatih mental, dan menjaga kesehatan.
Itulah mengapa banyak turnamen golf digelar di Indonesia tidak cuma untuk atlet, tapi juga para para pemain amatir dan penikmat. Salah satunya yang baru dilakukan oleh Inventra, platform trading forex dan CFD berlisensi Bappebti (Badan Pengawas Perdagangan Berjangka Komoditi).
Untuk memperkuat engagement di luar jaringan, Inventra menjadi sponsor Mangkuluhur Cup 2026, turnamen golf yang diikuti oleh 400 peserta dari berbagai wilayah Indonesia di New Kuta Golf, Bali, 21-22 Agustus lalu.
Pesertanya sebagian besar adalah para pebisnis, sehingga menjadikan turnamen ini sekaligus salah satu turnamen golf komunitas dengan jumlah peserta terbesar yang digelar di New Kuta Golf sepanjang 2026.
Golf dipilih bukan tanpa alasan. Sebagai olahraga yang identik dengan kalangan pebisnis dan profesional, golf menjadi titik temu alami antara komunitas olahraga dan komunitas bisnis - ruang yang relevan bagi Invetra untuk memperkenalkan diri kepada calon trader dan mitra baru di luar kanal digitalnya.
Selama dua hari turnamen, Invetra hadir bukan sekadar lewat logo di banner. Perusahaan membuka booth interaktif untuk memperkenalkan dan mengedukasi peserta seputar aplikasi trading Invetra, dilengkapi merchandise eksklusif bagi pengunjung booth.
Sebagai nilai tambah bagi peserta yang tertarik memulai perjalanan trading-nya, Invetra turut menghadirkan promo pendaftaran senilai 500 dolar AS khusus untuk peserta turnamen - menjadikan partisipasi di Mangkuluhur Cup sebagai pintu masuk langsung bagi calon trader baru untuk mengenal platform Invetra.
""Melalui Tournament Golf Mangkuluhur Cup 2026, kami melihat kesempatan untuk memperkenalkan Invetra kepada lebih banyak kalangan, termasuk para profesional yang hadir dari berbagai latar belakang. Bagi kami, ajang seperti ini menjadi cara yang efektif untuk membangun koneksi secara langsung dengan calon trader dan mitra bisnis, sekaligus melengkapi kehadiran kami di kanal digital,"" ujar Jufri Ramadhan Sinurat selaku Direktur PT Invetra Teknologi Berjangka dalam rilis kepada detikSport.
Darma Mangkuluhur Hutomo selaku Komisaris Utama PT Intra GolfLink Resorts turut mengapresiasi keterlibatan Invetra sebagai sponsor utama tahun ini.
""Kehadiran Invetra sebagai sponsor utama memberikan dimensi baru bagi turnamen, khususnya dalam mempertemukan komunitas olahraga dengan komunitas profesional dan bisnis. Partisipasi sekitar 400 peserta pada tahun ini menunjukkan besarnya antusiasme masyarakat, dan kami berharap kolaborasi seperti ini dapat terus memberikan nilai positif bagi perkembangan komunitas dan industri di Indonesia,"" kata Darma.
Ke depannya event serupa Mangkuluhur Cup berpotensi digelar lagi karena tidak cuma jadi ajang untuk adu kemahiran bermain golf, tapi juga membangun relasi bisnis."
FINANCE,"Punya 370 Kapal, Pertamina Trans Kontinental Siapkan Armada Baru","PT Pertamina Trans Kontinental (PTK) berencana menambah kapal baru untuk memperbarui dan memodernisasi armadanya. Saat ini, perusahaan memiliki 370 kapal dan menyewa sekitar 82 kapal lainnya.
Direktur Utama PTK Harris Abdi Sembiring Meliala mengatakan penambahan kapal dilakukan sebagai bagian dari peremajaan dan modernisasi armada yang sudah ada.
Harris mengatakan langkah tersebut ditujukan untuk meningkatkan kemampuan operasional PTK sekaligus mendukung layanan kepada pelanggan.
""Ke depan, kami akan perkuat modernisasi, digitalisasi serta green supporting vessel. Ini adalah masa depan PTK,"" ujar Harris pada sambutannya saat Syukuran HUT ke-57 PTK di Kantor PTK Jakarta, Rabu 9 September 2026.
PTK merupakan anak usaha PT Pertamina (Persero) yang bergerak di bidang jasa maritim. Perusahaan didirikan pada 1969 dengan nama PT Pertamina Tongkang sebagai penyedia jasa kapal pandu tunda. Nama perusahaan berubah menjadi PT Pertamina Trans Kontinental pada 2011.
Saat ini, bisnis PTK mencakup penyediaan dan operasional kapal penunjang, pengelolaan pelabuhan, layanan maritim, serta pangkalan logistik pesisir di sejumlah wilayah Indonesia.
Selain menambah dan memperbarui armada, PTK juga mengembangkan penggunaan teknologi pada operasional kapal. Harris mengatakan digitalisasi telah diterapkan di berbagai fungsi kerja perusahaan.
""PTK menjaga kualitas layanan dengan peremajaan serta modernisasi aset-asetnya. Kemudian digitalisasi operasi, di mana saat ini PTK sudah memiliki 21 digitalisasi di seluruh fungsi kerja. Ke depan, aplikasi ini akan meningkat menjadi Artificial Intelligence (AI) sehinga dapat membantu manajemen dalam mengambil keputusan,"" jelas Harris.
PTK juga mulai mengembangkan kapal dengan teknologi yang lebih rendah emisi. Salah satunya melalui Transko Rajawali, kapal tunda berbahan bakar ganda yang mulai digunakan sejak 2019.
Kapal tersebut menggunakan bahan bakar solar dan LNG. Penggunaan bahan bakar ganda menjadi salah satu langkah PTK dalam mengurangi emisi dari operasional kapal.
Pada Juni 2026, PTK juga memasang Pembangkit Listrik Tenaga Surya (PLTS) pada kapal *Oil Barge* (OB) Patra 2303. Menurut perusahaan, penggunaan PLTS tersebut dapat mengurangi emisi hingga 79,2 ton CO2 per tahun sekaligus mengurangi konsumsi diesel.
PTK juga menyiapkan uji coba Battery Management System (BMS) pada kapal mulai 2027 sebagai bagian dari pengembangan teknologi pendukung *green shipping*.
Harris mengatakan modernisasi armada dan digitalisasi akan terus dikembangkan seiring kebutuhan bisnis PTK.
Harris berharap, rencana tersebut didukung oleh seluruh pihak termasuk Pemegang Saham, Manajemen, Perwira Pekerja PTK, serta stakeholder untuk mendukung upaya tersebut. Tidak hanya untuk memajukan PTK untuk terus berkembang, maju dan unggul, namun mendorong industri maritime Indonesia yang ber
(fdl/fdl)"
FINANCE,"Integrasi BRI, Pegadaian, dan PNM Berhasil Dorong Jutaan UMKM Naik Kelas","Lima tahun sejak dibentuk pada 13 September 2021, Holding Ultra Mikro (UMi) yang mengintegrasikan PT Bank Rakyat Indonesia (Persero) Tbk atau BRI, PT Pegadaian, dan PT Permodalan Nasional Madani (PNM) telah berkembang menjadi salah satu ekosistem pemberdayaan ekonomi rakyat terbesar di Indonesia.
Tidak hanya memperluas akses pembiayaan, Holding UMi kini berhasil membangun ekosistem keuangan yang semakin terintegrasi, mulai dari pembiayaan, simpanan, transaksi, pemberdayaan dan pendampingan usaha, hingga pembentukan aset masyarakat melalui ekosistem emas.
Pembentukan Holding UMi lima tahun lalu berangkat dari tantangan untuk menjangkau segmen usaha ultra mikro yang belum memperoleh layanan keuangan formal secara optimal.
Melalui integrasi BRI, Pegadaian, dan PNM, skala dan jangkauan layanan tersebut terus diperluas sehingga masyarakat tidak hanya mendapatkan akses terhadap modal, tetapi juga memperoleh kesempatan untuk meningkatkan kapasitas usaha dan membangun ketahanan ekonomi keluarga.
Hingga akhir triwulan II 2026, Holding UMi telah berhasil melayani 33,8 juta debitur aktif serta mengelola lebih dari 166 juta rekening simpanan mikro.
Sinergi tersebut juga telah mendorong sekitar 2,3 juta debitur naik kelas, mencerminkan perjalanan nasabah dari segmen yang lebih kecil menuju akses layanan dan pembiayaan yang semakin luas.
Group CEO BRI, Hery Gunardi mengungkapkan perjalanan lima tahun Holding UMi menunjukkan bagaimana integrasi tiga entitas dengan kekuatan yang berbeda mampu menciptakan dampak ekonomi yang lebih luas.
""Selama lima tahun, kekuatan Holding UMi ditopang oleh integrasikeunggulan masing-masing entitas. BRI memiliki jaringan dan kapabilitas pembiayaan UMKM serta infrastruktur yang luas, Pegadaian memiliki kompetensi pada pembiayaan berbasis gadai dan ekosistem emas, sementara PNM memiliki kekuatan pada pemberdayaan serta pendampingan kelompok usaha ultra mikro,"" ujar Hery, dalam keterangan tertulis, Minggu (13/9/2026).
Integrasi tersebut memungkinkan masyarakat memperoleh layanan berdasarkan kebutuhan dan tahapan perkembangan ekonominya.
Pelaku usaha yang baru memulai dapat memperoleh pendampingan dan pembiayaan ultra mikro, kemudian bertumbuh dan memperoleh akses pembiayaan dengan kapasitas lebih besar, sekaligus memanfaatkan layanan transaksi, simpanan, investasi, hingga berbagai layanan keuangan lainnya.
Salah satu infrastruktur penting yang dibangun untuk memperkuat integrasi tersebut adalah jaringan kantor yang luas.
Hingga triwulan II 2026, terdapat lebih dari 15.100 kantor BRI, Pegadaian, dan PNM, sehingga masyarakat dapat mengakses berbagai kebutuhan keuangan dalam satu ekosistem.
Pada saat yang sama, Holding UMi tercatat memiliki lebih dari 74 ribu tenaga pemasar yang menjadi ujung tombak dalam menjangkau dan mendampingi masyarakat hingga ke tingkat komunitas.
Kehadiran Mantri BRI, tenaga pemasar Pegadaian, dan Account Officer (AO) PNM tidak hanya berperan dalam memperluas akses terhadap pembiayaan dan layanan keuangan, tetapi juga membangun kedekatan dengan nasabah, memahami kebutuhan serta karakteristik usaha, memberikan edukasi keuangan, hingga mendampingi pelaku usaha dalam mengembangkan kapasitas usahanya.
Setelah lima tahun berjalan, salah satu ukuran penting keberhasilan Holding UMi bukan semata besarnya pembiayaan yang disalurkan, melainkan kemampuan ekosistem tersebut menciptakan mobilitas ekonomi.
Hingga akhir triwulan II 2026, sekitar 2,3 juta debitur telah naik kelas. Capaian tersebut menggambarkan bagaimana akses pembiayaan yang disertai pemberdayaan dan pendampingan dapat membuka jalan bagi pelaku usaha untuk meningkatkan skala dan kapasitas usahanya.
Menurut Hery, keberhasilan Holding UMi pada akhirnya harus diukur dari perubahan kondisi ekonomi nasabah yang berada di dalam ekosistem tersebut.
""Bagi kami, keberhasilan terbesar bukan hanya ketika seseorang memperoleh pembiayaan. Keberhasilan yang sesungguhnya adalah ketika usahanya tumbuh, pendapatannya meningkat, kemampuan menabungnya semakin baik, dan kemudian dia mampu mengakses layanan keuangan yang lebih luas sehingga meningkatkan kesejahteraan,"" jelas Hery.
""Karena itu, naik kelas menjadi salah satu agenda penting yang akan terus kami dorong,"" sambungnya.
Memasuki tahun kelimanya, transformasi Holding UMi juga bergerak menuju tahapan berikutnya, yakni memperluas inklusi dan literasi keuangan. Perkembangan tersebut salah satunya terlihat dari penguatan ekosistem emas melalui Pegadaian. Hingga Agustus 2026, ekosistem emas dalam Holding UMi telah mencapai sekitar 153 ton.
Dengan kapabilitas Pegadaian yang terus berkembang, ekosistem emas tersebut mencakup layanan gadai dan pembiayaan berbasis emas, Tabungan Emas, transaksi emas secara digital, hingga bullion services.
Integrasi ini semakin memperluas akses masyarakat terhadap emas sebagai instrumen penyimpan nilai dan pembentukan aset jangka panjang.
Pengembangan tersebut menjadi bagian penting dari perkembangan Holding UMi. Masyarakat yang sebelumnya hanya membutuhkan akses modal didorong secara bertahap untuk membangun kebiasaan menabung, memperkuat ketahanan keuangan, hingga memiliki aset.
Hery menegaskan lima tahun pertama Holding UMi merupakan fondasi untuk membangun fase pertumbuhan berikutnya.
Dengan skala ekosistem yang telah terbentuk, fokus selanjutnya adalah memastikan semakin banyak masyarakat memperoleh manfaat ekonomi yang lebih dalam dari integrasi BRI, Pegadaian, dan PNM.
""Pada akhirnya, tujuan Holding Ultra Mikro bukan sekadar menjadi ekosistem keuangan dengan skala yang besar. Kami ingin menjadi ekosistem yang mampu membuka jalan bagi masyarakat untuk bergerak dari akses keuangan menuju pemberdayaan, dan dari pemberdayaan menuju kesejahteraan,"" kata Hery.
""Inilah kontribusi BRI Group untuk memperkuat ekonomi kerakyatan dan menciptakan pertumbuhan yang semakin inklusif,"" pungkasnya."
FINANCE,"Lima Tahun Holding UMi, BRI Catat 2,3 Juta Debitur Naik Kelas","Holding Ultra Mikro (UMi) yang mengintegrasikan PT Bank Rakyat Indonesia (Persero) Tbk (BRI), PT Pegadaian, dan PT Permodalan Nasional Madani (PNM) genap berusia lima tahun. Sinergi ketiga entitas ini telah berkembang menjadi salah satu ekosistem pemberdayaan ekonomi rakyat terbesar di Indonesia.
Pembentukan Holding UMi bertujuan menjangkau segmen usaha ultra mikro yang belum memperoleh layanan keuangan formal secara optimal. Melalui integrasi ini, skala dan jangkauan layanan terus diperluas kepada masyarakat. Mereka tidak hanya mendapat akses modal usaha, tetapi juga memperoleh kesempatan untuk membangun ketahanan ekonomi keluarga.
Hingga akhir triwulan II 2026, Holding UMi telah berhasil melayani 33,8 juta debitur aktif serta mengelola lebih dari 166 juta rekening simpanan mikro. Sinergi strategis tersebut juga telah mendorong sekitar 2,3 juta debitur naik kelas. Capaian ini mencerminkan perjalanan nasabah menuju akses layanan dan pembiayaan yang semakin luas.
Group CEO BRI Hery Gunardi mengungkapkan perjalanan lima tahun Holding UMi menunjukkan integrasi tiga entitas mampu menciptakan dampak ekonomi yang luar biasa luas.
""Selama lima tahun, kekuatan Holding UMi ditopang oleh integrasi keunggulan masing-masing entitas. BRI memiliki jaringan dan kapabilitas pembiayaan UMKM serta infrastruktur yang luas, Pegadaian memiliki kompetensi pada pembiayaan berbasis gadai dan ekosistem emas, sementara PNM memiliki kekuatan pada pemberdayaan serta pendampingan kelompok usaha ultra mikro,"" ujar Hery pada keterangan tertulisnya, Minggu (13/9/2026).
Integrasi tersebut memungkinkan masyarakat memperoleh layanan berdasarkan tahapan perkembangan ekonominya. Salah satu infrastruktur penting yang dibangun untuk memperkuat sinergi ini adalah ketersediaan jaringan kantor yang sangat luas. Hingga triwulan II 2026, terdapat lebih dari 15.100 kantor BRI, Pegadaian, dan PNM di seluruh Indonesia.
Holding UMi juga tercatat memiliki lebih dari 74 ribu tenaga pemasar yang menjadi ujung tombak di lapangan. Kehadiran Mantri BRI, tenaga pemasar Pegadaian, dan AO PNM sangat berperan dalam membangun kedekatan dengan nasabah. Mereka aktif memberikan edukasi keuangan hingga mendampingi pelaku usaha dalam mengembangkan kapasitas bisnis.
Menurut Hery, keberhasilan Holding UMi pada akhirnya harus diukur dari perubahan kondisi ekonomi nasabah di dalam ekosistem tersebut.
""Bagi kami, keberhasilan terbesar bukan hanya ketika seseorang memperoleh pembiayaan. Keberhasilan yang sesungguhnya adalah ketika usahanya tumbuh, pendapatannya meningkat, kemampuan menabungnya semakin baik, dan kemudian dia mampu mengakses layanan keuangan yang lebih luas sehingga meningkatkan kesejahteraan. Karena itu, naik kelas menjadi salah satu agenda penting yang akan terus kami dorong,"" jelas Hery.
Memasuki tahun kelimanya, transformasi Holding UMi kini bergerak memperluas inklusi dan literasi keuangan. Perkembangan tersebut salah satunya terlihat dari penguatan ekosistem emas melalui fasilitas Pegadaian. Hingga Agustus 2026, volume ekosistem emas dalam Holding Ultra Mikro telah mencapai sekitar 153 ton.
Ekosistem tersebut mencakup layanan gadai dan pembiayaan berbasis emas, Tabungan Emas, transaksi digital, hingga bullion services. Integrasi ini memperluas akses masyarakat terhadap emas sebagai instrumen penyimpan nilai jangka panjang.
Hery menegaskan lima tahun pertama Holding UMi murni merupakan fondasi untuk membangun fase pertumbuhan berikutnya. Fokus selanjutnya adalah memastikan semakin banyak masyarakat memperoleh manfaat ekonomi secara nyata dari integrasi ini.
""Pada akhirnya, tujuan Holding Ultra Mikro bukan sekadar menjadi ekosistem keuangan dengan skala yang besar. Kami ingin menjadi ekosistem yang mampu membuka jalan bagi masyarakat untuk bergerak dari akses keuangan menuju pemberdayaan, dan dari pemberdayaan menuju kesejahteraan. Inilah kontribusi BRI Group untuk memperkuat ekonomi kerakyatan dan menciptakan pertumbuhan yang semakin inklusif,"" pungkas Hery."
FINANCE,Bebas Cemas! 4 Alasan Cicil Emas Pegadaian Cocok untuk Pemula,"Peringatan Hari Literasi Internasional menjadi momentum penting untuk menyoroti masih rendahnya pemahaman finansial masyarakat. Keinginan banyak orang untuk mulai berinvestasi sering kandas akibat kebingungan memilih instrumen dan ketakutan menelan kerugian.
Kondisi ini wajar terjadi di tengah maraknya tawaran investasi bodong berkedok untung instan. Menjadi melek finansial pada dasarnya tidak harus melalui proses yang rumit dan membingungkan. Kunci utamanya adalah cerdas memilih instrumen investasi yang sederhana dan risikonya terukur secara jelas.
Masyarakat sangat dianjurkan menyisihkan dana pada aset safe haven atau lindung nilai. Logam mulia atau emas merupakan instrumen paling tepat bagi para investor pemula. Nilai aset ini terbukti cenderung stabil dan terus merangkak naik dalam jangka panjang untuk mengalahkan inflasi.
Menjawab kebutuhan investasi emas yang praktis, PT Pegadaian menghadirkan layanan Cicil Emas. Berikut adalah empat alasan produk ini menjadi pilihan terbaik untuk memulai langkah cerdas secara finansial:
1. Bebas Cemas Tersandung Investasi Bodong
Keamanan transaksi Cicil Emas Pegadaian diawasi langsung oleh Otoritas Jasa Keuangan (OJK). Emas fisik kamu juga diasuransikan selama masa pembiayaan berlangsung. Fasilitas ini membuat kamu bisa tidur tenang tanpa takut tertipu janji untung palsu.
2. Modal Awal Terjangkau
Kamu tidak perlu lagi menunggu tabungan menggunung untuk bisa memiliki emas batangan murni 24 karat. Layanan ini menawarkan kemudahan uang muka yang sangat ringan. Cukup menyiapkan uang muka mulai dari 15 persen untuk memulai investasi pertamanya.
3. Cicilan Tetap Fleksibel
Produk ini menyediakan rentang waktu angsuran yang fleksibel mulai dari 3 bulan hingga 36 bulan. Kamu dapat menyesuaikan besaran cicilan dengan kemampuan dompet masing-masing. Angsuran per bulan juga bernilai tetap sehingga dipastikan tidak akan mengganggu arus kas bulanan.
4. Pilihan Kepingan Beragam
Kamu bebas menentukan ukuran kepingan sesuai target finansial mulai dari 0,5 gram hingga 1.000 gram. Pegadaian menyediakan berbagai pilihan seperti Antam, UBS, Galeri 24, hingga Lotus Archi. Emas fisik ini akan langsung diserahkan begitu seluruh cicilan lunas.
Produk ini menyediakan rentang waktu angsuran yang fleksibel mulai dari 3 bulan hingga 36 bulan. Kamu juga dapat menyesuaikan besaran cicilan dengan kemampuan finansial masing-masing. Angsuran per bulan juga bernilai tetap sehingga dipastikan tidak akan mengganggu arus kas bulanan."
FINANCE,Menhub: KMP Virgo Transport 8 Tidak Overload Saat Berlayar,"Menteri Perhubungan Dudy Purwagandhi menyatakan KMP Virgo Transport 8 tidak kelebihan muatan. Dudy menjawab dugaan yang bermunculan bahwa kapal yang mengalami insiden maut tersebut kelebihan muatan saat berlayar.
Berdasarkan informasi yang diterima, kapasitas kapal tidak terisi maksimal. Dia kembali menekankan agar semua pihak sabar menunggu investigasi menyeluruh dari Komisi Nasional Keselamatan Transportasi (KNKT) soal penyebab kecelakaan.
""Perlu diketahui, KMP Virgo Transport 8 berlayar dalam kondisi tidak overload. Namun demikian, kita tunggu investigasi menyeluruh dari KNKT untuk mengetahui penyebab pasti kecelakaan kapal tersebut,"" tutur Dudy dalam keterangan resmi, Senin (14/9/2026).
KNKT sudah turun ke lapangan untuk melakukan investigasi awal. Secara paralel, KNKT sudah mengumpulkan data terkait spesifikasi kapal hingga wawancara dengan penumpang serta kru yang selamat.
Sementara itu, soal pencarian penumpang KMP Virgo Transport 8 yang kecelakaan di perairan Laut Jawa sudah memasuki hari kedua. Sejauh ini, penumpang selamat yang berhasil ditemukan oleh tim gabungan berjumlah 108 orang, sementara ada 6 orang lagi dinyatakan meninggal dunia.
Dudy menjelaskan bahwa personel gabungan yang melakukan operasi pencarian saat ini jumlahnya bertambah, yakni lebih dari 600 personel. Dengan jumlah tersebut, ia berharap proses pencarian penumpang dapat semakin optimal, sehingga mampu menemukan lebih banyak lagi penumpang yang selamat.
Dudy juga menyampaikan, untuk penumpang selamat yang membutuhkan penanganan medis, maka penumpang tersebut akan dirujuk ke rumah sakit. Sementara penumpang selamat yang kondisinya cukup baik, maka akan diserahkan kepada pihak operator pelayaran untuk kemudian diantarkan ke rumah masing-masing.
(hal/ara)"
SPORT,Men's World Tennis Championship: Nathan Barki ke Perempatfinal,"Petenis Indonesia Nathan Barki melaju ke perempatfinal Amman Mineral Men's World Tennis Championship 2026. Begitu juga dengan Rafalentino Ali Da Costa/Ethan David Zapp yang menembus semifinal.
Pada pertandingan Babak 16 Besar Seri IV M-15 di Lapangan D, Bali Beach Country Club, Kamis (3/9/2026), Nathan bertemu kompatriotnya Anthony Susanto.
Duel kedua wakil tuan rumah ini sebenarnya berlangsung seimbang, di mana terjadi kejar-kejaran poin sampai skor sama kuat 5-5 di set pertama.
Memasuki game ke-11, setelah melalui 3 kali deuce, Nathan akhirnya dapat mematahkan servis dari Anthony, untuk menutup set pertama dengan kemenangan 7-5 dalam tempo 48 menit.
Di set kedua, Nathan meminta perawatan medis akibat lengan kanannya sakit. Alhasil petenis 29 tahun ini memutuskan mundur dan Nathan berhak atas tiket perempatfinal.
Meski menang, Nathan prihatin dengan kondisi Anthony. Dia berharap Anthony bisa cepat pulih.
""Sedih juga meski menang, karena Anthony harus terhenti karena cedera. Saya berharap bisa mempertahankan performa dan fokus ke laga-laga selanjutnya,"" ujar Nathan dalam rilis kepada detikSport.
Di nomor tunggal putra, Rafalentino menyerah dua set langsung dalam tempo 1 jam 16 menit, 3-6 dan 2-6, dari wakil India Karan Singh.
Kegagalan ini ditebus Rafalentino dengan sempurna saat turun di ganda putra bersama Ethan David Zapp. Mereka menyingkirkan unggulan pertama Isaac Becroft/Reece Falck dari Selandia Baru.
Dengan motivasi tinggi dan bermain tanpa beban, Rafalentino yang baru berusia 16 tahun dan Ethan 17 tahun, bertarung sangat luar biasa untuk menang 7-5, 6-4, dalam waktu 1 jam 14 menit.
""(Kami) sangat gembira dengan kemenangan ini dan tak menyangkan bisa mengalahkan unggulan pertama. Kami akan berupaya tampil tanpa beban lagi di laga selanjutnya, bermain seperti hari ini,"" ujar Ethan yang diamini Rafalentino.
Rafalentino/Ethan David bertemu unggulan keempat Sebastian Grundtvic Jorgensen/Ryotaro Taguchi di semifinal. Sebastian/Ryotaro mengalahkan Leo Borg/Eric Ahren dari Swedia dengan skor 6-4 3-6 dan super tiebreak 10-5.
(mrp/bay)"
FINANCE,"KM Virgo Transport 8 Berusia 39 Tahun,Â Kelaikan Kapal Perlu Dievaluasi","Kecelakaan KM Virgo Transport 8 di perairan Laut Jawa memunculkan perhatian terhadap kondisi kapal-kapal tua yang masih beroperasi, termasuk kapal yang telah mengalami modifikasi atau peremajaan.
Anggota Komisi V DPR RI, Sudjatmiko, meminta Kementerian Perhubungan (Kemenhub) melakukan evaluasi dan audit terhadap keselamatan transportasi laut. Pemeriksaan dinilai perlu mencakup kondisi kapal, sistem keselamatan hingga perusahaan pemilik dan operator kapal.
Sudjatmiko mengatakan kapal yang telah berusia tua dan mengalami modifikasi perlu diperiksa secara menyeluruh. Menurutnya, modifikasi atau peremajaan tidak cukup hanya dilihat dari sisi administratif, tetapi juga harus memastikan kondisi teknis dan kelaiklautan kapal.
""Jangan sampai kapal yang sudah tua kemudian dimodifikasi atau diremajakan, lalu dianggap sudah seperti kapal baru. Yang harus dipastikan adalah kelayakan teknis dan keselamatannya secara menyeluruh,"" ujar Sudjatmiko melalui keterangannya, Senin (14/09/2026).
Dia menegaskan evaluasi tersebut tidak dimaksudkan untuk mendahului hasil investigasi kecelakaan KM Virgo Transport 8. Namun, kejadian itu dinilai dapat menjadi bahan evaluasi terhadap sistem pengawasan kapal dan perusahaan pelayaran.
Menurut Sudjatmiko, pemeriksaan tidak cukup hanya memastikan dokumen dan sertifikat kapal masih berlaku. Kemenhub perlu melihat kondisi fisik kapal, sistem keselamatan, mesin, stabilitas, kapasitas angkut, peralatan keselamatan, kompetensi awak kapal hingga sistem pemeliharaan.
""Jangan hanya melihat dokumennya lengkap atau tidak. Pemerintah harus melihat kondisi riil kapal. Apalagi kalau kapal tersebut sudah berusia tua dan mengalami berbagai modifikasi. Pemeriksaannya harus lebih menyeluruh,"" katanya.
Dia juga menyoroti kapal yang mengalami perubahan konstruksi, fungsi, kapasitas maupun konfigurasi. Perubahan tersebut, menurutnya, perlu diikuti pemeriksaan teknis karena dapat berkaitan dengan stabilitas, distribusi beban, kemampuan manuver dan aspek keselamatan lainnya.
""Ini yang harus kita pastikan. Kalau kapal mengalami perubahan atau modifikasi, harus ada pemeriksaan teknis yang benar-benar memastikan kapal tersebut tetap aman untuk beroperasi. Jangan sampai modifikasi justru tidak diikuti dengan pengawasan yang memadai,"" tegasnya.
Karena itu, Sudjatmiko meminta audit dilakukan terhadap pemilik dan operator kapal, baik kapal penumpang maupun kapal kargo. Audit tersebut dinilai dapat memberikan gambaran mengenai kondisi armada pelayaran sekaligus mengidentifikasi kapal dan operator yang memiliki risiko lebih tinggi.
""Yang diaudit jangan hanya kapal penumpang. Kapal kargo juga harus diperiksa. Semua pemilik dan operator kapal harus dipastikan memenuhi standar keselamatan,"" ujarnya.
Menurutnya, pemeriksaan juga perlu mencakup perusahaan pemilik dan operator kapal. Hal yang diperiksa antara lain pemeliharaan kapal, sistem manajemen keselamatan, kompetensi awak kapal serta kesiapan kapal sebelum berlayar.
""Yang diaudit bukan hanya kapalnya, tetapi perusahaannya juga. Bagaimana maintenance dilakukan, bagaimana sistem manajemen keselamatannya, bagaimana kompetensi awak kapal dan bagaimana perusahaan memastikan kapal layak berlayar,"" kata Sudjatmiko.
Dia menilai pengawasan kapal perlu mempertimbangkan tingkat risiko masing-masing kapal dan perusahaan, bukan hanya pemeriksaan administratif secara berkala. Kemenhub juga dinilai perlu memiliki sistem pengawasan berbasis data yang memuat usia kapal, riwayat perawatan, modifikasi, kepemilikan, operator, hasil pemeriksaan hingga rekam jejak kecelakaan.
""Pemerintah harus punya database yang jelas. Kapal mana yang sudah tua, siapa pemiliknya, siapa operatornya, kapan terakhir diperiksa, apa saja modifikasinya dan bagaimana rekam jejak keselamatannya. Dari situ pemerintah bisa menentukan kapal mana yang harus mendapatkan pengawasan lebih ketat,"" jelasnya.
Sudjatmiko juga meminta penerapan sanksi dilakukan sesuai dengan tingkat pelanggaran yang ditemukan.
""Kalau kapal tidak laik, jangan diberangkatkan. Kalau perusahaan terbukti membandel dan berulang kali melanggar ketentuan keselamatan, jangan ragu memberikan sanksi tegas,"" katanya.
Dia mengatakan sanksi dapat berupa penghentian sementara operasional hingga pencabutan dokumen atau izin yang relevan sesuai ketentuan peraturan perundang-undangan apabila ditemukan pelanggaran berat.
""Keselamatan manusia tidak boleh dikalahkan oleh kepentingan bisnis. Jangan karena mengejar target operasional, jadwal keberangkatan atau keuntungan perusahaan, kemudian aspek keselamatan dikompromikan,"" tegas Sudjatmiko.
Dia berharap kecelakaan KM Virgo Transport 8 tidak hanya berujung pada investigasi terhadap satu kapal, tetapi juga menjadi bahan evaluasi terhadap sistem keselamatan pelayaran.
""Yang paling utama sekarang adalah memastikan proses pencarian, pertolongan dan evakuasi korban dilakukan secara maksimal. Setelah itu, investigasi harus dilakukan secara menyeluruh dan transparan. Kalau ditemukan kelemahan dalam sistem pengawasan, harus segera diperbaiki,"" ujarnya.
Sudjatmiko mengatakan transportasi laut merupakan bagian penting dari konektivitas Indonesia. Karena itu, aspek keselamatan perlu berjalan bersama dengan ketersediaan layanan transportasi laut.
""Kita membutuhkan transportasi laut yang kuat dan efisien, tetapi keselamatan tidak boleh dinegosiasikan. Jangan menunggu kecelakaan berikutnya baru kemudian pengawasan diperketat,"" katanya.
""Audit seluruh kapal dan operator harus dilakukan. Kalau ada perusahaan yang membandel, berikan sanksi tegas. Keselamatan penumpang, awak kapal dan masyarakat harus menjadi prioritas utama,"" pungkas Sudjatmiko.
Kemenhub menurut Miko, dalam menjaga stamina kapal yang mumpuni. Pemilik kapal yang beroperasi harus memastikan fisik kapal dan dokumen untuk rutin melakukan pengecekan fisik mesin, alat pemadam portable dan permanen. Tak lupa alat keselamatan seperti sekoci dan pelampung.
""Pastikan juga setiap kapal memiliki fungsi alat rembesan air yang berfungsi secara teknis,"" tutupnya.
KM Virgo Transport 8 merupakan kapal jenis roll-on/roll-off (Ro-Ro) yang dibangun pada 1987 oleh Shin Kurushima Onishi Shipyard di Imabari, Jepang. Kapal tersebut memiliki panjang 119 meter, lebar 23 meter, dan tonase kotor 4.277 ton.
Pada 2026, kapal tersebut dipindahkan ke Indonesia dan mulai beroperasi dengan nama KM Virgo Transport 8 pada Juli 2026. Kapal melayani rute Surabaya-Banjarmasin pulang pergi.
Pada 13 September 2026, KM Virgo Transport 8 dilaporkan hilang kontak dan terbalik di perairan Laut Jawa saat berlayar dari Surabaya menuju Banjarmasin. Kapal tersebut membawa 243 orang, dengan 115 orang berhasil diselamatkan sementara proses pencarian terhadap penumpang lainnya masih berlangsung.
(igo/fdl)"
SPORT,"Lewat Buku, Eks Judoka Tuang Buah Pikiran untuk Kemajuan Olahraga Nasional","Eks judoka nasional, Sadik Algadri, merilis buku soal buah pikiran untuk kemajuan olahraga di Indonesia. Sampai saat ini, olahraga di tanah air masih terkendala masalah yang selalu sama.
Sebuah buku berjudul 'Membangun Otot di Negeri Kertas' ditulis oleh Sadik. Buku itu dirilis pada Agustus 2026. Fragmentasi kebijakan publik di Indonesia, lemahnya tata kelola dan regulasi organisasi-organisasi olahraga, ilusi dalam politik anggaran serta infrastruktur kompetisi, hingga penerapan sport science dan pengembangan sumber daya manusia menjadi isinya.
Acara bedah buku itu digelar di Gedung Serbaguna, Gelora Bung Karno (GBK), Jakarta, Sabtu (5/9/2026). Hadir dalam acara itu Rocky Gerung, wartawan senior olahraga Asro Kamal Rokan, serta Guru Besar Universitas Pendidikan Indonesia (UPI) Prof. Yunyun Yudiana.
Sadik mengungkap proses penulisan buku memakan waktu lima sampai enam bulan. Peraturan yang dikeluarkan pemangku kebijakan sebelum pelantikan Presiden RI terpilih, Prabowo Subianto, pada 20 Oktober 2024 menjadi pemicunya. Meski tak menyebut secara spesifik aturannya, Sadik khawatir akan membahayakan olahraga secara keseluruhan.
""Jadi, perlu diketahui bahwa olahraga prestasi memiliki semacam garis besar atau undang-undang sendiri yang disebut Olympic Charter. Di dalamnya, secara garis besar, diatur bahwa jika pemerintah ikut campur dalam politik olahraga, apalagi sampai mengatur proses olahraga, ada konsekuensi tertentu, termasuk kemungkinan mendapatkan sanksi,"" kata Sadik dalam rilis yang diterima detikSport.
Setelah membahas dalam beberapa podcast mengenai kegelisahan soal kondisi olahraga Indonesia itu, Sadik pun menuangkannya dalam buku. Atlet judo era 1970-an hingga 1980-an itu menekankan pentingnya etika dalam olahraga.
""Ya, tentu. Kegelisahan itu pasti ada dasarnya. Kalau hanya marah-marah, tentu tidak masuk akal. Semua proses itu sudah kami lakukan. Kami memang orang-orang yang berada di organisasi olahraga dan memahami etika dalam olahraga. Etika itu sangat dihargai,"" kata Sadik.
Event besar biasanya menjadi titik balik untuk perkembangan sebuah negara. Pada 2018, Indonesia sudah sukses menyelenggarakan Asian Games. Jepang, China, dan Korea Selatan juga berubah setelah ajang besar seperti Piala Dunia atau Olimpiade.
""Kenapa saya mengatakan demikian? Jepang menyelenggarakan Olimpiade 1964 untuk menunjukkan bahwa mereka, meskipun kalah dalam perang, sudah menjadi negara yang siap dan mampu bangkit kembali,"" kata Sadik.
""Nah, kami berharap Asian Games 2018 di Indonesia juga bisa menjadi momentum seperti itu. Namun, setelah Asian Games 2018, bahkan memasuki 2027 dan seterusnya, kembali lagi persoalan anggaran seperti yang kita bicarakan tadi,"" ia menambahkan.
Sadik berharap buku 'Membangun Otot di Negeri Kertas' tidak berhenti sebagai karya yang mengkritisi persoalan olahraga. Ia ingin buku tersebut mendorong perubahan sekaligus membuka keberanian untuk mengakui berbagai persoalan yang masih terjadi.
""Ya, seperti yang saya sampaikan tadi, harapan besarnya adalah adanya perubahan. Kita harus berani menyatakan dan berani mengakui,"" kata Sadik.
""Pertama, kalau kita mau marah, kita harus mengakui terlebih dahulu bahwa ada kesalahan. Setelah mengakui, baru kita berani menyatakan, 'Ya, ini kita salah.'""
""Setelah itu, kita maju. Kita bisa berubah. That's it. Berpikirnya harus jernih, tetapi mengerjakannya belum tentu mudah,"" kata pria yang masuk dalam jajaran pengurus KONI Pusat itu."
FINANCE,"Penerima Bansos Bertambah 4,3 Juta Keluarga","Daftar penerima bantuan sosial (bansos) bertambah 4,3 juta Keluarga Penerima Manfaat (KPM). Penambahan penerima baru tersebut terjadi setelah Kementerian Sosial menggunakan Data Tunggal Sosial Ekonomi Nasional (DTSEN).
Tenaga Ahli Menteri Sosial Bidang Perencanaan dan Evaluasi Kebijakan Strategis, Andy Kurniawan, mengatakan pemutakhiran DTSEN diperlukan untuk merespons perubahan kondisi sosial ekonomi masyarakat sekaligus berbagai ketidaksesuaian yang ditemukan di lapangan.
""Adapun ada hal-hal yang kiranya error di lapangan, semuanya kita respons. Semua masukan dari media kita respons dan langsung kita tindak lagi sebagai bagian dari pemutakhiran,"" ujarnya dalam Diskusi Metodologi Penentuan Desil dan Pengukuran Kemiskinan di Indonesia di Politeknik Statistika STIS, Jakarta, Jumat (11/9/2026).
Menurut Andy, pemanfaatan DTSEN memberikan basis yang lebih luas dalam melihat kondisi sosial ekonomi masyarakat. Salah satu hasilnya terlihat dari masuknya masyarakat yang sebelumnya belum tercatat sebagai penerima bantuan sosial.
""Bagaimana dulu yang banyak tidak bisa mendapatkan bansos, sekarang ada 4,3 juta KPM baru ini mendapatkan bansos. Karena kita sudah menggunakan desil itu,"" katanya.
Pemutakhiran DTSEN juga berkaitan dengan proses penentuan desil yang digunakan sebagai salah satu pertimbangan pemerintah dalam menetapkan prioritas program perlindungan sosial.
Direktur Metodologi, Statistik, dan Science Data Badan Pusat Statistik (BPS) Prof. Setia Pramana menjelaskan, DTSEN dibangun melalui integrasi sejumlah sumber data pemerintah, termasuk DTKS, Regsosek, dan P3KE.
Masing-masing sumber data memiliki karakteristik dan kelengkapan informasi yang berbeda sehingga proses integrasi menjadi bagian penting dalam penyusunan basis data sosial ekonomi. Menurut Setia, data perlu terus diperbarui karena kondisi masyarakat dapat berubah dari waktu ke waktu.
""Data itu memang harus di-update karena kondisi masyarakat berubah. Ada yang pindah domisili, ada yang meninggal, dan sebagainya,"" jelasnya.
Dalam penentuan desil, BPS menyusun peringkat kesejahteraan berdasarkan karakteristik sosial ekonomi rumah tangga. Peringkat tersebut tidak ditentukan hanya berdasarkan pendapatan karena informasi pengeluaran atau pendapatan secara langsung tidak tersedia untuk seluruh rumah tangga.
Prof. Setia menjelaskan, BPS memanfaatkan data Susenas yang memiliki informasi pengeluaran rumah tangga untuk membangun model estimasi bagi rumah tangga yang tidak memiliki informasi pengeluaran secara langsung. Model tersebut menggunakan pendekatan Proxy Means Test (PMT) dan metode machine learning.
Karakteristik wilayah juga menjadi bagian dari proses pemodelan. BPS mengembangkan model berdasarkan kondisi masing-masing kabupaten/kota karena karakteristik sosial ekonomi masyarakat berbeda antardaerah.
""Modelnya kita bangun di masing-masing kabupaten/kota karena karakteristik masing-masing daerah itu berbeda,"" ujar Setia.
Hasil pemodelan kemudian digunakan untuk menyusun peringkat kondisi sosial ekonomi secara nasional. Menurut Prof. Setia, proses tersebut terus dievaluasi untuk meningkatkan akurasi model dan mengurangi kesalahan yang dapat muncul baik dari model maupun dari kualitas data yang digunakan.
Ia menambahkan, penyempurnaan metodologi merupakan proses yang terus berjalan seiring dengan pemutakhiran data. Dengan demikian, perubahan kondisi sosial ekonomi masyarakat dapat tercermin dalam basis data yang digunakan pemerintah.
Lebih lanjut, Andy menambahkan bahwa pemerintah terbuka terhadap masukan untuk menyempurnakan metodologi maupun penentuan desil. Diskusi akademis menjadi salah satu ruang untuk mengevaluasi proses tersebut.
""Tadi ada Mas Media Askar dari Celios. Dia memberikan masukan-masukan yang saya rasa ini konstruktif untuk pemerintah untuk membenahi semuanya. Untuk menyempurnakan metodologi, menyempurnakan desil, menyempurnakan DTSEN. Dan ini kita buka,"" katanya.
Menurut Andy, pemutakhiran tidak berhenti pada pembaruan data secara administratif, tetapi juga mencakup respons terhadap temuan di lapangan.
""Adapun ada hal-hal yang kiranya error di lapangan, semuanya kita respons. Semua masukan dari media kita respons dan langsung kita tindak lagi sebagai bagian dari pemutakhiran,"" tutup Andy.
(ily/hns)"
SPORT,Men's World Tennis Championship: Nathan Barki Lolos ke Babak Kedua,"Babak utama Seri IV M-15 Men's World Tennis Championship 2026 sudah bergulir. Petenis tuan rumah Nathan Barki lolos ke Babak Kedua.
Pada laga perdana di Lapangan D, Bali Beach Country Club, Nusa Dua, Selasa (1/9/2026), Nathan secara mengejutkan mengalahkan lawannya yang merupakan unggulan kedelapan asal Spanyol, Pablo Perez Ramos, lewat pertarungan tiga set selama 2 jam 14 menit.
Mengawali laga dengan mantap, Nathan menang 6-2 di set pertama. Namun, Ramos yang berperingkat 984 ATP ini berhasil bangkit dari keterpurukannya untuk merebut set kedua dengan kemenangan 6-2.
Sempat tertinggal 2-4 di set ketiga, Nathan tidak patah arang dan malah berhasil membalikkan keadaan. Ramos kesulitan untuk menghadapi tekanan Nathan sebelum akhirnya kalah 4-6.
""Pertandingan pertama memang selalu tidak mudah. Meski unggul di set pertama, lawan ternyata mampu merespon dengan baik di set kedua, bahkan saya sempat tertinggal di set ketiga. Tapi, persiapan matang yang saya lakukan sebelum turnamen jadi kunci kemenangan,"" ujar Nathan dalam rilis kepada detikSport.
Di sektor ganda putra, Rafalentino Ali Da Costa/Ethan David Zapp menembus perempatfinal usai mengandaskan perlawanan Raghav Jaisinghani/Udit Kamboj dengan rubber set.
Takluk 5-7 di set pertama, ganda muda tuan rumah itu berhasil dengan kemenangan 6-3 di set kedua. Laga harus dilanjutkan ke set ketiga yang menggunakan format super tiebreak,
Dengan motivasi tinggi dan bermain lepas, Rafalentino/Ethan sukses menutup set ketiga ini dengan skor meyakinkan 10-4.
Sayang langkah keduanya gagal diikuti rekannya Anthony Susanto yang berpasangan dengan Ren Nakamura. Mereka kalah rubber set dari Nan Hsun Lin/Kai-i Wang.
Keunggulan 7-6 tiebreak 3 di set pertama, gagal dipertahankan oleh Anthony/Ren karena ganda Taiwan itu sukses merebut dua set berikutnya dengan kemenangan 6-4 dan super tiebreak 10-5 dalam durasi 1 jam 37 menit di lapangan F."
FINANCE,"Turis Malaysia Paling Doyan Naik Whoosh, Begini Datanya","Kereta Cepat Jakarta-Bandung atau Whoosh makin diminati wisatawan. Salah satunya adalah turis asal Malaysia yang tercatat ada ratusan ribu orang sudah naik Whoosh sejak layanannya dibuka pada akhir 2023.
Secara kumulatif, sejak Whoosh beroperasi hingga Agustus 2026, ada 403.626 penumpang asal Malaysia telah menggunakan Whoosh. Jumlah tersebut menjadi yang terbesar, dengan kontribusi mencapai 42,8% dari total 944.087 penumpang warga negara asing yang naik Whoosh.
General Manager Corporate Secretary KCIC Eva Chairunisa mengatakan tingginya minat wisatawan Malaysia menunjukkan bahwa Whoosh telah menjadi bagian dari pengalaman perjalanan mereka selama berada di Indonesia. Whoosh memudahkan wisatawan menggabungkan agenda wisata di Jakarta, Bandung, dan berbagai destinasi di Jawa Barat dalam satu perjalanan.
""Wisatawan Malaysia menjadi pengguna Whoosh dari kalangan warga negara asing dengan jumlah terbesar. Kehadiran Whoosh membuat perjalanan Jakarta-Bandung menjadi lebih cepat dan nyaman sehingga wisatawan dapat mengunjungi lebih banyak destinasi dalam waktu yang terbatas,"" ujar Eva dalam keterangannya, Minggu (13/9/2026).
Sepanjang Januari hingga Agustus 2026, KCIC telah melayani 105.095 penumpang asal Malaysia. Jumlah tersebut mencapai sekitar 40% dari total 262.369 penumpang warga negara asing yang menggunakan Whoosh pada periode yang sama.
Sementara itu, data penjualan sementara pada awal September 2026, tercatat sebanyak 2.300 tiket sudah dibeli oleh wisatawan Malaysia atau rata-rata mencapai 1.150 tiket per hari.
Peningkatan minat wisatawan Malaysia turut didukung oleh kolaborasi antara biro perjalanan di Malaysia dengan biro perjalanan di Jakarta dan Bandung. KCIC terus membuka peluang kerja sama dengan berbagai biro perjalanan untuk menghadirkan paket wisata yang mengintegrasikan Whoosh dengan destinasi wisata, akomodasi, dan layanan pendukung perjalanan lainnya.
Sebagai salah satu langkah konkret untuk memperkuat pasar tersebut, KCIC datang langsung ke Malaysia dengan mengikuti MATTA Fair di Kuala Lumpur dan melaksanakan sales mission di Penang. Melalui kegiatan tersebut, KCIC memperkenalkan layanan Whoosh, cara membeli tiket, konektivitas Jakarta-Bandung, serta peluang pengembangan paket perjalanan bersama pelaku industri pariwisata Malaysia.
Berdasarkan interaksi tim KCIC selama kegiatan di Malaysia, wisatawan yang tertarik menggunakan Whoosh didominasi oleh solo traveler, keluarga, dan kelompok kecil. Sebagian lainnya melakukan perjalanan menggunakan paket wisata. Mereka umumnya menghabiskan dua hari di Jakarta dan satu hari di Bandung, atau sebaliknya, dalam perjalanan sekitar empat hari tiga malam hingga lima hari empat malam.
Wisatawan Malaysia banyak memilih wisata kuliner di Bandung, berbelanja dan menikmati wisata urban Jakarta, serta mengunjungi kawasan wisata alam Jawa Barat seperti Lembang dan Ciwidey. Whoosh tidak hanya digunakan sebagai moda transportasi, tetapi juga telah menjadi salah satu pengalaman yang ingin mereka coba ketika berkunjung ke Indonesia.
Sebagian wisatawan Malaysia masih memilih membeli tiket secara langsung atau go show karena mempertimbangkan kemungkinan keterlambatan penerbangan dan kondisi lalu lintas dari bandara. KCIC terus memperkuat edukasi mengenai cara pembelian tiket dan mendorong wisatawan merencanakan perjalanan melalui kanal resmi, yaitu aplikasi Whoosh, website ticket.kcic.co.id, loket dan Ticket Vending Machine di stasiun, Access by KAI, Livin' by Mandiri, BRImo, wondr by BNI, Tiket.com, Traveloka, dan Trip.com.
(acd/acd)"
FINANCE,"Sudah Punya Ide Usaha, Tapi Belum Berani Mulai? Yuk Pelajari dari Nol","Banyak orang sebenarnya sudah lama pengin punya usaha sendiri, tapi gak pernah benar-benar mulai karena kebayang skenario terburuk duluan, rugi, ditolak pasar, atau malu kalau gagal di depan orang lain. Rasa takut ini yang sering bikin ide bisnis cuma nyangkut di kepala.
Rasa takut gagal sebenarnya wajar dialami siapa saja yang baru mau memulai sesuatu, termasuk bisnis. Masalahnya muncul kalau rasa takut ini bikin kamu terus menunda tanpa pernah benar-benar mencoba.
Padahal, cara memulai usaha tanpa takut gagal bukan soal menghilangkan rasa takutnya sama sekali, tapi soal belajar mengambil langkah kecil yang terukur sambil tetap siap menghadapi kemungkinan gagal di awal.
Business Starter Class Ajarin Langkah Kecil yang Realistis
Business Starter Class: Cara Memulai Bisnis dari Nol Tanpa Bingung (Batch 3) dirancang untuk pemula yang masih terjebak di fase takut mulai. Kelas ini digelar secara online pada Senin, 28 September 2026, pukul 19.00-21.00 WIB, membahas dasar-dasar bisnis, cara menentukan ide usaha yang realistis, sampai strategi promosi sederhana yang bisa langsung dicoba tanpa modal besar.
Bukan cuma teori, kelas ini juga membantu peserta membangun mindset yang lebih siap menghadapi kegagalan kecil sebagai bagian normal dari proses belajar bisnis, bukan akhir dari segalanya. Cara ini juga lebih masuk akal buat kamu yang belum punya pengalaman bisnis sama sekali sebelumnya.
Tertarik untuk ikut? Langsung daftarkan dirimu di detikevent!
(hns/hns)"
FINANCE,Harga Pertalite Nggak Naik hingga Akhir Tahun!,"PT Pertamina Patra Niaga memastikan harga bahan bakar minyak (BBM) bersubsidi tidak naik hingga akhir 2026. Ketetapan ini sejalan dengan arahan pemerintah.
Harga BBM Subsidi saat ini, Pertalite Rp 10.000/liter dan Biosolar (solar subsidi) Rp 6.800/liter.
Keputusan ini juga berlaku di tengah dinamika pembentuk harga BBM, seperti harga minyak dunia dan fluktuasi nilai tukar rupiah terhadap dolar Amerika Serikat (AS).
Langkah ini menjadi upaya menjaga stabilitas harga energi dan daya beli masyarakat di tengah dinamika harga energi global.
""Pertamina Patra Niaga mengikuti kebijakan Pemerintah dalam penetapan harga BBM. Meskipun terdapat fluktuasi pada sejumlah parameter pembentuk harga, seperti harga minyak dunia dan nilai tukar, untuk BBM subsidi sesuai arahan Pemerintah tidak ada kenaikan harga hingga akhir 2026,"" jelas VP Communication Pertamina Patra Niaga, Kitty Andhora, dalam keterangan tertulis, Sabtu (12/9/2026).
Sementara untuk Jenis BBM Umum (JBU) atau BBM nonsubsidi, harga mengikuti formula yang telah ditetapkan Pemerintah. Penetapan harga JBU dilakukan dengan mengacu pada formula dan ketentuan yang berlaku.
Pertamina Patra Niaga berkomitmen menjalankan kebijakan pemerintah terkait harga dan penyaluran BBM. Perusahaan juga berkomitmen untuk memastikan kebutuhan energi masyarakat terpenuhi dengan baik.
""Sementara untuk JBU, harga mengikuti formula yang telah ditetapkan Pemerintah,"" tutur Kitty.
(hns/hns)"
SPORT,Hasil China Masters 2026: Jojo Terhenti di Babak Kedua,"Tunggal putra Indonesia, Jonatan Christie, menelan kekalahan di ajang China Masters. Pada babak kedua, Jojo dikalahkan Jason Gunawan 16-21 dan 16-21.
Di Arena Shenzhen, Shenzhen, Kamis (3/9/2026) pagi WIB, Jojo menjalani pertandingan selama 45 menit melawan Jason. Pertarungan gim pertama berjalan sengit dan imbang sampai 14-14.
Setelah itu, Jason tak terkejar. Pemain asal Hong Kong itu akhirnya menyudahi perjuangan Jojo dengan skor 21-16.
Pada gim kedua, Jojo juga menjalani pertarungan sengit melawan Jason. Skor imbang antara Jojo dan Jason bertahan sampai 13-13. Saat fase krusial, Jason kembali tampil lebih prima untuk merebut kemenangan 21-16.
Dengan hasil ini, wakil Indonesia di nomor tunggal putra China Masters pun habis. Indonesia masih mempunyai beberapa wakil di nomor ganda putra.
Sabar Karyaman Gutama/Muhammad Reza Pahlevi Isfahani, Ali Faathir Rayhan/Devin Artha Wahyudi, dan Leo Rolly Carnando/Daniel Marthin merupakan deretan pemain Indonesia yang masih berjuang."
SPORT,Foto Sport,"Kyrgyzstan - Pemandangan udara venue VI World Nomad Games terlihat di Kyrchyn Gorge, Issyk-Kul, Kyrgyzstan, saat ajang budaya dan olahraga nomaden berlangsung.
Foto Sport
Kyrchyn Gorge Jadi Panggung World Nomad Games
Jumat, 04 Sep 2026 22:02 WIB
Anda menyukai artikel ini
Artikel disimpan"
FINANCE,Rak Besi di Transmart Full Day Sale Rp 879 Ribu,"Transmart kembali menggelar program Full Day Sale pada Minggu (13/9/2026). Dalam promo ini, pelanggan dapat menikmati diskon besar-besaran sejak gerai dibuka hingga pukul 22.00 WIB.
Diskon yang ditawarkan tak main-main mencapai 50+20% dan berlaku untuk berbagai produk. Salah satunya adalah Rak Besi ukuran 90x40x183 cm yang mendapatkan potongan harga lebih dari Rp 1 jutaan.
Harga normal rak besi ini sebesar Rp 2.090.900 per unit, kemudian mendapatkan harga promo menjadi Rp 1.099.900 per unit.
Bagi pelanggan yang melakukan pembayaran menggunakan Kartu Kredit Bank Mega atau Bank Mega Syariah, dapat membawa pulang rak besi ini dengan harga Rp 879.920 per unit.
Perlu diingat, ada syarat dan ketentuan untuk mendapatkan diskon produk tersebut, di mana tidak berlaku untuk pembelian partai besar dan minimal transaksi Rp 300 ribu.
Di luar itu, selama Transmart Full Day Sale masih ada berbagai promo menarik lainnya hadir dengan diskon hingga 50%+20% untuk beragam produk, mulai dari sembako, produk rumah tangga, furnitur, kosmetik, fesyen, hingga elektronik.
Jadi tunggu apa lagi? Buruan serbu gerai Transmart terdekat dan nikmati segudang promo yang ada!
(ahi/hns)"
SPORT,MotoGP Aragon 2026: Alex Marquez Syukuri Raihan Poin Penting,"Rider Gresini Racing, Alex Marquez, finis keempat di MotoGP Aragon 2026. Dia pun mensyukuri raihan poin penting di Aragon.
Dalam 23 lap balapan di MotoGP Aragon 2026, Marc Marquez yang menjadi pemenang. Baby Alien menjadi yang tercepat pada race, Minggu (30/8/2026), dengan catatan waktu 41 menit 10,969 detik.
Alex Marquez menyentuh garis finis berselang 8,687 detik dari kakaknya, Marc Marquez. Dia harus puas menempati posisi keempat.
Dengan hasil ini, Alex Marquez pun mengantongi 13 poin dari main race MotoGP Aragon 2026. Secara keseluruhan, Alex Marquez membawa pulang 22 poin dari MotoGP Aragon karena finis kedua saat sprint race MotoGP Aragon.
Alex Marquez menyesali kesalahan yang dia lakukan saat awal-awal balapan. Oleh karena itu, dia cuma bisa mensyukuri raihan poin kali ini.
""Sayangnya, start kami membatasi peluang kami hari ini. Saya melakukan kesalahan dan kehilangan banyak posisi. Di sirkuit seperti ini, start sangat krusial, dan dari situlah kami kehilangan kontak dengan kelompok terdepan,"" kata Alex Marquez seperti dikabarkan oleh situs Gresini Racing.
""Terlepas dari itu, kami tetap akan kesulitan dalam manajemen ban: pendekatan yang menguntungkan kami di Silverstone, tetapi tidak berhasil di sini. Kami pulang dengan mengantongi banyak poin penting menjelang GP kandang kami di Misano, ajang paling penting tahun ini bagi tim,"" kata dia menambahkan.
(cas/ran)"
SPORT,Bilal Hasan Bikin Legenda UFC Ini Kagum,"Bilal Hasan memulai debut di UFC dengan meyakinkan, menang KO. Legenda UFC, Henry Cejudo dibikin kagum olehnya.
UFC Fight Night: Nurmagomedov vs Song dalam UFC Shanghai digelar di Oriental Sports Center, Sabtu (29/8). Bilal Hasan yang jalani laga debut, hadapi petarung asal Peru, Nilson Rojas di kelas flyweight.
Kedua petarung punya rekor sama 9-0. Bilal menang di ronde kedua setelah pukulan lurus kanannya masuk sempurna!
Bilal Hasan kini punya rekor kemenangan di dunia MMA 9-0. Petarung asal Indonesia itu memulai debut di UFC dengan mulus, bikin Henry Cejudo kagum!
""Bilal melepas pukulan jab dan sesaat ketika tangan kirinya turun, bum! Pukulan kanan yang lurus ke arah tengah,"" katanya di sosial media.
""Anak ini punya daya tarik. Dia punya sebuah pertunjukan dan membuktikannya di dalam oktagon,"" tambahnya.
Henry Cejudo merupakan legenda di UFC. Dia pernah menyabet dua gelar di kelas flyweight dan bantam weight.
Cejudo sebelumnya pernah juga memuji Bilal Hasan saat kemenangan KO 45 detik. Itu ketika 'The IndoNinja' menang atas petarung asal India, Mridul Saikia dalam perebutan kontrak UFC di Dana White's Contender Series (DWCS) Season 10, Agustus lalu.
""Menang KO cuma 45 detik, ingat-ingat namanya, Bilal Hasan,"" jelas Cejudo.
""Dana White sudah terkesan padanya. Apalagi di kelas flyweight, banyak petarung hebat. Saya nggak sabar menantikan aksi-aksinya,"" sambungnya.
Simak juga Video: Menlu AS Bicara Alasan Pemasangan Ring UFC di Halaman Gedung Putih"
SPORT,Men's World Tennis Championship: Gunawan Tembus Babak Utama Seri IV,"Satu wakil Indonesia lolos ke Babak Utama Seri 4 M-15 Amman Mineral Men's World Tennis Championship 2026. Dia adalah Gunawan Trismuwantara.
Pada pertandingan final kualifikasi di lapangan A, Bali Beach Country Club, Nusa Dua, Senin (31/8/2026), Gunawan menghadapi Haruto Ishikawa asal Jepang.
Petenis 23 tahun itu harus bertarung ketat tiga set selama 1 jam 41 menit untuk memastikan tiket babak utama dengan kemenangan 4-6, 6-6, dan 10-7.
Setelah saling balas di dua set pertama, format super tie break harus digunakan di set ketiga untuk menentukan pemenang. Gunawan bisa memenangi set penentuan tersebut dengan skor akhir 10-7.
""Saya memang sering melakukan kesalahan di set pertama, terutama saat poin penting. Namun, saya kembali fokus di sisa game, terutama di babak super tie dan akhirnya bisa menang,"" ujar Gunawan dalam rilis kepada detikSport.
Pada pertandingan lainnya di lapangan F, performa impresif Ethan David Zapp gagal dilanjutkan saat bertemu unggulan ketiga dari India, Shanker Heisnam.
Meski telah mengeluarkan seluruh permain terbaiknya dan memberikan perlawanan keras terutama di set awal, petenis 17 tahun itu takluk 4-6 dan 1-6 dalam tempo 1 jam 35 menit.
Gunawan pun menemani sejumlah pemain Indonesia yang lebih dulu masuk Babak Utama lewat fasilitas Wild Card, seperti Anthony Susanto, Nathan Barki, dan Rafalentino Ali Da Costa.
Selain turun dinomor tunggal pada kejuaraan yang berhadiah total 20 ribu dolar AS, Indonesia punya enam wakil di nomor ganda melalui Gunawan Trismuwantara/Kareem Abdul Hakim, Rafalentino Ali Dacosta/Ethan David Zapp serta Anthony Susanto yang menggandeng pemain Jepang Ren Nakamura."
FINANCE,"Alat Masak Diobral di Transmart Full Day Sale, Serbu!","Pesta diskon Transmart Full Day Sale masih menyapa pelanggan setia seharian penuh. Banyak diskon bertebaran untuk berbagai produk kebutuhan rumah tangga, seperti perlengkapan masak.
Spesial hari ini, ada diskon hingga 50% dan tambahan diskon 20% apabila pembayaran menggunakan kartu Bank Mega atau Bank Mega Syariah. Diskon ini berlangsung mulai buka toko hingga pukul 22.00 waktu setempat.
Perlengkapan masak mulai dari panci hingga teflon merek Maxim dan Maspion ditawarkan dengan harga promo mulai Rp 99.900/unit. Padahal, harga aslinya Rp 1.199.000/unit.
Lebih murah lagi pakai kartu kredit Bank Mega atau Bank Mega Syariah, jadi Rp 79.920/unit. Pembeli bisa hemat Rp 1,11 jutaan.
Untuk yang belum punya Kartu Kredit Bank Mega, nggak perlu khawatir. Ada unit pembukaan instan yang tersedia di gerai Cibubur dan Central Park. Jangan lupa merapat ke Transmart Full Day Sale dan nikmati diskon besar-besaran.
(acd/acd)"
SPORT,Atlet Bukan Satu-Satunya Kunci Kemajuan Olahraga Nasional,"Kemajuan olahraga suatu negara bukan cuma soal kemampuan Atlet, namun banyak fakto yang mempengaruhi.
Sistem pembinaan, sport science, infrastruktur, kompetisi, tata kelola, hingga kebijakan yang berkelanjutan turut menjadi faktor penting. Persoalan tersebut akan menjadi salah satu bahasan dalam bedah buku 'Membangun Otot di Negeri Kertas' karya Sadik Algadri yang digelar di Gedung Serbaguna GBK, Jakarta, Sabtu (5/9/2026).
Forum tersebut mempertemukan sejumlah tokoh dari latar belakang berbeda, mulai dari akademisi, wartawan senior olahraga, hingga praktisi dan insan olahraga. Akademisi sekaligus filsuf Rocky Gerung bakal turut membedah isi buku tersebut.
""Olahraga Indonesia tidak cukup hanya memiliki atlet-atlet berbakat. Kita membutuhkan ekosistem olahraga yang kuat, profesional, berbasis ilmu pengetahuan, dan berkelanjutan,"" kata Sadik.
""Saya percaya, prestasi internasional tidak lahir hanya dari atlet yang hebat. Prestasi membutuhkan ekosistem yang kuat,"" sambungnya.
Melalui buku Membangun Otot di Negeri Kertas, Sadik- mantan atlet judo nasional Indonesia - mencoba membongkar berbagai persoalan yang selama ini membelenggu olahraga Indonesia.
""Saya ingin melihat atlet-atlet Indonesia berdiri sejajar dengan atlet terbaik dunia. Bukan sebagai pelengkap kompetisi. Bukan sekadar penggembira. Tetapi sebagai kekuatan yang diperhitungkan,"" tandasnya.
Rocky merasa Indonesia punya banyak masalah dalam memajukan olahraga. Dia merasa buku ini bisa menjadi rujukan dalam mengelola olahraga.
""Indonesia menumpuk regulasi, menerbitkan undang-undang, serta memproduksi jargon-jargon teknokratis yang megah-mulai dari sport science, long-term athlete development, hingga produk mutakhir berupa Desain Besar Olahraga Nasional (DBON),"" kata Rocky.
""Buku Membangun Otot di Negeri Kertas, bukan sekadar gagasan brilian, tapi juga solusi untuk meningkatkan prestasi olahraga nasional Indonesia,"" pungkasnya."
SPORT,Ini Dia 20 Pebulutangkis Indonesia di Asian Games 2026,"Persatuan Bulutangkis Indonesia (PBSI) baru saja mengumumkan daftar 20 pemain yang dibawa ke Asian Games 2026. Jonatan Christie salah satunya.
Dari daftar 20 nama itu dibagi rata, yakni 10 pebulutangkis putra dan 10 pebulutangkis putri. Keputusan ini diambil setelah melalui evaluasi yang mendalam selama beberapa bulan.
Beberapa aspek yang dinilai adalah performa terkini, kondisi fisik, hingga kebutuhan teknis tim, sebelum nama-nama pemain dipilih.
""Penetapan skuad itu dilakukan setelah melalui proses evaluasi secara menyeluruh. Kami melihat performa, kondisi fisik dan teknis masing-masing pemain, serta kebutuhan tim untuk menentukan komposisi yang paling sesuai dengan target di Asian Games,"" ujar Kepala Bidang Pembinaan dan Prestasi PBSI, Eng Hian, dalam keterangan resminya.
Meski membawa 20 nama ke Asian Games Aichi-Nagoya 2026, ada beberapa nama yang memang tidak akan tampil di nomor perorangan. Mereka lebih difokuskan untuk menambah kedalaman skuad di nomor beregu.
Di nomor perorangan, Jonatan Christie dan Alwi Farhan akan menjadi tumpuan. Sementara di nomor beregu, Moh Zaki Ubaidillah dan Muhamad Yusuf jad tumpuan.
Hal serupa dilakukan untuk tim putri, baik di sektor perorangan maupun beregu. Asian Games 2026 berlangsung 19 September hingga 4 Oktober, di mana cabor bulutangkis dimulai sehari setelah upacara pembukaan.
Nomor beregu lebih dulu dipertandingkan mulai 20 hingga 24 September, sebelum nomor perorangan dari 25 hingga 29 September. Cabor bulutangkis digelar di Ichinomiya City Municipal Gymnasium.
""Jadi, fokus utama kami adalah nomor beregu terlebih dahulu. Kami ingin seluruh pemain bisa tampil maksimal dan memberikan kontribusi terbaik untuk tim putra maupun putri,"" sambung Eng Hian.
Daftar Pebulutangkis putra
Jonatan Christie
Alwi Farhan
Moh Zaki Ubaidillah
Muhamad Yusuf
Fajar Alfian
Muhammad Shohibul Fikri
Leo Rolly Carnando
Daniel Marthin
Nikolaus Joaquin
Amri Syahnawi
Daftar Pebulutangkis putri
Putri Kusuma Wardani
Thalita Ramadhani Wiryawan
Ni Kadek Dhinda Amartya Pratiwi
Mutiara Ayu Puspitasari
Rachel Allessya Rose
Febi Setianingrum
Febriana Dwipuji Kusuma
Meilysa Trias Puspitasari
Siti Fadia Silva Ramadhanti
Nita Violina Marwah"
FINANCE,"Di KTT BRICS, Prabowo Ungkap Kekayaan Mineral RI","Presiden Prabowo Subianto mengatakan semua negara saat ini harus mampu mengubah kerentanan menjadi peluang yang bisa mendorong kesejahteraan masyarakat. Baginya, Indonesia pun sedang berupaya melakukan hal tersebut.
Menurutnya Indonesia adalah negara kepulauan yang terletak di Cincin Api yang paling aktif. Indonesia setiap hari hidup dengan berbagai potensi bencana alam. Mulai dari naiknya permukaan laut, cuaca ekstrem, dan gunung berapi aktif.
Di tengah kerentanan itu, nyatanya Prabowo mengatakan Indonesia memiliki kekayaan alam besar. Sederet mineral kritis yang bisa jadi sumber daya terbarukan hingga hutan rimbun yang jadi paru-paru dunia.
""Namun, daratan dan lautan kita juga menyimpan banyak hal yang akan menjadi fondasi masa depan, mineral penting, unsur tanah jarang, sumber daya terbarukan untuk teknologi bersih dan teknologi tinggi, serta hutan yang bernapas bagi dunia,"" papar Prabowo dalam pidatonya di KTT BRICS, Minggu (13/9/2026).
Menurutnya, hal yang sama berlaku bagi semua negara anggota BRICS. Bersama-sama, semua negara BRICS memiliki bagian yang signifikan dari mineral penting dan sumber daya energi dunia.
""Kita memiliki segala sesuatu yang menjadi fondasi green century. Itu lah mengapa ketika bencana terjadi, kita harus melihatnya sebagai lebih dari sekadar bencana. Kita harus melihat hubungan erat antara perubahan iklim, ketahanan, dan pembangunan nasional,"" papar Prabowo.
Semua pihak menurutnya harus saling bekerja sama menyatukan sumber daya yang ada untuk memberikan perbedaan nyata bagi dunia.
""Kita juga menyatukan sumber daya, kapasitas produktif, kemampuan teknologi, dan pasar yang sangat besar. Jika digabungkan, BRICS dapat membuat perbedaan nyata dan vital bagi dunia,"" lanjut Prabowo.
(acd/acd)"
FINANCE,Besok Transmart Full Day Sale! Sepeda Dibanderol Mulai Rp 1 Jutaan,"Transmart kembali menghadirkan program belanja hemat Full Day Sale pada Minggu (13/9/2026). Pelanggan dapat menikmati berbagai promo dan diskon mulai dari toko buka hingga pukul 22.00 WIB.
Diskon yang diberikan juga berlaku untuk beragam produk di berbagai wilayah, salah satunya Aneka Sepeda dengan diskon 50+20%. Untuk di Pulau Jawa, harga normal Aneka Sepeda ini adalah Rp 1.499.000 per unit, kemudian mendapatkan harga promo menjadi Rp 1.299.000 per unit.
Namun bagi pelanggan yang melakukan pembayaran menggunakan Kartu Kredit Bank Mega atau Bank Mega Syariah, maka dapat membawa pulang sepeda tersebut dengan harga Rp 1.039.200 per unit.
Sementara untuk di luar Pulau Jawa, harga normal Aneka Sepeda ini adalah Rp 1.599.000 per unit, kemudian mendapatkan harga promo menjadi Rp 1.399.000 per unit.
Namun bagi pelanggan yang melakukan pembayaran menggunakan Kartu Kredit Bank Mega atau Bank Mega Syariah, maka dapat membawa pulang sepeda tersebut dengan harga Rp 1.119.200 per unit.
Perlu diingat, ada syarat dan ketentuan untuk mendapatkan diskon produk tersebut, di mana tidak berlaku untuk pembelian partai besar dan minimal transaksi Rp 300 ribu.
Di luar itu, selama Transmart Full Day Sale masih ada berbagai promo menarik lainnya hadir dengan diskon hingga 50%+20% untuk beragam produk, mulai dari sembako, produk rumah tangga, furnitur, kosmetik, fesyen, hingga elektronik.
Jadi tunggu apa lagi? Buruan serbu gerai Transmart terdekat dan nikmati segudang promo yang ada!
(hns/hns)"
SPORT,"Hasil F1 GP Italia 2026: Kimi Antonelli Menang, Mercedes 1-2","Pebalap Mercedes GP Kimi Antonelli berhasil merebut kemenangan di F1 GP Italia 2026. Semakin lengkap karena rekan setimnya George Russell finis kedua.
Pada balapan yang dihelat di Sirkuit Monza, Minggu (6/9/2026) malam WIB, Antonelli sejatinya tidak punya posisi start yang bagus, yakni dari urutan ketujuh.
Apalagi dia mendapat penalti sehingga harus turun jauh ke urutan ke-19 alias start dari grid.
Pierre Gasly secara mengejutkan melajukan Alpine miliknya ke posisi pole, disusul Russell di posisi kedua, dan driver McLaren Oscar Piastri di posisi ketiga.
Duo pebalap tuan rumah, Charles Leclerc dan Lewis Hamilton, di posisi keempat serta kelima. Bendera merah sudah muncul di lap kedua saat Leclerc harus out dari balapan karena menabrak dinding.
Leclerc kehilangan kendali mobilnya tak lama setelah menyalip Piastri untuk naik ke posisi keempat. Russell saat itu masih memimpin balapan disusul Gasly dan Max Verstappen.
Antonelli sudah naik tujuh strip ke urutan ke-12 saat insiden terjadi. Setelah itu Antonelli pelan tapi pasti mampu memperbaiki posisinya.
Masuknya virtual safety car membuat Antonelli bisa mendekati Russell di sepertiga balapan. Salip-menyalip terjadi antara keduanya di lap ke-22, sebelum Antonelli mengunci posisi terdepan.
Russell tidak mampu mengejar Antonelli sampai 53 lap berlalu, sehingga rekan setimnya itu muncul sebagai pemenang. Russell harus puas di posisi kedua disusul Verstappen.
McLaren menempatkan dua pebalapnya di lima besar, Lando Norris di urutan keempat dan Piastri di urutan kelima. Hamilton menjaga nama baik Ferrari dengan finis keenam.
Melengkapi 10 besar adalah Gasly, Arvid Lindblad, Franco Colapinto, dan Yuki Tsunoda. Antonelli makin kukuh di puncak klasemen F1 dengan 267 poin, unggul 56 angka dari Russell di posisi kedua dan 76 angka dari Hamilton di posisi ketiga."
SPORT,"MotoGP Aragon Selesai, Ini Nama Pemenang Bold Riders Podium Picks","Marc Marquez kembali menjadi yang tercepat di MotoGP Aragon 2026. Rider berjuluk The Baby Alien itu berhasil memenangi balapan di MotorLand Aragon, Minggu (30/8).
Kemenangan tersebut membuat Marc mencatat hat-trick di Aragon. Ia kembali berdiri di podium teratas setelah sebelumnya juga memenangi dua edisi terakhir balapan di sirkuit yang sama.
Balapan sempat menyajikan perubahan posisi di barisan depan. Marco Bezzecchi yang mengawali race dengan baik sempat memimpin, sebelum Marc mengambil alih posisi pertama pada lap keenam.
Pedro Acosta kemudian menjadi rider yang paling dekat dengan Marc. Namun hingga finis, Acosta harus puas di posisi kedua, sementara Bezzecchi melengkapi podium di urutan ketiga.
Sementara itu, Alex Marquez dari Gresini Racing harus berjuang setelah kehilangan beberapa posisi di awal balapan. Ia kemudian mampu memperbaiki posisinya dan menyelesaikan race di urutan keempat.
Bagi Alex, hasil tersebut tetap berarti. Ia mengantongi 13 poin dari balapan utama dan total membawa pulang 22 poin dari akhir pekan Aragon setelah sebelumnya finis kedua di Sprint Race.
Alex mengakui ada kesalahan di awal race yang membuatnya kehilangan waktu. Meski gagal naik podium, tambahan poin tersebut tetap penting untuk menjaga persaingannya di musim 2026.
Tebakan Podium Terjawab
Keseruan di Aragon tidak hanya terjadi di lintasan. Para penggemar MotoGP sebelumnya juga ikut menguji insting mereka lewat Bold Riders Podium Picks.
Dalam kompetisi ini, peserta menebak tiga rider yang akan finis di posisi pertama, kedua, dan ketiga. Setelah race selesai dan seluruh prediksi diperiksa, dua detikers berhasil mengumpulkan poin tertinggi.
Mereka adalah:
- Nung Jannah
- Khoirul Anam
Keduanya berhak mendapatkan voucher masing-masing senilai Rp250 ribu. Selamat untuk Nung Jannah dan Khoirul Anam yang berhasil membaca peluang podium di Aragon.
Buat detikers yang belum berhasil, masih ada seri MotoGP berikutnya untuk kembali menguji insting. Siapa tahu, tebakan berikutnya justru membawa pulang hadiah.
Buat lo yang belum gabung, sekarang waktunya follow Bold Riders, official sponsor Gresini Racing Moto GP team sekaligus wadah komunitas motor multi-genre terbesar di Indonesia.
Di sini lo bisa ketemu sesama pecinta motor, riding bareng, sampai ikut berbagai aktivitas seru. Jangan lupa follow Instagram @boldriders supaya nggak ketinggalan update MotoGP, konten otomotif, dan info event motor lainnya.
Bold Riders, Spirit of Brotherhood!"
FINANCE,Menhub soal Insiden Kapal Virgo: Pemerintah Investigasi Secara Menyeluruh,"Menteri Perhubungan Dudy Purwagandhi buka suara soal nsiden kapal penumpang KMP Virgo Transport 8 yang hilang kontak di perairan Laut Jawa. Kapal tersebut diketahui mengalami insiden listing atau miring ke atas.
Dudy menyampaikan duka cita mendalam atas insiden yang terjadi. Pihaknya juga akan mengawal proses penanganan musibah tersebut.
""Kami menyampaikan duka cita yang mendalam kepada seluruh keluarga korban, dan Kementerian Perhubungan bersama seluruh stakeholder akan terus mengawal proses penanganan musibah ini hingga seluruh tahapan dapat selesai dilaksanakan,"" ujar Dudy dalam keterangan video, Minggu (13/9/2026).
Dia mengatakan Komisi Nasional Keselamatan Transportasi (KNKT) akan langsung diterjunkan untuk melakukan investigasi secara menyeluruh soal penyebab terjadinya insiden maut yang menewaskan 6 orang.
""Terkait penyebab terjadinya musibah ini, pemerintah akan melakukan investigasi secara menyeluruh. Proses tersebut akan dilaksanakan oleh KNKT sesuai dengan kewenangannya,"" ujar Dudy.
Pihaknya meminta semua pihak dapat memberikan kesempatan kepada KNKT untuk bekerja secara profesional, independen, dan berbasiskan data serta fakta. Hasil investigasi nantinya dapat menjadi dasar perbaikan penyelenggaraan keselamatan pelayaran.
KMP Virgo Transport 8 diketahui membawa total 243 orang, terdiri dari 30 kru, 27 mitra kerja kapal, 59 penumpang dewasa, 1 anak-anak, serta 126 sopir dan kernet. Kapal tersebut juga membawa 89 unit kendaraan.
Sudah ada 107 orang yang dievakuasi dan dinyatakan selamat. Sementara itu, 6 penumpang lainnya tewas dalam insiden tersebut.
(acd/acd)"
FINANCE,"Bankir Masih Optimistis, Namun Tetap Waspada","Otoritas Jasa Keuangan (OJK) mencatat optimisme industri perbankan masih tetap terjaga hingga kuartal III-2026 di tengah ketidakpastian perekonomian global dan domestik. Hal tersebut tercermin dari Indeks Orientasi Bisnis Perbankan (IBP) yang berada pada zona optimis sebesar 56.
Survei Orientasi Bisnis Perbankan (SBPO) OJK triwulan III-2026 melibatkan 99 bank responden pada Juli 2026. Responden tersebut mewakili 97,91% dari total aset bank umum berdasarkan data Juni 2026.
Kepala Eksekutif Pengawas Perbankan OJK, Dian Ediana Rae, menjelaskan hasil SBPO mencerminkan optimistis terhadap prospek kinerja dan memiliki keyakinan untuk mengelola risiko.
Optimisme tersebut tercermin dari proyeksi pertumbuhan kinerja perbankan dan kemampuan menjaga risiko. Ekspektasi industri perbankan pada kuartal III-2026 berkaitan dengan ekspektasi peningkatan inflasi dan suku bunga acuan global.
Namun persepsi industri terhadap risiko perbankan tetap berada pada zona optimis, tang tercermin dari Indeks Persepsi Risiko (IPR) tercatat sebesar 57.
Kemudian mayoritas responden meyakini kualitas kredit tetap terjaga, Posisi Devisa Netto (PDN) berada pada level rendah dengan aset dan tagihan valuta asing yang lebih besar dibandingkan kewajiban valuta asing (long position), serta risiko likuiditas tetap terjaga.
Responden juga memperkirakan alat likuid perbankan dan Dana Pihak Ketiga (DPK) akan tetap tumbuh pada triwulan III-2026. Pertumbuhan DPK yang diperkirakan lebih tinggi dibandingkan pertumbuhan penyaluran kredit turut mendorong peningkatan net cashflow perbankan.
Sementara dari sisi kinerja, industri perbankan tetap menunjukkan optimisme yang kuat, tercermin dari Indeks Ekspektasi Kinerja (IEK) tercatat sebesar 83. Responden memperkirakan kredit tetap tumbuh seiring dengan meningkatnya permintaan dan ekspansi melalui pipeline yang tersedia.
Industri pengolahan menjadi sektor ekonomi yang paling mendominasi penyaluran kredit perbankan, yang tercatat tumbuh sebesar 16,85% secara tahunan (year-on-year/yoy) pada Juli 2026.
Dari sisi penghimpunan dana, responden memperkirakan DPK tetap tumbuh pada triwulan III-2026. Perbankan terus mengoptimalkan penghimpunan sumber dana untuk menopang ekspansi kredit sekaligus menjaga likuiditas.
Waswas Dinamika Global
Seluruh bank mewaspadai kondisi global yang berpotensi berlangsung lama dan memburuk. Kondisi ini dinilai dapat berdampak signifikan terhadap prospek dan kinerja ekonomi nasional.
Meski begitu, sektor perbankan masih menunjukkan kinerja dan ketahanan yang terjaga. Hal ini terlihat dari kredit yang tetap tumbuh positif, permodalan yang kuat, serta likuiditas yang memadai di tengah ketidakpastian ekonomi global dan domestik.
Namun demikian, keberlanjutan kinerja perbankan memerlukan dukungan ekosistem ekonomi yang sehat, stabil, dan kondusif agar fungsi intermediasi perbankan dapat terus berjalan secara optimal dalam mendukung pertumbuhan ekonomi nasional.
Ke depan, momentum pertumbuhan ekonomi nasional perlu terus dijaga melalui berbagai upaya yang mendukung stabilitas, produktivitas, dan peningkatan daya saing. Dengan fundamental ekonomi yang tetap kuat, perbankan diharapkan mampu mempertahankan pertumbuhan yang sehat dan berkelanjutan.
(ahi/hns)"
SPORT,Pordasi Akan Optimalkan Lapangan H.M. Hasan Gayo untuk Olahraga Berkuda,"Konfederasi Nasional Persatuan Olahraga Berkuda Seluruh Indonesia (KN Pordasi) mendapat dukungan dari Pemerintah Kabupaten Aceh Tengah. Pordasi diberikan kesempatan memanfaatkan Lapangan Pacu Kuda H.M. Hasan Gayo sebagai salah satu pusat kegiatan olahraga berkuda, khususnya Pacu yang telah membudaya dan juga Berkuda Memanah (IHAAF/Indonesian Horseback Archery Federation) yang potensinya besar.
Dukungan tersebut disampaikan Bupati Aceh Tengah Drs. Haili Yoga ketika menjamu Ketua Presidium Konfederasi Nasional Pordasi Triwatty Marciano, Ketum KONI Pusat Letjen TNI Purn Marciano Norman, Ketum KONI Aceh Pon Yaya, Waketum II PP FN Pordasi Pacu Andi Fauzan dan beberapa tokoh olahraga di Aceh. Jamuan makan malam digelar di pendopo Bupati Aceh Tengah pada malam tanggal 29 Agustus 2026.
Pada jamuan makan malam tersebut, membahas pengembangan dan pemanfaatan Lapangan Pacuan Kuda H.M. Hasan Gayo. Pengembangan Lapangan Pacu Kuda H.M. Hasan Gayo yang merupakan venue warisan Pekan Olahraga Nasional (PON) XXI/2024 Aceh-Sumut, dapat mendorong pengembangan Sport Industry dan Sports Tourism di daerah tersebut sehingga memberikan dampak positif terhadap perekonomian masyarakat.
""Dengan adanya pertandingan olahraga berkuda secara rutin di Lapangan Pacuan Kuda H.M. Hasan Gayo, kami berharap tumbuh Sport Industry dan Sports Tourism yang dapat menggerakkan perekonomian serta meningkatkan kesejahteraan masyarakat Kabupaten Aceh Tengah,"" kata Ketua Presidium Konfederasi Nasional Pordasi, Triwatty.
Menurutnya, manfaat tersebut terutama dapat dirasakan oleh para peternak kuda dan pelaku UMKM yang berada di sekitar kawasan kegiatan olahraga. Tentunya potensi besar Lapangan H.M. Hasan Gayo dapat dikembangkan tidak hanya sebagai venue pacuan kuda, tetapi juga sebagai lapangan berkuda memanah berstandar internasional.
""Secara teknis, fasilitas venue H.M. Hasan Gayo yang telah berstandar nasional dapat dikembangkan sebagai lapangan berkuda memanah berstandar internasional. Dengan demikian, penggunaannya akan semakin produktif dan manfaatnya semakin luas,"" kata Triwatty.
Pengembangan tersebut diharapkan dapat memperkuat ekosistem olahraga berkuda di Aceh Tengah, baik untuk Pacu Kuda maupun berkuda memanah yang erat kaitannya dengan olahraga Sunnah dalam Islam. Selain menjadi tempat penyelenggaraan pertandingan, keberadaan venue yang aktif juga diharapkan dapat mendukung pembinaan atlet, komunitas olahraga berkuda, peternak kuda, serta berbagai sektor ekonomi masyarakat."
FINANCE,Bapanas Minta Masyarakat Lapor ke Sini Jika Ada Pungli Bansos,"Badan Pangan Nasional (Bapanas) meminta masyarakat dapat menyampaikan pengaduan maupun pertanyaan melalui hotline Bapanas di nomor 0895391606768 atau website ppid.badanpangan.go.id. Hal ini menyusul adanya laporan dugaan pungutan terhadap penerima bantuan pangan di beberapa daerah untuk penyaluran Juli-September 2026.
Direktur Distribusi dan Cadangan Pangan Bapanas Rachmi Widiriani mengatakan pihaknya tidak menoleransi praktik pungutan dalam bentuk apa pun terhadap KPM, baik yang dilakukan atas nama sumbangan sukarela maupun dengan dalih lainnya. Ia memastikan seluruh bantuan pangan beras yang disalurkan pemerintah kepada Keluarga Penerima Manfaat (KPM) harus diterima secara utuh volumenya tanpa potongan dalam bentuk apa pun.
""Bantuan pangan ini hak penuh KPM dan harus diterima secara utuh volumenya serta dalam kondisi baik, tanpa potongan sepeser pun. Kami minta seluruh jajaran di daerah, mulai dari pendamping, aparat desa, hingga petugas penyalur, untuk tidak melakukan pungutan dengan alasan apa pun. Kalau ada laporan seperti ini, kami pasti tindak lanjuti bersama Perum Bulog dan pemerintah daerah,"" kata Rachmi dalam keterangannya, dikutip Minggu (12/9/2026).
Pemerintah akan menindaklanjuti setiap dugaan pungutan yang terjadi di lapangan selama proses distribusi berlangsung. Ia menyatakan telah berkoordinasi dengan Perum Bulog selaku pelaksana penyaluran, pemerintah daerah, serta Pemerintah Daerah setempat untuk menelusuri kebenaran laporan dugaan pungutan tersebut hingga tuntas.
Bapanas juga membuka ruang pengaduan masyarakat melalui kanal Whistleblowing System (WBS) resmi lembaga bagi KPM maupun masyarakat yang menemukan indikasi penyimpangan dalam penyaluran bantuan pangan.
""Kami terus memperkuat monitoring dan evaluasi langsung ke titik-titik penyaluran untuk memastikan prosesnya tertib, transparan, dan benar-benar sampai utuh ke tangan penerima. Kami imbau masyarakat tidak ragu melapor jika menemui indikasi pungutan atau penyimpangan lain di lapangan,"" tambah Rachmi.
Program bantuan pangan beras tahap kedua tahun 2026 saat ini menyasar 33.244.408 KPM di seluruh Indonesia yang masuk kategori desil 1 hingga 4 berdasarkan Data Tunggal Sosial Ekonomi Nasional (DTSEN) Kementerian Sosial. Berbeda dari skema sebelumnya yang disalurkan bertahap 10 kilogram per bulan, alokasi Juli, Agustus, dan September 2026 kali ini dirapel dan disalurkan sekaligus sebanyak 30 kilogram beras per KPM.
Total penugasan penyaluran Cadangan Pangan Pemerintah (CPP) untuk program ini mencapai 997.200 ton beras di seluruh Indonesia, dengan target penyaluran rampung pada akhir September 2026. IA menyebut proses distribusi hingga awal September 2026 telah berjalan di berbagai daerah dan terus dipantau melalui kegiatan monitoring dan evaluasi bersama Perum Bulog serta pemerintah daerah.
Rachmi menekankan bantuan pangan beras merupakan program bantuan sosial pemerintah yang seluruh biayanya telah ditanggung negara, sehingga tidak ada pungutan dalam bentuk apa pun yang sah dikenakan kepada KPM saat pengambilan bantuan, baik di kantor desa, kelurahan, maupun titik distribusi lainnya.
(acd/acd)"
SPORT,Jalan Panjang Bilal Hasan Menuju Titel UFC,"Bilal Hasan tampil mengesankan pada debutnya mentas di UFC. Untuk bisa merebut titel, fighter berdarah Indonesia itu punya jalan panjang.
Bilal mentas di UFC akhir pekan lalu. Ia melawan Nilson Rojas pada kelas terbang di UFC Shanghai, dan menang KO pada ronde kedua.
Bilal langsung digadang-gadang jadi bintang UFC berikutnya. Namun sebelum itu, ia harus bisa memenangi duel-duel berikutnya.
Kemenangan atas Rojas belum membuat Bilal masuk ranking 15 besar fighter UFC. Petarung berjuluk The IndoNinja itu menegaskan, akan ada jalan panjang untuk bisa merebut titel.
Bilal memprediksi, dirinya butuh tujuh pertarungan untuk bisa bersaing meraih sabuk juara. Ia harus melawan beberapa fighter di luar ranking lebih dulu.
""Mungkin saya ingin bertarung melawan dua atau tiga petarung di luar peringkat 15 besar, kemudian saya ingin tiga pertarungan melawan peringkat 15 besar, dengan yang keempat akan jadi perebutan gelar,"" kata Bilal Hasan dalam interview di chanel Youtube Jaiden Cable.
""Jadi mungkin itu, (butuh) tujuh pertarungan,"" katanya.
Saat ini sabuk kelas terbang dipegang Joshua Van. Bilal ditanya kapan kira-kira ia bisa mengejar The Fearless?
""Saya tak tahu. Dia (Van) harus mengalahkan Alexander Pantoja (ranking pertama UFC) dulu, dan Pantoja itu lawan yang tangguh. Jadi, mungkin sekitar satu setengah tahun lagi,"" kata Bilal Hasan menargetkan."
SPORT,Bali Bakal Gelar Turnamen Catur Internasional Akhir Oktober,"Bali jadi tuan rumah turnamen catur level internasional akhir Oktober. Tak sekadar adu tangkas, turnamen ini juga bertujuan menggenjot pariwisata Pulau Dewata.
Turnamen ini bernama Catur Bali Fide Rated Kapal Api Chess Festival 2026 yang digelar di Hotel Ululani, Uluwatu, Bali, 30 Oktober sampai 5 November.
Ajang ini digagas oleh Ketua Umum Pengurus Cabang Persatuan Catur Seluruh Indonesia (Pengprov Percasi) Kabupaten Muna, Sulawesi Tenggara, Jalaluddin Madjinuhu, yang mendapat dukungan dari PB Percasi dan klub Jayakarta Muda Jakarta.
Bakal ada total hadiah RP 112 juta di mana Rp 20 juta akan diberikan kepada sang juara. Sejauh ini sudah ada 300 peserta yang berencana mengikuti ajang itu, baik dari dalam maupun luar negeri.
Dari Indonesia, baru atlet-atlet Jawa Timur, Bali, Sulawesi Tenggara, Nusa Tenggara Barat, dan Nusa Tenggara Timur yang mendaftar.
Menurut Jalaludin, jumlah peserta yang cukup banyak ini sesuai dengan daya tampung Ballroom Hotel Ululani, Bali yang akan menjadi arena pertandingan. Diharapkan nantinya, para peserta telah lolos persyaratan sesuai peraturan FIDE.
""Saat ini sekitar 300 calon peserta sudah bersurat kepada FIDE untuk mengikuti turnamen ini. Dari dalam negeri sendiri beberapa daerah sudah konfirmasi kepada saya seperti dari Jawa Timur sebanyak 50 pecatur, Bali (50 pecatur), Sulawesi Tenggara(25 pecatur), serta dari NTT dan NTB,"" ujar Jalaludin dalam rilis kepada detikSport.
""Karena turnamen pertama ini berkategori challenger maka pesertanya adalah pecatur yang memiliki elo rating di bawah 2000,"" sambungnya.
Lebih lanjut, pemilihan Pulau Bali sebagai tempat penyelenggara, agar turnamen catur level international tidak hanya berlangsung di Pulau Jawa saja. Ini juga bisa berdampak positif bagi pariwisata Bali selama turnamen berlangsung.
""Pemilihan Bali, selain sebagai destinasi wisata. juga karena letaknya di tengah-tengah, hingga para peserta dari Pulau Kalimantan, Sulawesi, serta dari Indonesia Bagian Timur lainnya, bisa ikut ambil bagian,"" papar Jalaludin.
Selama ini turnamen catur bertaraf international atau FIDE Rated di Indonesia hanya ada satu kali. Dengan digelarnya turnamen Kapal Api Chess Festival 2026, maka jumlah turnamen bertaraf international di Tanah Air diharapkan semakin banyak.
""Jadi tak usah jauh-jauh ke luar negeri untuk mencari poin elo rating, sebaliknya bagi peserta dari luar negeri juga bisa sekalian berlibur di Bali. Jika turnamen pembuka ini sukses, ke depannya akan dijadikan kalender tetap tiap tahunnya dan titelnya akan berubah menjadi open,"" demikian Jalaludin."
SPORT,Pol: Acosta Akan Menang Balapan dan Jadi Juara Dunia Cuma soal Waktu,"Di tengah ekspektasi tinggi, Pedro Acosta belum mampu menangi balapan alih-alih bersaing merebut titel juara dunia. Rider MotoGP Pol Espargaro tidak khawatir soal ini.
Acosta digadang-gadang sebagai bintang MotoGP masa depan. Rider berjuluk si Hiu dari Mazarron ini bermodalkan gelar juara dunia di kelas Moto3 dan Moto2, lalu jadi rookie terbaik dua tahun lalu.
Dari 54 balapan grand prix yang sudah dilakoni di kelas primer, Acosta 14 kali finis podium tanpa kemenangan. Acosta mentok finis kedua, yang dicapainya delapan kali termasuk di Aragon sepekan lalu.
Tak bisa dipungkiri, Pedro Acosta mulai menghadapi tuntutan untuk memenangi balapan grand prix. Acosta sudah cukup pengalaman, plus dipersenjatai dengan tunggangan pabrikan KTM.
Pol Espargaro, pebalap penguji KTM, yakin betul bahwa Acosta cepat atau lambat akan memenangi grand prix dan jadi juara dunia. Balapan di San Marino dan Austria diyakini jadi kesempatan bagus buat Acosta.
""Aku sepenuhnya yakin, dan kuharap secepatnya karena Misano, Austria itu sirkuit-sirkuit di mana dia bisa tampil bagus, dan di level Pedro sekarang dan level yang kami punya sekarang, dengan beberapa penyempurnaan dan peningkatan untuk balapan mendatang, kurasa itu mungkin,"" ucap adik kandung Aleix Espargaro ini di Marca.
""Kurasa sejak awal ini memungkinkan, tapi kemenangan itu belum memang belum terjadi tap dia sudah sangat dekat, dia dalam jalur yang benar. Bagaimanapun, kurasa kita tidak seharusnya terobsesi dengan ini.""
""Pedro akan memenangi banyak balapan, dia akan memenangi beberapa titel Kejuaraan Dunia. Aku sangat-sangat yakin dengan hal ini, ini hanya soal waktu saja,"" Pol Espargaro menambahkan tentang Acosta."
FINANCE,"SPBU Buka 24 Jam, Antrean BBM di Makassar Mulai Terurai","Antrean kendaraan di sejumlah SPBU wilayah Kota Makassar secara bertahap mulai melandai. Kondisi ini sejalan dengan berbagai upaya optimalisasi pasokan BBM oleh PT Pertamina Patra Niaga bersama Pemerintah Provinsi Sulawesi Selatan.
VP Corporate Communication Pertamina Patra Niaga, Kitty Andhora menyampaikan antrean di sejumlah SPBU di Makassar saat ini secara bertahap mulai melandai.
""Kami terus melakukan berbagai langkah untuk memperkuat pasokan dan pelayanan, serta berkolaborasi dengan Pemerintah Provinsi Sulawesi Selatan untuk mendukung kelancaran pelayanan BBM kepada masyarakat,"" ujar Kitty pada keterangan tertulisnya, Minggu (13/9/2026).
Salah satu bentuk kolaborasi bersama Pemprov Sulsel adalah pemberlakuan sistem ganjil-genap untuk pengisian BBM. Pengaturan khusus di SPBU tersebut dilakukan untuk membantu memecah antrean kendaraan bermotor. Langkah ini sangat mendukung kelancaran pelayanan bagi masyarakat di lapangan.
Di sisi operasional, Pertamina Patra Niaga terus memperkuat pasokan melalui armada mobil tangki yang beroperasi 24 jam. Sebanyak 25 SPBU di Makassar juga ikut dioperasikan selama 24 jam penuh. Kebijakan ini diharapkan sanggup memberikan akses pelayanan yang jauh lebih luas kepada masyarakat.
Optimalisasi pelayanan turut dilakukan melalui penambahan nozzle BBM subsidi beserta operator di sejumlah SPBU. Pertamina Patra Niaga juga menambah titik distribusi melalui pengoperasian tiga unit SPBU Modular. Fasilitas tambahan ini diyakini mampu menunjang pemenuhan kebutuhan BBM warga sekitar.
Kitty menjelaskan berbagai langkah ini dilakukan oleh pihaknya untuk memastikan pasokan dan pelayanan terus berjalan secara optimal.
""Kami juga terus memantau kondisi di lapangan dan melakukan penyesuaian sesuai kebutuhan, sehingga masyarakat dapat memperoleh BBM dengan lebih lancar,"" lanjut Kitty.
Pertamina Patra Niaga memahami BBM merupakan kebutuhan penting masyarakat untuk menunjang mobilitas sehari-hari. Oleh karena itu, optimalisasi pasokan hingga distribusi terus dilakukan secara berkelanjutan sesuai dinamika di lapangan.
Pihaknya sangat mengapresiasi dukungan Pemprov Sulsel serta masyarakat yang tertib mengikuti arahan petugas. Kolaborasi seluruh pihak diharapkan dapat terus mendukung kelancaran pelayanan BBM bagi warga Makassar.
""Pertamina Patra Niaga akan terus berupaya memberikan pelayanan terbaik dan memastikan distribusi BBM berjalan dengan optimal, agar kebutuhan masyarakat dapat terpenuhi dan aktivitas sehari-hari dapat terus berjalan dengan lancar,"" tutup Kitty."
SPORT,"PBSI Tarik Pemain dari China Masters 2026, RI Cuma Kirim 4 Wakil","Indonesia hanya mengirim empat wakil ke China Masters 2026. PBSI menarik sejumlah pemain dengan alasan persiapan menuju Asian Games 2026.
China Masters 2026 yang merupakan turnamen Super 750 itu digelar di Shenzhen Arena, China, pada 1-6 September. Sementara Asian Games 2026 yang akan diselenggarakan di Aichi Nagoya, Jepang, itu akan bergulir pada 19 September - 4 Oktober.
Dalam daftar pemain yang dirilis PBSI, Senin (31/8/2026), hanya empat wakil yang akan bertanding di China Masters 2026. Mereka adalah Jonatan Christie serta tiga ganda putra yakni Leo Rolly Carnando/Daniel Marthin, Sabar Karyaman Gutama/Moh Reza Pahlevi Isfahani, dan Ali Faathir Rayhan/Devin Artha Wahyudi.
Sementara itu, nama-nama yang ditarik dari turnamen ini berdasarkan daftar undian yang dirilis pekan lalu adalah Alwi Farhan, Putri Kusuma Wardani, dan Fajar Alfian/Muhammad Shohibul Fikri. Sebelumnya, PBSI sudah membatalkan keikutsertaan pemain dari sektor ganda putri dan ganda campuran.
Kabid Binpres PBSI Eng Hian mengatakan bahwa penarikan sejumlah pemain dari China Masters 2026 disebabkan oleh penyelenggaraannya yang berdekatan dengan Asian Games 2026. PBSI disebutnya harus mengatur program persiapan pemain.
""Penarikan beberapa pemain dari China Masters ini karena jaraknya cukup berdekatan dengan Asian Games. Mereka masuk dalam long list Asian Games, sehingga kami perlu mengatur program masing-masing agar persiapannya bisa lebih optimal, termasuk waktu untuk recovery, latihan, dan evaluasi,"" ucap Eng Hian seperti terlihat dalam unggahan di media sosial PBSI.
""Tapi ada juga beberapa pemain yang tetap diturunkan di China Masters. Pertimbangannya karena mereka memiliki kebutuhan untuk menjaga atau menambah poin ranking BWF mereka, sekaligus menjaga match feel dan ritme pertandingan sebelum Asian Games.""
""Jadi, programnya memang tidak bisa disamaratakan. Kami melihat kebutuhan dan kondisi masing-masing pemain.""
""Dan yang perlu digarisbawahi, pemain yang bertanding dan ditarik dari China Masters bukan berarti sudah pasti masuk tim Asian Games. Mereka masih dalam long list dan tetap akan kami evaluasi berdasarkan performa, kondisi fisik dan teknis, serta kebutuhan tim,"" katanya.
(nds/cas)"
SPORT,Bukan Pukulan Hoki yang Runtuhkan Umar Nurmagomedov,"Umar Nurmagomedov telan kekalahan dari Song Yadong di lanjutan UFC. Shovel uppercut langsung bikin Umar KO dan tak sadarkan diri. Bukan pukulan hoki!
UFC Fight Night: Nurmagomedov vs Song dalam UFC Shanghai digelar di Oriental Sports Center, Sabtu (29/8). Duel utama di kelas bantam UFC, Umar Nurmagomedov di ranking ketiga kontra Song Yadong di ranking keenam.
Song Yadong menang KO pada ronde kedua. Shovel uppercut yang dilepaskannya masuk, bikin Umar langsung tersungkur dan tak sadarkan diri, ditambah dua pukulan hammer fist.
Dirangkum dari berbagai sumber, pukulan shovel uppercut tidak seperti pukulan uppercut dalam tinju. Teknik ini dilakukan petarung MMA atau Muay Thai.
Pukulan ini dilayangkan dari bawah ke atas dengan lintasan diagonal sekitar 45 derajat, menyerupai gerakan seseorang yang sedang mencangkul atau menyekop. Khusus pukulan shovel uppercut Song Yadong, petarung asal China itu melakukannya dengan cantik.
Saat Song Yadong lepas pukulan itu dengan tangan kanannya, dirinya tidak memutar pergelangan tangan. Pergelangan tangannya lurus.
Song lebih dulu melepas jab. Umar Nurmagomedov yang lakukan duck (merendahkan tubuh bagian atas) langsung kena hantam shovel uppercut Song yang mengenai belakang kupingnya, di belakang bagian temple.
Umar langsung terjatuh tidak sadarkan diri. Dari posisi yang terkena pukulan itu pun mengalir darah segar.
Song dan timnya sudah baca kebiasaan buruk Umar. Umar suka duck ketika diserang dan lancarkan single leg takedown. Song dengan tepat dapat timing untuk mengeksekusinya.
""Pelatih saya Rudy Hernandez sudah bilang, kami akan menang dengan upper cut. Ya, saya percaya diri untuk melakukannya,"" ungkap Song.
""Kami tahu, Umar akan menghindar ke bawah. Kami sudah memperhatikan itu dan saya bisa melakukannya dengan baik,"" tutup Song.
Lihat juga Video Cara Khabib Nurmagomedov Nikmati Masa Pensiun: Makan Apa pun Asal Halal"
SPORT,"Hasil China Masters 2026: Leo/Daniel Kena Comeback, Keok di 16 Besar","Leo Rolly Carnando/Daniel Marthin kandas di babak 16 besar China Masters 2026. Leo/Rolly dikalahkan Takumi Nomura/Yuichi Shimogami dalam rubber game.
Babak 16 besar BWF Super 750 China Masters nomor ganda putra mempertemukan Leo/Daniel dengan Nomura/Shimogami. Duel digelar di court 1 Arena Shenzen, Kamis (3/9/2026) sore WIB.
Leo/Daniel tancap gas di awal gim pertama. Keduanya mampu menjaga keunggulan 1-2 angka dari Nomura/Shimogami dan mencapai interval dengan keunggulan 11-7.
Laju Leo/Daniel semakin tak terbendung setelah meraih 3 dan 5 angka beruntun untuk memimpin jauh 19-9. Leo/Daniel menutup gim pertama dengan keunggulan 21-14.
Leo/Daniel meraih 4 angka beruntun memasuki gim kedua, tapi bisa disamakan Nomura/Shimogami 4-4. Susul-susulan poin terjadi hingga kedudukan berimbang 8-8.
Leo/Daniel mulai lepas dari tekanan dan meraih keunggulan 11-8. Nomura/Shimogami kembali bisa menyamakan kedudukan 12-12 dan 15-15.
Nomura/Shimogami memanfaatkan momentum dengan meraih poin demi poin. Pasangan Jepang ini berbalik unggul 21-16 dan memaksa duel lanjut rubber game.
Persaingan sengit terjadi di gim ketiga. Leo/Daniel sempat unggul 1-2 angka sebelum disamakan Nomura/Shimogami 8-8.
Nomura/Shimogami berbalik unggul dan mencapai interval dengan keunggulan 11-8. Leo/Daniel mampu mengejar 11-11 dan kemudian terjadi lagi susul-susulan angka hingga kedudukan berimbang 19-19.
Nomura/Shimogami memasuki match point dengan keunggulan 20-19. Bola pengembalian yang out dari Daniel Marthin memastikan kemenangan Nomura/Shimogami 21-19."
SPORT,KTM Suka Antusiasme Luca Marini,"KTM punya sejumlah alasan merekrut Luca Marini ke Tech3 untuk MotoGP 2027. Pebalap Italia itu dinilai bukan cuma membawa pengalaman, tetapi juga bisa membantu KTM mengembangkan motor di era baru.
Marini akan meninggalkan Honda HRC setelah tiga musim dan bergabung dengan Tech3 mulai 2027. Kepindahan tersebut sudah resmi diumumkan pada Agustus lalu. Ia akan menjadi salah satu bagian dari proyek baru Tech3 bersama KTM.
Direktur motorsport KTM, Pit Beirer, mengungkapkan bahwa ketertarikan Marini terhadap proyek KTM menjadi salah satu faktor penting dalam keputusan tersebut.
""Kami sangat senang dia bergabung dengan kami. Luca menunjukkan ketertarikannya sejak awal, dan menurut saya penting memiliki seseorang yang benar-benar ingin datang ke sini,"" kata Beirer seperti dilansir Crash.net.
Bagi KTM, antusiasme itu bukan satu-satunya pertimbangan. Marini juga dianggap punya kemampuan yang dibutuhkan untuk membantu pengembangan motor.
""Ketika berbicara dengan orang-orang di sekitarnya, jelas bahwa dia juga merupakan sosok yang hebat untuk membantu membuat motor menjadi lebih baik,"" ujar Beirer.
KTM Ingin Marini Bantu Kembangkan Motor
MotoGP akan memasuki era baru pada 2027. Kapasitas mesin akan turun dari 1.000 cc menjadi 850 cc, disertai perubahan besar pada regulasi teknis dan penggunaan ban Pirelli.
KTM sendiri sudah mempersiapkan proyek tersebut. Mereka telah menguji mesin yang dirancang untuk era regulasi baru dan memastikan Tech3 tetap menjadi bagian dari proyek KTM mulai 2027.
Dalam situasi seperti itu, pengalaman pebalap menjadi sangat penting. Beirer mengatakan KTM memang sengaja mencari kombinasi pebalap berpengalaman dan pebalap muda untuk Tech3.
""Kami berkomitmen sejak awal: kami ingin pebalap muda dan kami ingin pebalap berpengalaman. Kami tidak ingin memiliki dua pebalap muda karena ini bukan tim rookie. Ini adalah tim MotoGP yang kuat dan sekelas tim utama.""
Karena itu, KTM menilai kombinasi Marini dengan pebalap muda nantinya bisa menjadi formula yang ideal.
Keputusan merekrut Marini juga mendapat respons positif dari para pebalap yang akan memperkuat KTM pada 2027. Beirer menyebut para pebalap baru KTM mengetahui kemampuan Marini dalam membantu pengembangan motor.
""Mereka sangat senang karena tahu apa yang bisa dilakukan Luca dan bagaimana dia bisa membantu mengembangkan motor,"" ujarnya.
(krs/yna)"
FINANCE,Franky Widjaja Mundur dari Anak Usaha Sinar Mas Group,"Konglomerat Sinar Mas Group, Franky Oesman Widjaja resmi mengundurkan diri dari Presiden Komisaris PT Dian Swastatika Sentosa Tbk (DSSA). Ketetapan tersebut diputuskan berdasarkan mekanisme Rapat Umum Pemegang Saham Luar Biasa (RUPSLB) pada Kamis (10/9/2026).
Ketetapan ini disetujui oleh 147.599.515.567 saham atau sekitar 99,9% hak suara DSSA. Dengan demikian, Franky dibebaskan dari tanggung jawab sepenuhnya atas tindakan pengawasan.
""Menyetujui untuk menerima pengunduran diri Bapak Franky Oesman Widjaja selaku Presiden Komisaris Perseroan,"" tulis Risalah RUPSLB DSSA, dikutip dari Keterbukaan Informasi Bursa Efek Indonesia (BEI), Sabtu (12/9/2026).
RUPSLB juga menyetujui pengunduran diri David Fernando Audy dari jabatan Direktur DSSA. Selanjutnya, pemegang saham menyetujui pengangkatan David Fernando Audy sebagai Presiden Komisaris DSSA.
""Selanjutnya menyetujui pengangkatan Bapak David Fernando Audy sebagai Presiden Komisaris Perseroan, dengan masa jabatan sesuai dengan masa jabatan anggota Dewan Komisaris lainnya,"" tulis Risalah RUPSLB DSSA.
Meski demikian, Franky Widjaja masih tercatat sebagai beneficial owner DSSA. Sebagai informasi, DSSA merupakan perusahaan yang berfokus pada sektor energi, pertambangan, dan infrastruktur digital di bawah naungan Sinar Mas Group.
PT Sinar Mas Tunggal tercatat sebagai pengendali utama DSSA dengan kepemilikan saham sebesar 115.388.080.000 atau setara 59,90% hak suara. Berikut susunan direksi dan komisaris DSSA berdasarkan hasil RUPSLB perseroan:
Komisaris
David Fernando Audy - Presiden Komisaris
Handhianto Suryo Kentjono - Komisaris
Evita Herawati Legowo - Komisaris Independen
Robert Arthur Simanjuntak - Komisaris Independen
F.X. Sutijastoto - Komisaris Independen
Hendrikus Passagi - Komisaris Independen
Direksi:
Lay Krisnan Cahya - Presiden Direktur
Lokita Prasetya - Wakil Presiden Direktur
Marlo Budiman - Wakil Presiden Direktur
Hermawan Tarjono - Direktur
Daniel Cahya - Direktur
Alex Sutanto - Direktur
Mona Angelique Susanto - Direktur"
FINANCE,"Ekonomi Global Tak Baik-baik Saja, RI Dorong Negara Berkembang Aktif Negosiasi","Menteri Koordinator Bidang Perekonomian Airlangga Hartarto menyampaikan negara-negara berkembang perlu menjadi bagian dari proses pembentukan dan negosiasi tata kelola global. Menurut Airlangga, negara berkembang tidak hanya menjadi penerima dari ketentuan yang telah ditetapkan.
Airlangga mengatakan reformasi sistem multilateral menjadi semakin penting di tengah meningkatnya fragmentasi ekonomi global, ketidakpastian perdagangan, serta berbagai tantangan terhadap rantai pasok. Indonesia terus mendorong sistem perdagangan multilateral yang terbuka, inklusif, transparan, berbasis aturan, dan memberikan ruang pembangunan yang memadai bagi negara berkembang. Keikutsertaan secara aktif negara-negara berkembang dalam proses reformasi tersebut menjadi hal yang krusial.
""Apabila kita tidak menjadi bagian dari proses negosiasi, maka ketentuan tersebut pada akhirnya akan ditetapkan dan diterapkan kepada kita. Karena itu, Indonesia perlu terus mengambil peran aktif dalam membentuk tata kelola global yang lebih inklusif, representative dan berkeadilan,"" ujar Airlangga dalam keterangannya, Minggu (13/9/2026).
Airlangga tengah mendampingi Presiden Prabowo Subianto menghadiri hari pertama Konferensi Tingkat Tinggi (KTT) BRICS ke-18 di Bharat Mandapam, New Delhi, India, Sabtu (12/09). Pengalaman ASEAN menjadi salah satu contoh bagaimana kerja sama regional dapat berkontribusi dalam membangun ketahanan.
Di tengah berbagai dinamika geopolitik dan geoekonomi, ASEAN telah menjadi wadah bagi negara-negara di kawasan untuk memperkuat dialog, kerja sama, serta menjaga stabilitas dan pertumbuhan ekonomi regional.
Pada momentum ini, berbagai substansi strategis turut menjadi pembahasan BRICS, antara lain penguatan kerangka institusional BRICS, perekonomian dan perdagangan, keuangan internasional, perdamaian dan keamanan, energi, ketahanan pangan dan pertanian, digitalisasi dan teknologi, serta perubahan iklim dan lingkungan.
Pada bidang ekonomi, pembahasan antara lain mencakup penguatan kerja sama keuangan, pengembangan mekanisme Local Currency Settlement (LCS), upaya membangun rantai pasok global yang tangguh, serta penguatan sistem perdagangan yang terbuka, inklusif, transparan, dan berbasis aturan.
(acd/acd)"
FINANCE,Sederet Upaya Tangani Antrean Panjang di SPBU Kota Makassar,"PT Pertamina Patra Niaga melakukan sejumlah langkah untuk mengatasi antrean panjang di sejumlah SPBU di Kota Makassar, Sulawesi Selatan. Upaya tersebut dilakukan menyusul meningkatnya kebutuhan BBM masyarakat di wilayah tersebut.
Sejumlah langkah pun ditempuh untuk memperkuat pasokan sekaligus mempercepat pelayanan. Mulai dari meningkatkan penyaluran BBM, mengoptimalkan operasional mobil tangki, membuka 25 SPBU selama 24 jam, hingga penambahan nozzle BBM Subsidi 12 SPBU di Kota Makassar.
Penyesuaian konfigurasi kapasitas pelayanan dan penambahan nozzle BBM Subsidi dilakukan dengan menyesuaikan kapasitas pengisian di SPBU berdasarkan kondisi dan kebutuhan di lapangan.
Langkah ini ditujukan untuk meningkatkan kapasitas pelayanan, mempercepat proses pengisian BBM, serta mendukung pengurangan waktu antrean masyarakat di SPBU.
Upaya tersebut melengkapi langkah sebelumnya berupa penambahan menjadi total 25 SPBU yang beroperasi selama 24 jam di Kota Makassar. Pengoperasian SPBU 24 jam dilakukan untuk memperluas waktu pelayanan dan memberikan alternatif bagi masyarakat dalam mendapatkan BBM.
VP Corporate Communication Pertamina Patra Niaga, Kitty Andhora, mengatakan bahwa perusahaan terus melakukan evaluasi terhadap kondisi operasional di lapangan dan menindaklanjutinya dengan berbagai penyesuaian yang diperlukan.
""Kami terus melakukan evaluasi dan tindak lanjut berdasarkan kondisi aktual di lapangan. Penyesuaian konfigurasi kapasitas dan penambahan nozzle BBM Subsidi di 12 SPBU Makassar merupakan salah satu langkah yang kami lakukan untuk mengoptimalkan kapasitas pelayanan dan mendukung kelancaran masyarakat dalam mendapatkan BBM,"" ujar Kitty dalam keterangan tertulis, Sabtu (12/7/2026).
Pertamina Patra Niaga juga terus memperkuat monitoring stok dan penyaluran BBM di wilayah Makassar. Penyaluran dilakukan secara dinamis dengan mempertimbangkan kebutuhan di masing-masing SPBU, sehingga distribusi dapat terus disesuaikan dengan kondisi di lapangan.
Pertamina Patra Niaga memastikan berbagai langkah tindak lanjut akan terus dilakukan sesuai perkembangan kebutuhan masyarakat.
Optimalisasi kapasitas, jam operasional, pelayanan, dan distribusi BBM menjadi bagian dari upaya perusahaan untuk menjaga kelancaran pemenuhan kebutuhan energi masyarakat di Kota Makassar.
Pertamina juga mengimbau masyarakat untuk melakukan pembelian BBM sesuai kebutuhan dan tidak melakukan pembelian secara berlebihan. Untuk informasi dan layanan lebih lanjut, masyarakat dapat menghubungi Pertamina Contact Center 135.
Selain itu, Pertamina Patra Niaga menambah pasokan dan distribusi BBM ke sejumlah SPBU di Sulawesi Selatan untuk memenuhi peningkatan kebutuhan masyarakat.
Langkah ini dilakukan sebagai respons terhadap kenaikan permintaan, khususnya terhadap BBM bersubsidi, di sejumlah wilayah.
Kitty Andhora peningkatan antrean di sejumlah SPBU terjadi seiring kenaikan permintaan yang cukup signifikan, terutama pada BBM subsidi, yang kemudian diperkuat oleh perubahan pola konsumsi dan pembelian masyarakat secara bersamaan.
""Pertamina terus meningkatkan pasokan BBM ke Terminal BBM untuk memperkuat suplai BBM ke Makassar agar ketersediaan dapat terjaga pada level yang aman,"" ujar Kitty,
Peningkatan kebutuhan BBM subsidi juga tercermin dari kebutuhan Solar JBT yang meningkat sekitar 10-15% pada periode Juni hingga Agustus 2026. Pertamina Patra Niaga terus mengantisipasi peningkatan kebutuhan tersebut melalui penyesuaian penyaluran dan penguatan distribusi sesuai kondisi di masing-masing wilayah.
Selain meningkatkan penyaluran, Pertamina Patra Niaga mengoptimalkan operasional mobil tangki selama 24 jam untuk mempercepat pengiriman dan pengisian stok BBM di SPBU, serta melakukan rekonfigurasi kapasitas pelayanan melalui penambahan nozzle Pertalite di sejumlah SPBU.
(ily/hns)"
FINANCE,Biang Kerok Panel Surya RI Masuk AS Digetok Tarif Selangit,"Pemerintah Amerika Serikat (AS) resmi mengenakan tarif antidumping terhadap produk panel surya asal Indonesia. Tarif dijatuhkan menyusul hasil penyelidikan yang menyimpulkan adanya praktik penjualan produk di bawah harga wajar di pasar AS.
Dikutip dari Reuters, Sabtu (12/9/2026), Indonesia dikenakan margin antidumping 94,36%. Produk serupa dari India juga dikenakan margin antidumping 123,04%, sementara Laos sebesar 65,43%.
Panel surya Indonesia digetok countervailing duty dengan tarif antara 73,2% hingga 173,7%. Sementara tarif yang dikenakan terhadap produsen India mencapai 126,09% dan Laos berada pada rentang 82,03% hingga 153,67%.
Countervailing duty adalah bea tambahan terhadap barang impor untuk mengimbangi subsidi yang diberikan pemerintah negara asal kepada produsennya. Dalam hal ini, AS menilai produsen panel surya di 3 negara tersebut mendapat keuntungan dari subsidi yang diberikan pemerintah masing-masing.
Penyelidikan perdagangan tersebut diajukan oleh Alliance for American Solar Manufacturing and Trade. Anggotanya mencakup sejumlah produsen panel surya AS, termasuk First Solar, Hanwha Qcells, dan Mission Solar Energy.
""Keputusan final pada Jumat ini merupakan langkah penting untuk menegakkan aturan perdagangan kami dan memulihkan persaingan yang adil bagi produsen panel surya AS dan para pekerja yang mereka pekerjakan,"" kata pengacara utama Alliance, Tim Brightbill.
""Kami akan terus memantau data impor dan meminta pertanggungjawaban pihak-pihak yang melakukan pelanggaran, ke mana pun mereka berpindah selanjutnya,"" sambung Tim.
Komisi Perdagangan Internasional AS (USITC) dijadwalkan mengambil keputusan final pada 14 Oktober mengenai apakah impor tersebut secara material telah merugikan atau mengancam industri dalam negeri AS.
Jika USITC menyatakan terdapat kerugian, Departemen Perdagangan AS diperkirakan menerbitkan perintah pengenaan bea final pada November. Kasus ini menjadi babak terbaru dari sengketa perdagangan panel surya yang telah berlangsung selama bertahun-tahun.
AS pertama kali mengenakan bea antidumping dan antisubsidi terhadap produk panel surya China pada 2012. Kebijakan tersebut kemudian mendorong sejumlah produsen China mengalihkan produksinya ke negara-negara Asia lainnya.
(ily/hns)"
FINANCE,"Prabowo Kumpul Bareng Modi, Putin, hingga Xi Jinping di India","Menteri Koordinator Bidang Perekonomian Airlangga Hartarto mendampingi Presiden Prabowo Subianto menghadiri Konferensi Tingkat Tinggi (KTT) ke-18 BRICS 2026 di New Delhi, India.
Prabowo diagendakan akan menyampaikan pandangan pemerintah pada 2 sesi utama KTT BRICS yakni sesi yang dikhususkan bagi Negara Anggota BRICS dan sesi kedua yang terbuka bagi Negara Anggota dan Mitra BRICS.
""Para Pemimpin Negara Anggota (BRICS Member Countries) dan Negara Mitra (BRICS Partner Countries) mendorong upaya menjaga inklusivitas tata kelola global dan memperkuat multilateralisme,"" ujar Sekretaris Kementerian Koordinatir Bidang Perekonomian, Susiwijono Moegiarso dalam keterangan tertulis, Sabtu (12/9/2026).
Beberapa isu akan didiskusikan, mulai dari topik pengembangan kerangka institusional BRICS, perekonomian dan perdagangan, keuangan internasional, perdamaian dan keamanan, energi, ketahanan pangan dan pertanian, digitalisasi dan teknologi, hingga perubahan iklim dan lingkungan.
Isu terkait reformasi lembaga multilateral seperti WTO, IMF, dan World Bank, kerja sama keuangan, mekanisme implementasi Local Currency Settlement (LCS), upaya mendorong rantai pasok global yang tangguh, serta penegasan pentingnya sistem perdagangan yang terbuka, inklusif, transparan dan berbasis aturan menjadi bahasan pada bidang perekonomian.
Kepala Negara dan Kepala Pemerintahan yang dijadwalkan akan hadir di New Delhi pada KTT BRICS kali ini antara lain President Xi Jinping (China), President Vladimir Putin (Rusia), President Cyril Ramaphosa (Afrika Selatan), President Masoud Pezeshkian (Iran), President Abdel Fattah El-Sisi (Egypt).
Kemudian, Presiden Prabowo Subianto (Indonesia), PM Anwar Ibrahim (Malaysia), PM Abiy Ahmed Ali (Ethiopia), Crown Prince of Abu Dhabi Sheikh Khaled/ Mohamed bin Zayed Al Nahyan (UAE), President Kassym-Jomart Tokayev (Kazakhstan), President Ferdinand R. Marcos Jr. (Philippines), President Evariste Ndayishimiye (Burundi).
BRICS adalah forum kerja sama internasional yang terdiri dari Brasil, Rusia, India, RRT, dan Afrika Selatan. Pada 2024, keanggotaan diperluas dengan Mesir, Ethiopia, Iran dan Persatuan Arab Emirat. Indonesia resmi bergabung pada 1 Januari 2025.
Dalam perkembangannya, BRICS membentuk Partner Countries yang terdiri atas Belarus, Bolivia, Kuba, Kazakhstan, Malaysia, Nigeria, Thailand, Uganda, Uzbekistan dan Vietnam. BRICS hingga kini telah mencakup mewakili 49,5% populasi dunia, 40% GDP global, dan 26% nilai perdagangan global.
Tahun 2026 India memegang Keketuaan BRICS dan akan menyelenggarakan KTT pada 12-13 September 2026 di New Delhi, India. Venue acara KTT BRICS diselenggarakan di Bharat Mandapam, venue yang sama pada saat penyelenggaraan KTT G20 pada tahun 2023 yang lalu.
KTT BRICS tahun 2026 ini mengusung tema Building for Resilience, Innovation, Cooperation and Sustainability. Agenda utama KTT ini terdiri dari 2 sesi, yaitu satu sesi pertemuan khusus BRICS Member Countries (closed session) dengan topik bahasan ""Inclusive Global Governance and Strengthening Multilateralism"".
Sedangkan satu sesi lainnya adalah pertemuan dengan BRICS Partner Countries (open session) dengan topik bahasan ""Resilience, Innovation, Cooperation and Sustainability: Shaping the Future for Inclusive Global Growth"".
(hns/hns)"
FINANCE,Panel Surya RI Masuk Pasar AS Digetok Tarif Tinggi hingga 173%!,"Departemen Perdagangan Amerika Serikat (AS) menetapkan bea masuk tinggi terhadap impor sel dan panel surya dari India, Indonesia, dan Laos. Ketiganya dinilai menjual produk dengan harga murah secara tidak wajar di pasar AS dan dianggap tidak adil.
Mengutip Reuters, Sabtu (12/9/2026), Departemen Perdagangan AS menetapkan margin antidumping sebesar 123,04% terhadap produsen India, 94,36% terhadap produsen Indonesia, dan 65,43% terhadap produsen Laos.
Selain itu, AS menetapkan bea imbalan atau countervailing duty sebesar 126,09% terhadap produsen India. Untuk produsen Indonesia, besarannya berkisar 73,2% hingga 173,7%, sedangkan produsen Laos dikenakan tarif antara 82,03% hingga 153,67%.
Countervailing duty adalah bea tambahan terhadap barang impor untuk mengimbangi subsidi yang diberikan pemerintah negara asal kepada produsennya. Dalam hal ini, AS menilai produsen panel surya di 3 negara tersebut mendapat keuntungan dari subsidi yang diberikan pemerintah masing-masing.
Penyelidikan perdagangan tersebut diajukan oleh Alliance for American Solar Manufacturing and Trade. Anggotanya mencakup sejumlah produsen panel surya AS, termasuk First Solar, Hanwha Qcells, dan Mission Solar Energy.
""Keputusan final pada Jumat ini merupakan langkah penting untuk menegakkan aturan perdagangan kami dan memulihkan persaingan yang adil bagi produsen panel surya AS dan para pekerja yang mereka pekerjakan,"" kata pengacara utama Alliance, Tim Brightbill.
""Kami akan terus memantau data impor dan meminta pertanggungjawaban pihak-pihak yang melakukan pelanggaran, ke mana pun mereka berpindah selanjutnya,"" sambung dia.
Komisi Perdagangan Internasional AS (USITC) dijadwalkan mengambil keputusan final pada 14 Oktober mengenai apakah impor tersebut secara material telah merugikan atau mengancam industri dalam negeri AS.
Jika USITC menyatakan terdapat kerugian, Departemen Perdagangan AS diperkirakan menerbitkan perintah pengenaan bea final pada November. Kasus ini menjadi babak terbaru dari sengketa perdagangan panel surya yang telah berlangsung selama bertahun-tahun.
AS pertama kali mengenakan bea antidumping dan antisubsidi terhadap produk panel surya China pada 2012. Kebijakan tersebut kemudian mendorong sejumlah produsen China mengalihkan produksinya ke negara-negara Asia lainnya.
(ily/hns)"
FINANCE,"KMP Virgo Transport 8 Kapal Bekas, Pengusaha: Praktik Umum dan Wajar","KMP Virgo Transport 8 yang tenggelam di Laut Jawa merupakan kapal bekas dan pernah beroperasi di Jepang. Kapal tersebut sebelumnya adalah layanan Ferry Kurushima dan melayani rute Kokura-Matsuyama hingga 30 Juni 2025.
Setelah masa operasionalnya di Jepang berakhir, kapal tersebut kemudian berpindah ke Indonesia pada 2026. PT Virgo Karya Shipping (VKS) mengubah kapal tersebut menjadi Virgo Transport 8 dan menjalankan rute Surabaya-Banjarmasin sejak Juli 2026.
Menurut Ketua Umum Dewan Pimpinan Pusat Gabungan Pengusaha Nasional Angkutan Sungai (DPP Gapasdap) Khoiri Soetomo penggunaan kapal bekas atau pre-owned vessel merupakan praktik yang umum dan wajar, bukan hanya di Indonesia, tapi di berbagai negara.
""Dalam industri pelayaran, penggunaan kapal bekas atau pre-owned vessel merupakan praktik yang umum dan wajar, baik di Indonesia maupun di berbagai negara,"" ujar Khoiri kepada detikcom, Senin (14/9/2026).
Dia melanjutkan kapal memang dirancang memiliki umur operasional yang panjang. Menurutnya, ukuran keselamatan kapal sendiri tidak semata-mata dilihat dari umurnya atau apakah kapalnya baru atau bekas.
Penilaian dilakukan dari apakah kondisi kapal masih laik berlayar di laut atau tidak dan memenuhi seluruh ketentuan keselamatan yang diatur dalam UU Nomor 17 Tahun 2008 tentang Pelayaran, PP Nomor 31 Tahun 2021 tentang Penyelenggaraan Bidang Pelayaran, serta ketentuan kewajiban klasifikasi kapal berbendera Indonesia.
""Semuanya dilihat dari apakah kondisi aktual kapal masih laik laut, dirawat dengan baik, serta memenuhi seluruh ketentuan keselamatan. Prinsipnya sederhana, kapal bekas boleh digunakan, tetapi keselamatannya tidak boleh bekas. Standar kelaiklautan, perawatan, pemeriksaan, dan pengawasannya harus tetap maksimal,"" lanjut Khoiri.
Syarat Ketat Operasi Kapal Bekas
Sebelum kapal bekas dapat dioperasikan di Indonesia, Khoiri mengatakan pada prinsipnya harus melalui beberapa tahapan, mulai dari memenuhi ketentuan impor dan kepabeanan apabila didatangkan dari luar negeri, lalu memenuhi persyaratan pengukuran, pendaftaran, kepemilikan, dan penggunaan bendera Indonesiam
Selanjutnya kapal bekas itu juga harus menjalani pemeriksaan awal serta masuk dalam klasifikasi badan klasifikasi yang diakui. Setelah itu kapal harus dinyatakan lulus pemeriksaan struktur, lambung, mesin, instalasi listrik, sistem kedap air, alat navigasi, komunikasi, dan perlengkapan keselamatan.
Kapal bekas juga harus memiliki dokumen stabilitas dan garis muat yang telah disahkan. Setiap modifikasi, termasuk perubahan konstruksi atau ramp door, harus memperoleh persetujuan teknis dan diperhitungkan kembali pengaruhnya terhadap kekuatan serta stabilitas kapal.
Berikutnya, kapal juga harus memiliki sertifikat keselamatan, pencegahan pencemaran, manajemen keselamatan, serta diawaki oleh awak kapal yang jumlah dan kompetensinya memenuhi ketentuan. Terakhir, kapal wajib menjalani survei dan pemeriksaan berkala, serta memperoleh Surat Persetujuan Berlayar dari Syahbandar untuk setiap keberangkatan.
""Semakin tua usia kapal, pemeriksaan struktur, kelelahan material, korosi, sistem kedap air, pemeliharaan, serta riwayat modifikasinya memang harus semakin ketat dan tidak boleh hanya bersifat administratif,"" papar Khoiri.
Khoiri menekankan tidak ada korelasi secara langsung antara usia kapal atau status kapal bekas dengan seaworthiness atau kelaikan kapal untuk berlayar. Di kasus Virgo Transport 8, Khoiri juga meyakini status kapal bekas maupun usia kapal yang tua tidak dapat langsung disimpulkan sebagai penyebab kecelakaan.
""Ini yang sering kurang dipahami oleh banyak pihak sehingga sangat mudah menyimpulkan atau dalam Bahasa Jawa gebyah uyah,"" ujar Khoiri.
Khusus mengenai penyebab insiden KMP Virgo Transport 8, Khoiri mengajak semua pihak sebaiknya menunggu hasil investigasi resmi KNKT. Jangan sampai ada yang mendahului investigasi atau menyimpulkan penyebab tanpa dukungan data dan pemeriksaan teknis yang lengkap."
FINANCE,Tepatkah Pembukaan Rekening Bank untuk 200 Juta Warga?,"Institute for Development of Economics and Finance (INDEF) turut menyoroti rencana pemerintah membuka rekening bank untuk 200 juta penduduk Indonesia. Pemerintah diminta untuk memperjelas tujuan tersebut mengingat terdapat risiko dibalik program ini.
Ekonom Center for Sharia Economic Development INDEF, A. Hakam Naja, menilai program tersebut perlu juga disinkronkan dengan data tunggal sosial ekonomi nasional (DTSEN) jika ditujukan untuk meningkatkan jangkauan dan akurasi program perlindungan sosial (perlinsos). Namun jika program tersebut hanya untuk meningkatkan inklusi keuangan, pemerintah mestinya fokus kepada masyarakat yang belum terlayani oleh perbankan.
Pasalnya berdasarkan data Lembaga Penjamin Simpanan (LPS) menyebutkan bahwa 46,5 juta penduduk belum memiliki rekening bank (unbanked). Hakam menilai, dana yang dibutuhkan untuk menyasar angka ini sekitar Rp 2,325 triliun.
Adapun ongkos untuk membuka rekening bank secara massal kepada 200 juta penduduk, sebelumnya ditaksir sebesar Rp 11 triliun dengan saldo sebesar Rp 50.000. Kebutuhan dana tersebut rencana akan diakomodir oleh Anggaran Pendapatan dan Belanja Negara (APBN).
""Pemerintah mesti memperjelas tujuan dari program ini,"" ungkap Hakam dalam keterangan tertulis, Sabtu (12/9/2026).
Hakam menilai, konsep dan kerangka waktu pelaksanaan program ini juga tidak cukup terang. Menurutnya, pemerintah perlu memastikan program ini akan dipersiapkan dengan matang, terencana dan terukur.
Hal ini penting agar program tersebut sesuai dengan prinsip tata kelola pemerintahan yang baik, dana dialokasikan pada APBN 2027 yang sedang dibahas pemerintah dan DPR. Hakam menegaskan, pemerintah mesti menerapkan disiplin fiskal dalam pelaksanaan program ini.
""Ada jangka waktu yang cukup untuk mempersiapkan program ini sebaik-baikya dengan menyerap aspirasi dari pemangku kepentingan dan masyarakat luas. Maka program ini diharapkan bisa menjadi instrumen mendorong kegiatan ekonomi dan peningkatan kesejahteraan masyarakat,"" tegas Hakam.
Dorong Ekonomi Syariah
Hakam menilai, program ini juga mestinya menjadi momentum pemerintah untuk mendorong ekonomi syariah melalui keterlibatan PT Bank Syariah Indonesia (Persero) Tbk (BSI), bank yang ditunjuk sebagai penyedia rekening. Hal ini juga sejalan dengan tujuan pemerintah dalam Astacita dan Rencana Pembangunan Jangka Menengah (RPJMN) 2025-2030.
Dalam RPJMN 2025-2030, ekonomi syariah merupakan salah satu sumber pertumbuhan baru ekonomi mencapai 8%. Hakam menilai, pemerintah bisa memberikan alokasi sebesar 40% dalam pembukaan rekening program ini secara nasional kepada BSI.
""Ini merupakan bentuk afirmasi agar perbankan syariah yang masih merangkak mendapatkan dukungan dan insentif konkit dari pemerintah,"" terangnya.
Selain BSI, PT Bank Rakyat Indonesia (Persero) Tbk (BRI) juga diketahui mendapat mandat yang sama untuk menggarap program tersebut. Namun rencananya, BSI hanya akan menggarap pembukaan rekening di wilayah Aceh.
Dari segi jumlah nasabah, BRI dan BSI juga terdapat ketimpangan yang mestinya pemerintah berupaya memperkecil kesenjangan ini. Nasabah BRI tercatat sebesar 131 juta dan menjangkau 60 ribu desa hingga akhir kuartal II-2026.
Sementara BSI punya 24,3 nasabah pada 2026. Pangsa pasar perbankan syariah per Juli 2026 juga tercatat baru sebesar 7,35%, menurun dibandingkan Juli 2025 sebesar 7,41%. Data ini menunjukkan bahwa perbankan konvensional menguasai sekitar 92,65% pangsa pasar nasional.
Hal ini juga sinkron dengan hasil Survei Nasional Literasi dan Inklusi Keuangan (SNLIK) 2026 yang mencatat indeks inklusi keuangan konvensional sebesar 93,61% dan indeks literasi keuangan pada 69,57%. Sementara indeks literasi keuangan syariah mencapai 43,07% dan indeks inklusi keuangan syariah hanya 13,24%.
""Artinya masyarakat belum banyak terlayani keuangan syariah meskipun mempunyai pemahaman yang cukup memadai. Jika BSI hanya melayani masyarakat Aceh, maka tidak signifikan nilai tambah yang diperoleh secara agregat nasional. Hal ini merujuk pada tingkat literasi keuangan syariah di Aceh mencapai 65,18% dan inklusi keuangan syariahnya 72%,"" ujar Hakam.
Risiko Rekening Dormant
Hakam menilai, pemerintah lebih baik membuka rekening hanya untuk warga yang tidak punya rekening bank. Sementara bagi warga yang sudah punya rekening, bisa menggunakannya untuk mengikuti program ini dengan mendaftarkan rekening tersebut.
Menurut Hakam, pembukaan massal rekening untuk 200 juta warga mendongkrak risiko peningkatan jumlah rekening tidak aktif (dormant). Menurut data Pusat Pelaporan dan Analisis Transaksi Keuangan (PPATK) pada Juli 2025, terdapat 122 juta rekening dormant yang diblokir untuk mencegah penyalahgunaan seperti jual beli rekening, penipuan, judi online, narkotika, hingga tindak pidana pencucian uang.
""Rekening bank mestinya digunakan untuk menabung, transaksi, investasi, pembiayaan dan pencatatan aktivitas keuangan,"" jelas Hakam.
Hakam menegaskan, pemerintah perlu mencermati pengalaman beberapa negara yang telah menjalankan program stimulus dana tunai langsung. Sebagaimana yang dijalankan Vietnam melalui program bantuan tunai untuk 100 juta orang pada perayaan 80 tahun kemerdekaannya tahun 2025.
Pemerintah Vietnam memberikan 100.000 dong (sekitar Rp68.000) kepada setiap warga dengan total anggaran yang dikeluarkan sebesar 10 triliun dong atau sekitar Rp 6,8 triliun. Kemudian Iran, menjalankan sistem pendapatan dasar universal.
""Pemerintah Iran memberi subsidi pangan dan energi dengan membagikan dana tunai langsung setiap bulan ke rekening bank kepala keluarga yang menjangkau lebih dari 90% warganya yang total penduduknya berjumlah 93 juta orang,"" pungkasnya.
(ahi/hns)"
SPORT,"WEC 2026: Paruh Kedua Musim Dimulai, Team WRT 32 Lebih Pede","FIA World Endurance Championship 2026 memasuki paruh kedua musim. Team WRT 32 lebih percaya diri meraih hasil bagus.
Dari empat balapan awal, selalu muncul pemenang berbeda. Team WRT #69 (BMW) menaklukkan seri pembuka di Imola, lalu Garage 59 #10 (McLaren) finis pertama di Spa.
Dua tim penggeber Corvette memenangi dua balapan terakhir di Le Mans serta Sao Paulo, yakni TF Sport #33 dan Racing Team Turkey #34.
TF Sport 33 sekarang memimpin klasemen dengan keunggulan 27 poin atas tim juara bertahan kelas LMGT3, The Bend Manthey #92 (Porsche). Keunggulan dengan selisih poin lumayan besar itu pun didapat karena TF Sport 33 menang di Le Mans yang memberikan poin ganda.
Selebihnya, dari Manthey 92 di peringkat dua hingga tim di posisi ke-10 hanya berselisih 19 poin. Ini menggambarkan betapa persaingan di LMGT3 sangat terbuka musim ini.
Menariknya lagi menatap putaran lima FIA WEC, Lone Star Le Mans atau 6 Hours of COTA akhir pekan ini, untuk kali pertama dua tim pemenang di dua kelas tahun lalu absen. Porsche Penske tak melanjutkan program Hypercar tahun ini.
Sementara tim United Autosports #95 yang tahun lalu menang di COTA bersama Sean Gelael, Darren Leung, dan Marino Sato juga absen dari program LMGT3 tahun ini. Mereka memilih fokus untuk menjadi partner operasional McLaren untuk tampil di Hypercar 2027.
Mobil McLaren sendiri masih ada di LMGT3, tapi manajemennya pindah ke tim Garage 59 dengan mengoperasikan mobil nomor 10 dan 58.
Sean dan Darren masih bersatu dan punya ingatan baik soal kemenangan tahun lalu. Namun kali ini cerita pasti berbeda karena mereka mengendarai BMW bersama Augusto Farfus di Team WRT #32.
""Musim liburan telah berakhir, sekarang saatnya fokus tantangan berat di hadapan,"" tulis akun resmi Team WRT.
Race 6 Hours of COTA disiarkan langsung secara livestreaming di kanal youtube KUY Entertainment, Senin (7/9) mulai pukul 01.00 WIB."
FINANCE,"17 Tahun Berdiri, LPEI Perkuat Peran 'Policy Bank' Dukung Ekspor Nasional","Lembaga Pembiayaan Ekspor Indonesia (LPEI) atau Indonesia Eximbank genap berusia 17 tahun. Institusi ini terus bertransformasi memperkuat perannya sebagai policy bank guna menunjang kebijakan pemerintah dalam mendorong ekspor nasional.
Langkah transformasi LPEI diarahkan langsung pada penguatan tata kelola kelembagaan. Kapasitas pembiayaan juga ditingkatkan untuk mengisi kesenjangan pasar yang belum sepenuhnya dapat dilayani oleh lembaga keuangan komersial. LPEI bertugas melengkapi ekosistem pembiayaan ekspor demi meningkatkan daya saing pelaku usaha.
Menteri Keuangan Purbaya Yudhi Sadewa meminta LPEI melihat kembali sektor unggulan terdampak globalisasi seperti tekstil, sepatu, dan baja yang kini kesulitan mendapat pinjaman.
""Sebagai lembaga pembiayaan ekspor, coba bicara dengan industri, tekstil, furniture dan lain lain, dan coba tawarkan bunga pembiayaan yang murah. Bila masih ketinggian juga, nanti saya lihat, apakah KPI pendapatan bunga LPEI perlu diturunkan, tidak perlu tinggi tapi efektif menjawab harapan pelaku usaha. Kan saya yang menentukan parameter kinerjanya,"" ujar Purbaya dalam keterangan tertulisnya, Minggu (13/9/2026).
Direktur Eksekutif LPEI Sukatmo Padmosukarso menyebut arahan tersebut semakin menegaskan peran penting lembaganya. LPEI tidak semata berorientasi pada nilai pembiayaan semata, tetapi juga mengedepankan dampak sosial bagi perekonomian nasional.
""Nilai yang kami bawa tidak berhenti pada pembiayaan, tetapi dirumuskan melalui Beyond Financing, Developmental Impact, dan Sustainability,"" kata Sukatmo.
Selama berkiprah, dukungan LPEI telah diberikan untuk berbagai proyek strategis luar negeri yang digarap kontraktor Indonesia. Bantuan pembiayaan ini disalurkan untuk proyek di Malaysia, Amerika Serikat, Timor Leste, hingga Arab Saudi. Pembukaan pasar nontradisional juga sukses dilakukan lewat ekspor pesawat PT Dirgantara Indonesia ke Nepal, Senegal, dan Filipina.
Saat ini, LPEI mendapat amanah khusus untuk terus memperkuat sektor padat karya.
""Di tengah meningkatnya ketidakpastian perdagangan akibat dinamika geopolitik dan ekonomi global, LPEI juga siap mendukung sektor lain yang membutuhkan intervensi kebijakan sesuai mandat countercyclical lembaga,"" papar Sukatmo.
Sukatmo menjelaskan transformasi lembaganya diarahkan agar peran LPEI semakin dirasakan oleh ekosistem ekspor, terutama dalam menjangkau kebutuhan pelaku usaha yang belum bisa dipenuhi mekanisme pasar.
""Dengan semangat Berkarya, Bermakna, kami ingin memastikan setiap dukungan LPEI memberikan manfaat nyata bagi eksportir dan perekonomian Indonesia,"" terangnya.
Sebagai agent of development, dampak sosial dan ekonomi atas fasilitas pembiayaan LPEI tercatat mencapai 3,49 kali dari setiap rupiah yang disalurkan per Juni 2026. Capaian ini berkontribusi besar terhadap pengurangan kemiskinan dan pemberdayaan masyarakat di Tanah Air. LPEI turut mengapresiasi para pelaku usaha inovatif melalui penganugerahan Indonesia Eximbank Export Champion Award."
FINANCE,Kemenhub Ungkap 10 Perusahaan Terbanyak Langgar Aturan Odol,"Kementerian Perhubungan (Kemenhub) mengungkapkan 10 badan usaha yang kendaraannya paling banyak terdeteksi melakukan pelanggaran angkutan barang selama uji coba Electronic Traffic Law Enforcement (ETLE) Hub. Uji coba berlangsung pada 10 Agustus sampai 10 September 2026.
Direktur Jenderal Perhubungan Darat Kemenhub, Aan Suhanan, menyampaikan dari 10 badan usaha tersebut, pelanggaran yang terdeteksi mencapai 1.295 dari total 72.236 kendaraan yang melakukan pelanggaran angkutan barang.
""ETLE Hub juga memberikan gambaran ada level badan usaha dalam satu bulan evaluasi. Secara keseluruhan, (10) top badan usaha ini menghasilkan sekitar 1.295 deteksi atau 1,8% dari seluruh deteksi. Jadi tadi yang data itu 10 besar tapi inisialnya,"" ujar Aan dalam dalam acara Evaluasi Penerapan ETLE HUB dalam Pengawasan Kendaraan Lebih Dimensi dan Lebih Muatan di Kantor Kemenhub, Jakarta, Senin (14/9/2026).
Meski begitu, Aan belum dapat merinci nama-nama secara lengkap 10 besar badan usaha yang terdeteksi melakukan pelanggaran. Aan memberikan inisialnya saja.
Berdasarkan data Kementerian Perhubungan, PT SIL menjadi badan usaha dengan frekuensi deteksi tertinggi selama uji coba ETLE Hub, yakni sebanyak 236 kali. Selanjutnya PT SS sebanyak 175 kali, CV SKE 144 kali, PT SA 140 kali, dan CV SMJ 140 kali.
Kemudian PT MKA tercatat 128 deteksi, disusul PT TOS sebanyak 115 deteksi, PT FGS 96 deteksi, PT BPT 90 deteksi, dan CV GJ sebanyak 82 deteksi. Aan mengatakan pelanggaran ini paling besar terjadi di Sumatera.
""Kita ada 51 titik ya, ada di Sumatera, ada di Jawa. 10 besar saat ini di Sumatera,"" katanya.
Ke depan, Kemenhub akan memanggil 10 badan usaha tersebut. Pemanggilan dilakukan untuk memberikan informasi dan peringatan terkait temuan pelanggaran yang dilakukan kendaraan mereka serta agar dilakukan pembenahan terhadap angkutan barangnya.
""Upaya apa yang harus kita lakukan? Tadi kita akan memanggil yang 10 besar ini nanti kita akan panggil, ini kan belum disanksi pidana, kita akan panggil dan informasikan bahwa perusahaan Anda terdeteksi melakukan pelanggaran di titik ini. Kami sudah tahu semua titiknya. Jadi tidak bisa Mengelak lagi, buktinya ada, fotonya ada sehingga ini juga untuk memberikan pelajaran kepada operator yang 10 besar tadi kita akan panggil nantinya,"" katanya.
""Saya harapkan semua operator angkutan barang ini segera memperbaiki data cara pemuatannya, mungkin dengan pemilik barang memperbaiki terkait dengan kerjasamanya, tarifnya dan sebagainya. Harapannya 2027 ini sudah clear, tidak ada lagi kendaraan yang over dimension,"" sambungnya.
(hrp/fdl)"
SPORT,Duel 300 Km/Jam Marc Marquez Vs Bezzecchi di Aragon: Motor seperti Nempel,"Marc Marquez mengungkap momen menegangkan saat berduel dengan Marco Bezzecchi di MotoGP Aragon. Kedua pebalap sempat seperti tertarik satu sama lain akibat turbulensi aerodinamika pada kecepatan sekitar 300 km/jam. Menyeramkan!
Momen tersebut terjadi pada lap keenam MotoGP Aragon, Minggu (30/8/2026), saat Marc Marquez dan Bezzecchi terlibat duel ketat untuk memperebutkan posisi terdepan. Keduanya berdampingan di trek lurus dengan kecepatan tinggi.
Duel itu bermula setelah Marquez melakukan manuver dari sisi dalam terhadap Bezzecchi di chicane. Tapi pebalap Aprilia tersebut mampu kembali berada di samping Marquez berkat keluar tikungan yang lebih baik.
Saat keduanya berakselerasi dan menaikkan gigi, Bezzecchi berada di antara Marquez dan sisi dalam trek. Turbulensi yang muncul membuat kedua motor mulai bergoyang ketika melaju dalam kecepatan tinggi.
""Itu momen yang luar biasa. Maksud saya, momen yang menakutkan,"" kata Marc Marquez seperti dilansir Crash.net.
""Karena dengan semua aerodinamika itu, pada kecepatan 300 kilometer per jam motor kami seperti tertarik satu sama lain. Saya mencoba [memberi ruang] dan bergerak ke sisi kanan, tetapi kami seperti 'menempel'.
""Jika Anda melihat tayangan ulangnya, bahkan ada sedikit wheelie di gigi enam! Dan tidak mungkin untuk menjauh dari motornya. Jadi itu momen yang menakutkan, tetapi tontonan yang bagus untuk para penggemar. Kemudian tiba saatnya Marco sedikit menyerah karena dia berada di sisi yang kotor,"" tuturnya mengisahkan.
Marquez akhirnya tetap bertahan di depan hingga memasuki zona pengereman. Bezzecchi kemudian kehilangan posisi kedua setelah disalip Pedro Acosta. Tiga pebalap terdepan tersebut kemudian mempertahankan posisi masing-masing hingga bendera finis dikibarkan."
FINANCE,Kementan Gandeng UGM-BRIN Perkuat Hilirisasi Hortikultura untuk Ekspor,"Kementerian Pertanian (Kementan) menggandeng Badan Riset dan Inovasi Nasional (BRIN), Fakultas Teknologi Pertanian Universitas Gadjah Mada (FTP UGM), dan pelaku usaha untuk memperkuat hilirisasi komoditas hortikultura. Kolaborasi ini ditujukan untuk meningkatkan daya saing dan kinerja ekspor produk hortikultura Indonesia.
Agenda strategis ini dibahas mendalam dalam Pertemuan Kolaborasi Penguatan Ekspor dan Hilirisasi Komoditas Hortikultura. Kegiatan tersebut berlangsung di Ruang Rapat Fakultas Teknologi Pertanian (FTP) UGM, Yogyakarta, Kamis (10/9). Pertemuan ini menjadi langkah nyata mempercepat integrasi sektor pertanian dari hulu hingga hilir.
Direktur Hilirisasi Hasil Hortikultura Kementan Freddy Lumban Gaol menyebut peningkatan ekspor membutuhkan kerja bersama lintas lembaga. Penguatan hilirisasi tidak cukup sekadar menggenjot angka produksi semata. Aspek krusial seperti mutu, kontinuitas pasokan, hingga pemenuhan syarat ketat negara tujuan mutlak harus diperhatikan. Freddy mengatakan hilirisasi komoditas hortikultura ini tidak bisa berjalan sendiri-sendiri.
""Kita harus mengintegrasikan rantai pasok dari hulu ke hilir, mulai dari penyediaan bahan baku yang memenuhi standar, penerapan teknologi pascapanen, perlakuan karantina, hingga penetrasi pasar ekspor,"" tutur Freddy pada keterangan tertulisnya, Minggu (13/9/2026).
Kolaborasi lintas instansi ini diarahkan untuk menjawab sejumlah tantangan komoditas hortikultura segar Indonesia di pasar global. Kendala utama lazimnya terkait durasi masa simpan, konsistensi mutu bahan baku, serta pemenuhan regulasi fitosanitari negara tujuan ekspor.
Dalam forum tersebut, BRIN memaparkan perkembangan teknologi iradiasi fitosanitari menggunakan electron beam di Cikarang. Teknologi canggih ini disiapkan untuk menangani komoditas unggulan seperti mangga, salak, dan buah naga. Langkah preventif ini menjamin komoditas ekspor benar-benar bebas dari organisme pengganggu tumbuhan.
Penerapan teknologi modern tersebut turut didukung oleh penyusunan pedoman nasional dan peningkatan kapasitas para inspektur. Penguatan sistem jaminan mutu ini sangat penting untuk memastikan produk hortikultura Indonesia memenuhi standar karantina internasional.
Selain penanganan produk segar, hilirisasi juga merambah pemanfaatan teknologi pengolahan canggih seperti freeze drying. Metode pengeringan ini dinilai ampuh meningkatkan nilai tambah komoditas. Umur simpan produk bisa diperpanjang secara signifikan tanpa mengurangi kualitas nutrisinya.
Saat ini, sejumlah produk olahan berbahan nangka, durian, salak, nanas, hingga pisang telah berhasil menembus pasar ekspor. Negara tujuannya mencakup Malaysia, Singapura, Uni Emirat Arab, Inggris, hingga Arab Saudi. Capaian positif ini menunjukkan besarnya peluang produk hortikultura olahan merajai etalase internasional.
Di sisi akademis, FTP UGM memegang peran penting lewat riset analisis kandungan nutrisi dan senyawa fungsional. Riset komprehensif ini diarahkan untuk menghasilkan karakterisasi produk unggulan. Hasil riset tersebut nantinya diandalkan untuk mendongkrak nilai jual komoditas Indonesia di pasar global.
Menindaklanjuti pertemuan ini, Kementan bersama para mitra telah menyepakati sejumlah langkah percepatan di lapangan. Salah satunya melalui peninjauan langsung ke fasilitas teknologi iradiasi milik PT Oneject Indonesia bersama tim BRIN.
Integrasi rantai pasok juga segera dikerjakan lewat identifikasi komoditas prioritas dan kelompok tani paling potensial. Langkah teknis ini diyakini sanggup memberikan kepastian mutu dan keterlacakan produk secara transparan dari hulu ke hilir.
Kementan bersama seluruh mitra berharap ekosistem hilirisasi hortikultura ke depan menjadi lebih inovatif dan berorientasi pada ekspor. Produk hortikultura Indonesia ditargetkan mampu bersaing secara kompetitif secara global sekaligus memenuhi kebutuhan pasar domestik."
FINANCE,"RI Bertahun-tahun Impor Beras-Jagung, Prabowo: Sekarang Kita Eksportir!","Presiden Prabowo Subianto mengungkapkan bertahun-tahun lamanya Indonesia menjadi importir bahan pangan. Mulai dari biji-bijian, beras, hingga jagung.
Saat ini Indonesia perlahan berubah, Indonesia mulai bisa menjadi negara eksportir. Hal itu terjadi karena beras produk dalam negeri saat ini sudah mulai diekspor ke berbagai negara.
Indonesia menurutnya siap untuk meningkatkan dukungan kepada berbagai negara yang butuh tambahan bahan pangan dengan melakukan ekspor.
""Indonesia selama bertahun-tahun merupakan importir terbesar biji-bijian, beras, dan jagung. Sekarang kita adalah eksportir, dan kita akan mampu meningkatkan dukungan untuk seluruh dunia,"" ujar Prabowo dalam pidatonya di KTT BRICS, Minggu (13/9/2026).
Menurutnya kini ekonomi hijau menjadi peluang besar dan bisa memperkuat posisi negara berkembang, khususnya anggota BRICS, dalam rantai pasok global.
""BRICS sudah menjadi rantai pasokan. Tugas kita adalah menghubungkan dan mengoptimalkannya, sehingga kekuatan yang ada ini dapat menjadi sumber nilai yang lebih besar bagi kita semua,"" tegas Prabowo.
Di sisi lain, menurutnya setiap negara harus mendorong pertumbuhan ekonomi yang dapat menjangkau jutaan masyarakat untuk membuat bangsa jadi lebih tangguh.
""Hal ini hanya dapat dicapai ketika pembangunan bersifat inklusif, dan ketika dikombinasikan dengan inovasi, kekuatan kolektif kita dapat menjadi kekuatan yang ampuh untuk mengubah kelangkaan menjadi kapasitas,"" papar Prabowo.
(acd/acd)"
FINANCE,"KMP Virgo Transport 8 Berusia 39 Tahun, Pernah Dipakai di Jepang","KMP Virgo Transport 8 yang mengangkut 243 penumpang terbalik dan tenggelam di Laut Jawa. Insiden ini terjadi usai kapal menghadapi cuaca buruk dalam perjalanan dari Surabaya ke Banjarmasin.
KMP Virgo merupakan kapal yang memiliki historis panjang di dunia pelayaran. Berdasarkan data MarineTraffic, dikutip dari detikJatim, Senin (14/9/2026), kapal tersebut sudah puluhan tahun beroperasi di Jepang sebelum akhirnya berlayar di laut Indonesia.
Virgo Transport 8 merupakan kapal penumpang yang dibangun pada 1987. Jika dihitung hingga 2026, kapal tersebut telah berusia sekitar 39 tahun. Kapal ini dibangun oleh Shin Kurushima Onishi Shipyard, galangan kapal yang berada di Imabari, Jepang.
Berdasarkan data yang tersedia, kapal itu masih tercatat melayani rute Kokura-Matsuyama hingga 30 Juni 2025 dengan nama layanan Ferry Kurushima. Setelah masa operasionalnya di Jepang berakhir, kapal tersebut kemudian berpindah ke Indonesia pada 2026.
Kapal selanjutnya mulai beroperasi dengan nama Virgo Transport 8 pada Juli 2026. Sejak itu, kapal tersebut melayani perjalanan pulang-pergi dengan rute Surabaya-Banjarmasin.
Di Indonesia, kapal tersebut dimiliki dan dioperasikan oleh PT Virgo Karya Shipping (VKS). Perusahaan pelayaran yang berkantor di Jalan Perak Barat, Surabaya, Jawa Timur.
Dikonfirmasi terpisah soal kapal tersebut, Ketua Umum Dewan Pimpinan Pusat Gabungan Pengusaha Nasional Angkutan Sungai (DPP Gapasdap) Khoiri Soetomo mengakui sempat mendengar kabar soal KMP Virgo Transport 8 memang merupakan kapal bekas.
""Namun, riwayat lengkap kepemilikan, perubahan nama, modifikasi, dan proses masuknya ke Indonesia tetap perlu dikonfirmasi melalui dokumen registrasi resmi kapal,"" ujar Khoiri saat dihubungi detikcom.
Di sisi lain, dalam industri pelayaran, penggunaan kapal bekas atau pre-owned vessel merupakan praktik yang umum dan wajar. Praktik itu, kata Khoiri, dilakukan baik di Indonesia maupun di berbagai negara.
""Kapal memang dirancang memiliki umur operasional yang panjang. Karena itu, ukuran keselamatan tidak semata-mata apakah kapalnya baru atau bekas, melainkan apakah kondisi aktual kapal masih laik laut, dirawat dengan baik, serta memenuhi seluruh ketentuan keselamatan,"" ujar Khoiri.
(hal/ara)"
FINANCE,"Tempat Fitnes Tutup, Konsumen Rugi Rp 8,46 Miliar!","True Fitness dan True Yoga di Singapura akan tutup. Konsumen terdampak penutupan dua jaringan pusat kebugaran tersebut melaporkan kerugian S$ 609.000 atau sekitar Rp 8,46 miliar (kurs Rp 13.900).
True Fitness dan True Yoga ditempatkan di bawah likuidasi sementara pada Kamis (10/9/2026). Pusat kebugaran dan yoga yang mereka operasikan akan ditutup sebagai bagian dari proses likuidasi.
Presiden Consumers Association of Singapore (CASE) Melvin Yong mengatakan pihaknya telah menerima 241 pengaduan dari konsumen yang terdampak penutupan tersebut. Kerugian berasal dari membership, paket, serta layanan yang telah dibeli konsumen tetapi belum digunakan.
""CASE telah menghubungi likuidator sementara dan akan terus meminta kejelasan mengenai penanganan konsumen yang terdampak, termasuk informasi yang dibutuhkan untuk mengajukan klaim,"" kata Yong, dilansir dari CNA, Sabtu (12/9/2026).
Berdasarkan laporan perusahaan induknya yang berbasis di Hong Kong, Kontafarma China Holdings, direksi True Fitness dan True Yoga menyatakan kedua perusahaan tidak mampu melanjutkan bisnis karena kewajiban yang mereka tanggung.
Praktisi insolvensi Goh Wee Teck dan Lin Yueh Hung dari RSM SG Corporate Advisory telah ditunjuk sebagai likuidator sementara. Rapat umum luar biasa kedua perusahaan akan digelar pada 7 Oktober 2026.
Dalam pertemuan tersebut akan diusulkan pembubaran perusahaan secara sukarela oleh kreditur, kemudian dilanjutkan dengan pertemuan bersama para kreditur.
Kontafarma menyebut kedua perusahaan sebagai bagian dari True Singapore Group. Grup tersebut mengoperasikan 10 pusat kebugaran dan yoga di Singapura melalui tiga merek, yakni True Fitness, TFX, dan Yoga Edition.
Kerugian Membengkak
True Singapore Group membukukan pendapatan sekitar HK$ 181,2 juta atau US$ 23,1 juta sepanjang tahun yang berakhir pada 31 Desember 2025. Pada periode yang sama, perusahaan mencatat kerugian sekitar HK$ 34,3 juta.
Pada akhir 2025, total aset perusahaan tercatat sekitar HK$ 149,7 juta. Sementara itu, total liabilitasnya mencapai sekitar HK$ 555,5 juta. Berdasarkan laporan manajemen yang belum diaudit, bisnis tersebut membukukan pendapatan sekitar HK$ 118,4 juta dengan kerugian HK$ 19,1 juta sepanjang delapan bulan pertama 2026.
Per 31 Agustus 2026, aset True Singapore Group tercatat sekitar HK$ 204,5 juta. Sementara total liabilitasnya mencapai HK$ 633,8 juta, sehingga perusahaan memiliki liabilitas bersih sekitar HK$ 429,3 juta.
Kontafarma mengatakan bisnis pusat kebugaran grup tersebut di Singapura menghadapi sejumlah tantangan, termasuk persaingan pasar yang semakin ketat dan meningkatnya biaya untuk mendapatkan pelanggan.
Meski telah mendapat suntikan dana tunai dari perusahaan induk, bisnisnya di Singapura tetap mencatat kinerja yang lemah dan menghadapi tekanan likuiditas yang signifikan.Semakin populernya boutique gym disebut meningkatkan persaingan di industri tersebut.
Selain itu, keberadaan fasilitas gym di kondominium dan kawasan perumahan juga mengurangi kebutuhan sebagian konsumen untuk menggunakan pusat kebugaran di luar tempat tinggal mereka.
(ily/hns)"
FINANCE,"Urai Antrean Panjang, Nozzle BBM Subsidi di 12 SPBU Ditambah","PT Pertamina Patra Niaga terus mengoptimalkan pelayanan BBM kepada masyarakat di Kota Makassar. Salah satu langkah yang dilakukan melalui Penyesuaian konfigurasi kapasitas pelayanan dan penambahan nozzle BBM Subsidi 12 SPBU di Kota Makassar.
Penyesuaian konfigurasi dilakukan dengan menyesuaikan kapasitas pengisian di SPBU berdasarkan kondisi dan kebutuhan di lapangan. Langkah ini ditujukan untuk meningkatkan kapasitas pelayanan, mempercepat proses pengisian BBM, serta mendukung pengurangan waktu antrean masyarakat di SPBU.
Upaya tersebut melengkapi langkah sebelumnya berupa penambahan menjadi total 25 SPBU yang beroperasi selama 24 jam di Kota Makassar. Pengoperasian SPBU 24 jam dilakukan untuk memperluas waktu pelayanan dan memberikan alternatif bagi masyarakat dalam mendapatkan BBM.
VP Corporate Communication Pertamina Patra Niaga, Kitty Andhora, mengatakan bahwa perusahaan terus melakukan evaluasi terhadap kondisi operasional di lapangan dan menindaklanjutinya dengan berbagai penyesuaian yang diperlukan.
""Kami terus melakukan evaluasi dan tindak lanjut berdasarkan kondisi aktual di lapangan. Penyesuaian konfigurasi kapasitas dan penambahan nozzle BBM Subsidi di 12 SPBU Makassar merupakan salah satu langkah yang kami lakukan untuk mengoptimalkan kapasitas pelayanan dan mendukung kelancaran masyarakat dalam mendapatkan BBM,"" ujar Kitty dalam keterangan tertulis, Sabtu (12/7/2026).
Pertamina Patra Niaga juga terus memperkuat monitoring stok dan penyaluran BBM di wilayah Makassar. Penyaluran dilakukan secara dinamis dengan mempertimbangkan kebutuhan di masing-masing SPBU, sehingga distribusi dapat terus disesuaikan dengan kondisi di lapangan.
Pertamina Patra Niaga memastikan berbagai langkah tindak lanjut akan terus dilakukan sesuai perkembangan kebutuhan masyarakat. Optimalisasi kapasitas, jam operasional, pelayanan, dan distribusi BBM menjadi bagian dari upaya perusahaan untuk menjaga kelancaran pemenuhan kebutuhan energi masyarakat di Kota Makassar.
Pertamina juga mengimbau masyarakat untuk melakukan pembelian BBM sesuai kebutuhan dan tidak melakukan pembelian secara berlebihan. Untuk informasi dan layanan lebih lanjut, masyarakat dapat menghubungi Pertamina Contact Center 135.
(ily/hns)"
SPORT,"Timnas Basket Putra di Asian Games 2026, Menangi Laga Pertama Dulu","Pelatih Timnas basket putra Indonesia David Singleton menegaskan target timnya saat ini adalah menang di pertandingan pertama Asian Games 2026. Fokus satu satu!
Hal itu disampaikan David menyoal target basket putra di Asian Games 2026 Aichi-Nagoya.
""Saya rasa pertanyaan itu memang selalu muncul. Tetapi bagi saya, prosesnya adalah menjalani pertandingan satu per satu. Target kami adalah memenangkan pertandingan pertama. Itulah target kami,"" kata Singleton kepada pewarta.
Bagi Singleton laga pertama merupakan poin penting dalam menentukan langkah Indonesia berikutnya. Yudha Saputera dkk langsung menghadapi tuan rumah di Aichi-Nagoya pada 10 September 2026.
Kemudian melawan Korea Selatan pada keesokan harinya, dan bertemu Arab Saudi usai istirahat sehari (13/9).
""Kami ingin keluar, memenangkan pertandingan pertama, mengawali turnamen dengan catatan 1-0, kemudian melihat sejauh mana kami bisa melangkah dari sana,"" lanjutnya.
Singleton realistis melihat peta kekuatan di Asian Games. Lawan-lawan Indonesia seperti Jepang dan Korea Selatan berada di jajaran 20-30 besar dunia.
""Beberapa tim yang akan kami hadapi berada di peringkat 20 besar atau 30 besar dunia. Sebagai sebuah negara, kami memang belum berada di level tersebut,"" ujarnya.
Namun kehadiran pemain-pemain tambahan di skuad Garuda membuat ia optimistis, skuadnya mampu bersaing di lingkungan kompetisi sekelas Asia.
""Kami percaya dengan tambahan pemain yang kami miliki, kami bisa berada di level dan lingkungan kompetisi tersebut,"" ujarnya.
""Kali ini ada beberapa pemain baru yang bergabung, yaitu Lester, Bram, Vincent, Prastawa, dan Derrick. Jadi, ada lima pemain baru yang masuk ke dalam tim.""
""Saya pikir ini memberi kami kesempatan besar untuk tampil lebih baik. Pada turnamen pertama, kami belajar banyak hal tentang diri kami sendiri. Kami beradaptasi sambil bermain, tetapi saat itu prosesnya sedikit terlambat,"" lanjut pelatih yang karib disapa Dave ini.
""Sekarang saya merasa kami sudah memiliki pengalaman dan pemahaman yang lebih baik. Kami lebih siap untuk menghadapi turnamen ini dan bersaing di level tinggi untuk Indonesia melawan tim-tim yang sangat tangguh,"" tegas Singleton.
Berikut Daftar Atlet Timnas Basket Putra di Asian Games
Derrick Michael
Abraham Grahita
Ali Bagir
Andakara Prastawa
Yudha Saputera (C)
Vincent Kosasih
Hendrick Yonga
Lester Prosper
Dame Diagne
Pandu Wiguna
Fhirdan Guntara
Tonton juga Video: Melihat Perjuangan Ratusan Atlet Basket di DBL Camp 2024
(mcy/aff)"
FINANCE,"Beli TV 43 Inch di Transmart Full Day Sale Bisa Diskon Rp 1,3 Juta","Transmart kembali menggelar program belanja hemat Full Day Sale pada Minggu, 13 September 2026. Mulai toko buka hingga pukul 22.00 WIB, pelanggan bisa menikmati diskon besar-besaran untuk berbagai produk elektronik pilihan, salah satunya TV LED 43 Inch UHD Smart.
Diskon hingga 50% + 20% diberikan, membuat harganya turun dari harga normal mulai Rp 5.399.000 menjadi harga promo mulai Rp 4.999.000. Di momen spesial ini, harga tersebut kembali dipotong menjadi hanya Rp 3.999.200 per unit.
Artinya, total diskon yang dapat dinikmati mencapai Rp 1.399.800 dari harga normal. Promo tersebut bisa dinikmati dengan menggunakan Kartu Kredit Bank Mega, Bank Mega Syariah.
Selama Transmart Full Day Sale, berbagai promo menarik lainnya hadir dengan diskon hingga 50% + 20% untuk beragam produk pilihan. Promo berlaku dengan syarat dan ketentuan, minimal transaksi Rp 300.000, serta tidak berlaku untuk pembelian partai besar.
Jadi tunggu apa lagi? Segera merapat ke Transmart terdekat, lalu nikmati diskon melimpah khusus di Transmart Full Day Sale, Minggu, 13 September 2026.
(hns/hns)"
FINANCE,RI Dorong Pemakaian Mata Uang Lokal di BRICS buat Hadapi Ketidakpastian Global,"Bank Indonesia (BI) mendorong penggunaan mata uang lokal dalam transaksi (Local Currency Transaction/LCT) dan peningkatan konektivitas pembayaran lintas negara bagi anggota negara BRICS di tengah ketidakpastian global. Hal tersebut disampaikan dalam pertemuan Menteri Keuangan dan Gubernur Bank Sentral BRICS (2nd BRICS Finance Ministers and Central Bank Governors Meeting/BRICS FMCBG) pada 9-10 September 2026 di Mumbai, India.
Delegasi Indonesia dihadiri oleh Gubernur Bank Indonesia Destry Damayanti dan Wakil Menteri Keuangan Juda Agung. Pertemuan ini mencakup para pemimpin bank sentral dan kementerian keuangan negara anggota BRICS, yaitu Indonesia, Brasil, Rusia, India, Tiongkok, Afrika Selatan, Mesir, UEA, Ethiopia, dan Iran.
Destry mengatakan pentingnya menjaga stabilitas sekaligus memperkuat sumber pertumbuhan untuk menghadapi ketegangan geopolitik dan fragmentasi ekonomi. BI mendorong penguatan kerja sama konkret BRICS, antara lain melalui penggunaan mata uang lokal dalam transaksi dan konektivitas pembayaran lintas negara.
""Indonesia melihat peluang strategi bagi BRICS untuk mengubah berbagai tantangan menjadi ketahanan bersama melalui penguatan kerja sama konkret. Termasuk transaksi mata uang lokal dan konektivitas pembayaran lintas negara, dengan tetap memperhatikan tahapan pembangunan dan prioritas nasional masing-masing negara,"" ujar Destry dalam keterangannya, Minggu (13/9/2026).
Pada pertemuan tersebut, negara-negara anggota BRICS menyepakati komitmen untuk memperkuat kerja sama ekonomi dan keuangan serta meningkatkan ketahanan dalam menghadapi tantangan global. Kesepakatan ini dirumuskan pasca pembahasan sejumlah isu strategi terkait penguatan ketahanan dan pertumbuhan, transformasi digital dan AI, konektivitas pembayaran lintas negara, penggunaan mata uang lokal, ketahanan siber, serta keuangan berkelanjutan.
BRICS juga menekankan pentingnya penguatan arsitektur keuangan global, antara lain melalui reformasi tata kelola IMF untuk memperkuat suara dan representasi negara berkembang. Sejalan dengan kesepakatan tersebut, tekanan Indonesia menjadikan keberagaman karakteristik negara anggota sebagai kekuatan untuk membangun kerja sama yang saling melengkapi dan menghasilkan nilai bersama.
Sebagai bagian dari rangkaian pertemuan di Mumbai, Destry melakukan pertemuan bilateral dengan Gubernur Reserve Bank of India (RBI), Sanjay Malhotra. Pertemuan membahas percepatan kerjasama Local Currency Transaction (LCT) Indonesia-India, Local Currency Bilateral Swap Arrangement (LCBSA), serta konektivitas pembayaran melalui QR antarnegara. Kerja sama ini menjadi salah satu langkah untuk menerjemahkan komitmen BRICS ke dalam konektivitas ekonomi dan keuangan yang memberikan manfaat bagi kedua negara.
Pertemuan BRICS FMCBG Kedua menyepakati Pernyataan Bersama yang merefleksikan komitmen bersama dalam menghadapi tantangan ekonomi global. Ke depan, Indonesia memandang penting untuk menjaga ruang dialog dan membangun jembatan di tengah fragmentasi global.
Melalui sinergi Bank Indonesia dan Pemerintah, Indonesia akan terus berkontribusi dalam agenda kerja sama internasional untuk menghasilkan langkah-langkah konkret yang inklusif dan sejalan dengan prioritas nasional, guna mendukung ketahanan ekonomi dan keuangan Indonesia.
Simak Video 'Prabowo Ajak Ubah Kerentanan Jadi Kekuatan Ekonomi di KTT BRICS':
(acd/acd)"
SPORT,"Kalah di Perempatfinal AVC Beach Continental, Ini Kata Bintang/Sofyan","Perjalanan Bintang Akbar/Sofyan Rachman di AVC Beach Continental 2026 harus berakhir di perempatfinal. Mereka sudah main maksimal.
Dalam pertandingan yang berlangsung di Shangluo, China, Sabtu (5/9/2026), pasangan voli pantai Indonesia itu kalah 1-2 dari wakil Australia Thomas Hodges/Ben Hood.
Bintang/Sofyan sempat berada di atas angin setelah merebut set pembuka 21-19. Namun, Hodges/Hood membalikkan keadaan dengan memenangi dua set berikutnya 21-14 dan 15-13 sekaligus memastikan tiket semifinal.
Kegagalan tersebut menjadi kekalahan pertama Bintang/Sofyan selama tampil di turnamen ini. Sebelum memasuki perempat final, mereka selalu menang dan bahkan belum pernah kehilangan satu set.
Pelatih Timnas voli pantai Indonesia Slamet Mulyanto mengatakan anak-anaknta sudah main maksimal.
""Pertama-tama kami mohon maaf, hanya sampai perempat final. Anak-anak sudah maksimal,"" kata Slamet dalam kutipam cepatnya, Sabtu (5/9/2026).
""Set pertama anak-anak bermain bagus. Start kedua awalnya bagus, leading 8-6. Namun, lawan bikin ulah, mancing emosi, memperlambat permainan dan tiga kali protes ke wasit, hingga dapat kartu kuning. Hal itu membuat anak-anak terpengaruh,"" ujarnya.
Slamet menilai lawan memiliki postur tubuh yang lebih tinggi sehingga overblok-nya sulit dihentikan.
""Lawan tinggi, overblok, susah dihentikan. Jam terbang bicara, dalam keadaan ketat gini, lawan bisa mempengaruhi tempo, itu yang tidak diantisipasi anak-anak. Harusnya anak-anak kembali dengan cepat ke bentuk permainannya,"" kata Slamet.
""Set ketiga, bisa mengimbangi, tetapi lawan memang harus diakui tampil lebih baik, lebih punya banyak pengalaman. Jam terbang berbicara, salah satu pemainnya sudah dua kali tampil di Olimpiade,"" tuturnya.
Slamet berharap pengalaman tampil di AVC Beach Continental dapat dijadikan bekal untuk Asian Games di Aichi-Nagoya, 19 September hingga 4 Oktober mendatang.
""Anak-anak harus lebih konsisten dan tidak terpengaruh lawan. Kini kami bersiap tampil di Asian Games,"" kata Slamet.
(mcy/aff)"
FINANCE,Prabowo Ajak Negara BRICS Kerja Sama Pasok Kebutuhan Energi,"Presiden Prabowo Subianto bicara soal pemenuhan energi bagi negara-negara BRICS. Dia mengajak semua negara yang tergabung dalam forum ekonomi tersebut untuk bekerja sama memasok kebutuhan energi satu sama lain.
Baginya, BRICS mewakili separuh dari seluruh umat manusia serta porsi besar dari ekonomi dan perdagangan global. BRICS juga menyatukan pasar-pasar terbesar dunia dan produsen-produsen energi utama.
Kekuatan kolektif itu, menurutnya, luar biasa dan harus bisa dimobilisasi untuk menjamin kebutuhan energi negara-negara BRICS yang pada umumnya adalah negara-negara berkembang.
""Bayangkan apa yang dapat dicapai BRICS jika kekuatan ini dimobilisasi sepenuhnya untuk membantu menjamin pasokan pangan dan energi. Bayangkan jika pasar, modal, sumber daya, teknologi, dan pengetahuan kita terhubung dengan lebih baik, sehingga menciptakan peluang besar bagi negara-negara berkembang,"" tegas Prabowo dalam pidatonya di BRICS, dikutip Minggu (13/9/2026).
Dia mengatakan negara-negara BRICS selama ini juga telah memperkuat fondasi untuk menjaga perdamaian dan membangun kepercayaan satu sama kain. Dengan fondasi kuat itu, dia meyakini negara BRICS akan terus memperkuat kerja sama di bidang-bidang yang berdampak langsung pada ketangguhan satu sama lain.
Memasok kebutuhan energi menjadi salah satu contoh kerja sama paling konkret dari penguatan kerja sama tersebut. Prabowo mengatakan Indonesia dan berbagai negara BRICS harus menghubungkan sistem energinya dan memperkuat ketahanan di seluruh kawasan.
""Energi adalah salah satu contoh nyata. Kita sedang menghubungkan sistem energi dan memperkuat ketahanan energi di seluruh kawasan kita demi menggerakkan ekonomi dan membangun ketangguhan jangka panjang,"" pungkas Prabowo.
(acd/acd)"
FINANCE,"Cuma di Transmart Full Day Sale, Beli Sepeda Semurah Ini","Pesta diskon bertajuk Transmart Full Day Sale kembali menyapa pelanggan setia Transmart. Gelaran ini menawarkan berbagai produk dengan diskon gede-gedean, termasuk aneka sepeda.
Diskon hingga 50% + 20% bagi pelanggan yang menggunakan kartu kredit Bank Mega atau kartu kredit Bank Mega Syariah. Promo ini berlangsung di gerai Transmart seluruh Indonesia mulai toko buka sampai tutup pada pukul 22.00 WIB.
Khusus hari ini, ada diskon 60%+20% untuk aneka macam sepeda. Khusus di Pulau Jawa, harga sepeda dibanderol dengan harga promo mulai dari Rp 1.299.000 dari harga normal Rp 1.499.000.
Harganya makin murah dengan transaksi pakai kartu kredit Bank Mega atau kartu kredit Bank Mega Syariah, jadi Rp 1.039.200. Artinya, pelanggan dapat hemat dengan total Rp 459 ribuan.
Sedangkan untuk pembelian di luar Pulau Jawa, produk aneka sepeda ini dijual dengan harga promo Rp 1.399.000 dari harga awal Rp 1.599.000. Dengan bertransaksi menggunakan kartu kredit Bank Mega atau kartu kredit Bank Mega Syariah, pelanggan bisa membawa pulang dengan harga sale Rp 1.119.200. Dengan begitu, pelanggan bisa hemat Rp 479 ribuan.
Untuk yang belum punya Kartu Kredit Bank Mega, nggak perlu khawatir. Ada unit pembukaan instan yang tersedia di gerai Cibubur dan Central Park. Jangan lupa merapat ke Transmart Full Day Sale dan nikmati diskon besar-besaran!
(acd/acd)"
SPORT,Marc Marquez Beri Pukulan untuk Rider-rider Aprilia!,"Rider Ducati, Marc Marquez, memetik kemenangan ganda di MotoGP Aragon 2026. Baby Alien pun memberi pukulan telak untuk pebalap-pebalap Aprilia.
Di Sirkuit Aragon pada akhir pekan lalu, Marc Marquez mampu menjadi juara saat sprint race dan main race MotoGP Aragon 2026. Dengan tambahan poin penuh pada seri ke-13 MotoGP 2026, pebalap asal Spanyol itu memperbaiki posisi di klasemen.
Saat ini, Marc Marquez ada di posisi kedua klasemen MotoGP 2026 dengan raihan 237 poin. Dia cuma berjarak 19 poin dari Jorge Martin, pebalap Aprilia pemuncak klasemen MotoGP 2026.
Pengamat MotoGP, Carlo Pernat, menilai bahwa Marc Marquez menobatkan diri sebagai raja di Sachsenring dan Aragon. Di Aragon, Marc Marquez baru saja mencatatkan hat-trick.
""Marc Marquez, raja Sachsenring dan raja Aragon. Sempat ada sejumlah keraguan, karena Aprilia jelas telah berkembang pesat. Motor tersebut kini bisa kita sebut sebagai motor juara, dengan para pebalap tangguh, khususnya Martin dan Bezzecchi, yang berada di papan atas klasemen dan itu bukanlah sebuah kebetulan,"" kata Pernat seperti dikabarkan oleh GP One.
""Namun, Marc melakukan apa yang ia mau. Dia benar-benar menghajar mereka,"" kata dia menambahkan.
MotoGP 2026 akan lanjut lagi pada 13 September 2026. MotoGP San Marino di Misano yang akan menjadi sajiannya. Marc Marquez bisa menang lagi di Misano?"
FINANCE,"Purbaya Minta Pemda Tak Kebanyakan Simpan Duit di Bank, Ini Alasannya","Menteri Keuangan Purbaya Yudhi Sadewa meminta pemerintah daerah (Pemda) tidak terlalu banyak menyimpan uang di bank. Pemda diminta membelanjakan anggaran mereka agar memberikan dampak terhadap perekonomian.
""Jangan kebanyakan taruh uangnya diperbankan, sehingga dampak ke ekonominya tidak terasa. Harusnya mereka optimalkan uangnya, sehingga setiap rupiah yang kita tempatkan ke daerah, dampaknya maksimal ke perekonomiannya,"" kata Purbaya dalam rapat dengan Komite IV di Kompleks Parlemen, Jakarta, Senin (14/9/2026).
Purbaya mengatakan kondisi keuangan daerah hingga 31 Agustus 2026 masih relatif baik. Purbaya mencatat dana yang dimiliki pemerintah daerah mencapai Rp 195,2 triliun.
Ia menekankan dana tersebut perlu segera dieksekusi agar manfaatnya dapat dirasakan masyarakat. Menurut Purbaya, pemerintah pusat juga terus memantau kondisi keuangan daerah di tengah pemangkasan Transfer ke Daerah (TKD) tahun ini.
""Jadi Pak, kita di Kementerian Keuangan, walaupun TKD tahun ini dipotong, saya minta Dirjen Perimbangan Keuangan untuk monitor kondisi keuangan daerah. Saya minta ke mereka, kalau kira-kira indikasi gangguan di mana daerah nggak berfungsi gara-gara nggak punya uang, tolong kasih tahu saya, kita akan menghadap Presiden untuk memperbaiki keadaan itu,"" ujarnya.
Purbaya mencontohkan pemerintah pusat pernah menyalurkan bantuan sebesar Rp 20,5 triliun kepada daerah yang membutuhkan pada Agustus tahun lalu. Menurutnya, dana tersebut berada di luar transfer ke daerah.
""Itu belum dihitung dalam transfer ke daerah, tapi uang ke daerah selalu kita sediakan, memastikan tidak ada daerah yang keganggu. Tahun depan pun sama, kita akan monitor seperti itu, dan dengan tambahan inovatif financing, harusnya daerah akan lebih baik lagi kondisinya,"" tutup Purbaya.
(acd/acd)"
SPORT,Dokter Perkirakan Kondisi Lengan Marc Marquez: Sekitar 50 Persen,"Marc Marquez masih harus beradaptasi dengan kondisi lengan kanan yang jauh dari normal. Dokter yang pernah mengoperasinya, Samuel Antuna, mengungkap kekuatan lengan tersebut kini hanya sekitar 50 persen.
Antuña menjelaskan kondisi itu merupakan dampak dari berbagai cedera dan operasi yang dijalani Marc. Kecelakaan di MotoGP Indonesia tahun lalu menjadi titik balik karena kembali memperburuk kondisi lengan kanannya.
""Sebelum kecelakaan di Indonesia, dia baik-baik saja. Dia bisa balapan, tidak merasakan sakit dan tidak mengeluhkan apa pun. Kecelakaan itu mengubah semuanya,"" kata Antuna kepada El Periodico yang dilansir Motosan.
Masalah Marc kemudian semakin rumit karena saraf radial di lengannya sempat tertekan serpihan tulang. Kondisi itu membuatnya kehilangan kendali atas lengan saat berada dalam posisi tertentu di atas motor dan berkontribusi terhadap sejumlah kecelakaan.
Setelah menjalani operasi untuk mengatasi masalah tersebut, kondisinya membaik. Namun, kekuatan lengan kanannya tetap jauh di bawah lengan kiri.
""Dia memiliki latissimus dorsi yang kuat, tetapi secara mekanis terganggu. Hal yang sama berlaku pada teres major. Namun, masalah utamanya adalah dia kehilangan kekuatan pada bisep,"" ujar Antuna.
""Lengan itu sangat terbatas dalam hal kekuatan, terutama pada bisep. Saya memperkirakan kekuatannya sekitar 50 persen dari kapasitasnya,"" lanjutnya.
Antuna menegaskan Marc tidak kehilangan otot. Namun, sejumlah otot seperti trisep, latissimus dorsi, teres major, dan pektoralis mayor terdampak berbagai operasi sehingga mengalami perubahan dan sedikit atrofi.
Kondisi tersebut membuat lengan kanan Marc tidak memiliki kekuatan yang sama dengan lengan kirinya. Meski begitu, pebalap Ducati itu mampu beradaptasi dengan keterbatasan fisiknya dan tetap kompetitif di MotoGP."
SPORT,"Asian Games 2026: Timnas Basket Masuk Grup Neraka, CdM Optimistis","Timnas basket putra Indonesia masuk grup neraka di Asian Games 2026. CdM Todotua Pasaribu optimistis!
Timnas basket putra Indonesia melakoni persiapan akhir sebelum terbang ke Jepang mengikuti Asian Games 2026. Ketua Umum Persatuan Bola Basket Seluruh Indonesia (Perbasi) Budi Djiwandono datang langsung ke latihan untuk melepas sekaligus memberi semangat.
""Kami hadir bukan hanya untuk melihat, tetapi juga memberikan semangat,"" kata Budi bersama CdM Todotua Pasaribu di kawasan Jakarta Selatan, Sabtu (5/9/2026).
Bagaimana pun, lolosnya Indonesia ke Asian Games adalah rezeki karena ada slot yang terbuka.
""Kita ketahui bersama, tadinya timnas putra belum terkualifikasi untuk Asian Games. Namun, karena kemarin ada slot yang terbuka, akhirnya Indonesia bisa berkompetisi,"" ujarnya.
Di Asian Games Aichi-Nagoya 2026, Indonesia berada di grup neraka bersama Jepang, Korea Selatan, dan Arab Saudi. Namun, Budi meminta semangat atletnya tetap menyala.
""Kami tahu bahwa perjuangan ini tidak mudah dan tim-tim yang akan mereka hadapi adalah tim-tim hebat dari Asia. Namun, saya yakin dengan pengalaman yang ada, beberapa atlet sudah memiliki pengalaman yang cukup panjang, dan diperkuat dengan bibit-bibit muda, saya rasa ini merupakan kombinasi yang baik untuk menghadapi tim-tim tersebut,"" kata Budi.
""Kami yakin. Tadi kami juga menitipkan kepada pelatih dan para atlet untuk memberikan yang terbaik. Kami ingin mereka berkompetisi sebagus-bagusnya. Kita doakan mereka bisa memberikan hasil yang terbaik,"" tegasnya.
Sementara itu, CdM Todotua Pasaribu memastikan Timnas basket putra menjadi delegasi pertama Indonesia yang akan berangkat ke Negeri Matahari tersebut. Mereka akan terbang pada Senin (7/9), dan mulai bertanding pada 10 September.
""Harapannya, tim basket kita ini bisa menjadi endorsement yang positif. Jadi, ketika nanti pembukaan, kita yakin dan percaya tim basket kita sudah bisa memberikan yang terbaik, sehingga pada saat pembukaan Asian Games pun kita sudah punya kabar yang baik,"" kata Todotua.
Todotua mengaku sudah 2-3 kali meninjau tim ini. Sebagai bagian dari keluarga besar Perbasi, ia punya keyakinan tinggi.
""Kita yakin dan percaya ini momentum yang harus kita manfaatkan betul-betul. Harapannya, dari sisi atlet, saya sendiri punya keyakinan bahwa tim ini bisa membawa pulang medali nanti,"" ujarnya.
""Persiapan di sana, mereka nanti akan masuk ke kompleks Athlete Village sebagai persiapan. Kami dari CDM juga akan memberikan dukungan dan backup. Pada saat mereka masuk, official team dari CDM juga sudah akan stand by,"" tegas Todotua.
(mcy/aff)"
FINANCE,"Gempa M 5,9 Terjadi di Kepulauan Seribu, LRT Jabodebek Beroperasi Normal","PT Kereta Api Indonesia (Persero) memastikan prasarana dan operasional LRT Jabodebek dalam kondisi aman dan berjalan normal setelah gempa bumi magnitudo 5,9 yang terjadi pada Sabtu (12/9) pukul 04.23 WIB di wilayah Kepulauan Seribu, DKI Jakarta.
Manager of Public Relation LRT Jabodebek, Radhitya Mardika, mengatakan setelah menerima informasi gempa, petugas di Operating Control Center (OCC) segera melakukan pemantauan dan berkoordinasi dengan petugas di lapangan.
Pemantauan juga didukung oleh Seismic Detection Alarm System (SDAS) yang memberikan informasi terkait dampak getaran gempa terhadap prasarana.
""Setelah menerima informasi gempa, petugas segera melakukan pemeriksaan terhadap prasarana LRT Jabodebek. Pemeriksaan dilakukan untuk memastikan kondisi jalur, persinyalan, stasiun, serta prasarana pendukung lainnya tetap dalam kondisi aman,"" ujar Radhitya dalam keterangan tertulis, Sabtu (12/9/2026).
Pemeriksaan mulai dilakukan sekitar pukul 04.30 WIB, dan tidak ditemukan kerusakan maupun kondisi yang berdampak terhadap keselamatan dan kelancaran operasional LRT Jabodebek.
""Petugas memastikan bahwa perjalanan LRT Jabodebek tetap dapat beroperasi normal,"" ucapnya.
SDAS merupakan salah satu sistem pendukung keselamatan yang digunakan dalam operasional LRT Jabodebek. Sistem tersebut membantu memberikan informasi dampak prasarana terhadap getaran gempa, sehingga dapat menjadi acuan petugas dalam melakukan pemeriksaan dan menentukan tindak lanjut yang diperlukan.
""LRT Jabodebek memastikan setiap informasi terkait gempa ditindaklanjuti melalui pemantauan dan pemeriksaan prasarana. Keselamatan perjalanan dan pengguna menjadi prioritas dalam setiap kondisi,"" tutup Radhitya.
(hns/hns)"
FINANCE,"Harga Cabai Rawit Makin Pedas, Tembus Rp 90 Ribu/Kg","Harga cabai melonjak belakangan ini. Harga cabai rawit merah bahkan menembus harga Rp 90.050/kg.
Berdasarkan Pusat Informasi Harga Pangan Strategis Nasional (PIHPS) Bank Indonesia (BI), kenaikan paling tajam dicatatkan oleh cabai merah keriting yang melesat hingga 9% menjadi Rp 62.950/kg. Kemudian, cabai rawit merah juga ikut melonjak 7,2% ke level Rp 90.050/kg.
Menanggapi fluktuasi harga cabai, Badan Pangan Nasional mengupayakan mobilisasi stok dari daerah yang surplus ke daerah defisit, salah satunya melalui program Fasilitasi Distribusi Pangan (FDP). Program ini pernah dilaksanakan pemerintah secara kolaboratif bersama para Champion Cabai dan cukup ampuh menekan harga cabai.
Deputi Ketersediaan dan Stabilisasi Pangan Badan Pangan Nasional (Bapanas) I Gusti Ketut Astawa menuturkan upaya mengatasi fluktuasi harga cabai perlu segera diterapkan. Bapanas dan Kementerian Pertanian (Kementan) akan menjalin koneksi agar FDP dapat dijalankan guna menyasar ke daerah yang sedang mengalami dinamika harga yang fluktuatif.
""Untuk cabai rawit, berdasarkan informasi dari Kediri, saat ini terdapat dinamika harga dan pasokan yang perlu segera kita respons. Karena itu, kami ingin berkoneksi kembali dengan teman-teman Kementan untuk melihat wilayah mana yang dapat kita dukung melalui FDP,"" ucap Ketut dalam keterangannya, dikutip Minggu (13/9/2026).
Pelibatan petani Champion Cabai yang dibina Kementan memegang andil penting dalam upaya penstabilan harga cabai rawit. Berkat kolaborasi erat, pasokan cabai rawit dengan harga yang terjangkau yang kemudian diguyur ke daerah yang berfluktuasi dapat menjadi faktor penekan harga.
""Misalkan di daerah di luar Jawa yang harganya relatif masih terjangkau, sehingga kita bisa FDP ke wilayah-wilayah yang harganya tinggi. Kita undang kembali para petani champion kita untuk membantu distribusikan ke wilayah-wilayah yang harganya relatif tinggi,"" jelas Ketut.
Adapun dalam catatan Bapanas, FDP cabai rawit yang telah terlaksana pada triwulan pertama tahun 2026 totalnya mencapai 5.590 kilogram (kg). Ini terdiri dari mobilisasi stok cabai rawit dari Enrekang, Sulawesi Selatan ke Pasar Induk Kramat Jati, Jakarta sebesar 3.150 kg. Kemudian ke Lombok Tengah serta Lombok Timur, Nusa Tenggara Barat masing-masing 1.140 kg dan 1.300 kg.
Implikasi positifnya pada April 2026 terjadi penurunan inflasi, termasuk pada komponen harga bergejolak (volatile food) atau inflasi pangan. Ini menunjukkan mulai meredanya tekanan harga pangan usai Hari Besar Keagamaan Nasional (HBKN) Ramadan dan Idulfitri. Cabai rawit pun menjadi salah satu penyumbang deflasi pada April.
Di sisi lain, dalam rapat koordinasi Bapanas bersama petani cabai (26/8/2026) terungkap beberapa faktor penyebab fluktuasi harga cabai rawit. Beberapa faktor yang mempengaruhinya antara lain kemarau berkepanjangan, Organisme Pengganggu Tanaman (OPT) seperti trips dan kutu kebul hingga adanya alih tanam ke komoditas lain.
Kendati demikian, berbagai upaya yang dilakukan Kementan di sektor hulu diyakini mampu mengatasi berbagai tantangan tersebut. Direktur Sayuran dan Tanaman Obat (STO) Kementan Sudi Mardianto memastikan produksi cabai rawit secara nasional masih aman sampai akhir tahun.
""Untuk cabai rawit secara nasional itu produksinya di bulan September itu sekitar 119 ribu ton. Di Jawa Timur itu Banyuwangi standing crop yang ada sekarang sekitar 1.486 hektare. Kemudian di Sampang itu ada 1.691 hektare. Itu produksinya sudah mulai tinggi sekitar 5 ribuan,"" urai Sudi.
""Kemudian untuk di daerah Jawa masih terpusat di Temanggung, Brebes, dan Magelang. Produksinya walaupun masih relatif rendah karena mungkin baru sebagian besar tanam, tapi nanti itu dapat mengatasi potensi adanya kenaikan menjelang hari Natal dan Tahun Baru,"" sambung Sudi.
Sudi juga mengatakan petani cabai rawit binaan Kementan siap mendukung program penstabilan harga pemerintah. Program FDP dapat segera dilaksanakan bersama-sama untuk mengguyur daerah yang mengalami harga cabai rawit yang berfluktuasi tinggi.
""Nah seandainya nanti ada program pemerintah untuk dapat melakukan distribusi ke wilayah-wilayah yang membutuhkan, artinya dari produksi yang ada. Mereka sudah bersiap untuk dapat membantu mengendalikan daerah-daerah yang harga cabai rawitnya tinggi. Mereka prinsipnya sudah siap untuk dapat membantu mensuplai daerah-daerah yang harganya cukup tinggi,"" tambah Sudi.
Berikut daftar harga pangan berdasarkan PIHPS:
1. Beras kualitas super I Rp 17.850/kg, harga tetap
2. Beras kualitas super II Rp 17.300/kg, harga tetap
3. Beras kualitas bawah I Rp 14.800/kg, turun 0,34%
4. Beras kualitas bawah II Rp 14.700/kg, naik 0,34%.
5. Beras medium I Rp 16.550/kg, harga tetap
6. Beras medium II Rp 16.400/kg, naik 0,31%
7. Gula pasir lokal Rp 19.100/kg, harga tetap
8. Minyak goreng curah Rp 20.500/kg, naik 0,24%
9. Minyak goreng kemasan bermerek 1 Rp 24.300/kg, turun 0,21%
10. Minyak goreng bermerek 2 Rp 23.500/kg, naik 0,21%
11. Telur ayam ras segar Rp 29.250/kg, turun 1,35%.
12. Cabai Merah Besar Rp 54.200/kg, naik 2,65%
13. Cabai Merah Keriting 62.950/kg, naik 9%
14. Cabai Rawit Hijau Rp 64.700/kg, naik 3,94%
15. Cabai Rawit Merah Rp 90.050/kg, naik 7,2%
16. Daging Ayam Ras Segar Rp 42.500/kg, turun 0,47%
17. Daging Sapi Kualitas 1 Rp 152.150 per kg, naik 0,16%
18. Daging Sapi Kualitas 2 Rp 142.850/kg, naik 0,07%
19. Bawang Merah ukuran sedang Rp 37.700/kg, turun 1,05%
20. Bawang putih ukuran sedang Rp 39.400/kg, naik 0,25%
21. Gula pasir kualitas premium Rp 20.300/kg, naik 0,25%."
SPORT,PATRIN Buka Suara soal Kabar Atlet Tuna Rungu Galang Dana,"Sempat viral atlet tuna rungu Indonesia menggalang dana mandiri untuk mengikuti kejuaraan internasional. Perkumpulan Atlet Tunarungu Indonesia (PATRIN) menyampaikan klarifikasinya.
Klarifikasi tersebut disampaikan langsung oleh jajaran Dewan Pimpinan Pusat PATRIN, yakni Ketua Umum PATRIN Pusat Dimyati Hakim bersama Wakil Sekretaris Jenderal DPP PATRIN Agung Baghaskoro.
Dalam keterangan resminya, Kamis (28/8/2026), Agung menegaskan bahwa PATRIN di kancah internasional dikenal dengan nama IADA (Indonesian Association of the Deaf Athlete), organisasi resmi dan satu-satunya di Indonesia yang diakui oleh International Committee of Sports for the Deaf (ICSD) sebagai organisasi yang menaungi olahraga tunarungu di tingkat internasional.
""Kami tegaskan, PATRIN atau IADA di internasional adalah organisasi resmi dan satu-satunya yang diakui oleh ICSD. Di bawah kepemimpinan Ketua Umum Bapak Dimyati Hakim, kami memiliki legitimasi untuk menaungi, membina, dan mengirimkan atlet tunarungu Indonesia ke ajang resmi internasional,"" ujar Agung dalam pernyataan kepada detikSport.
Sejalan dengan hal tersebut, PATRIN menegaskan bahwa pengiriman dan keikutsertaan atlet tunarungu Indonesia dalam kegiatan olahraga internasional selama ini ditempuh melalui mekanisme dan koordinasi resmi bersama National Paralympic Committee of Indonesia (NPCI) serta Kementerian Pemuda dan Olahraga Republik Indonesia (Kemenpora).
Agung memastikan hubungan dan koordinasi PATRIN/IADA dengan NPC Indonesia selama ini berjalan baik dan harmonis. Menurutnya, setiap pengiriman kontingen resmi yang mengatasnamakan Indonesia dilakukan melalui koordinasi berjenjang dengan pihak-pihak terkait.
""Berkaitan dengan isu pengiriman atlet tunarungu yang harus menggalang dana, kami sebagai organisasi resmi dan satu-satunya yang diakui ICSD, baik saya bersama Ketua PATRIN Pusat Bapak Dimyati Hakim, tidak mengetahui sama sekali,"" ujarnya.
PATRIN menegaskan pihaknya tidak pernah menerima koordinasi resmi maupun memberikan persetujuan terkait penggalangan dana masyarakat untuk pengiriman atlet tunarungu Indonesia ke kejuaraan internasional sebagaimana informasi yang beredar.
Karena itu, PATRIN menyayangkan adanya informasi mengenai pengiriman atlet yang mengatasnamakan Indonesia tanpa melalui koordinasi resmi dengan PATRIN/IADA, NPC Indonesia, dan Kemenpora.
""Kami akan segera mencoba berkomunikasi dan menelusuri mengapa atlet-atlet tersebut bisa dikirim tanpa koordinasi secara resmi kepada kami selaku PATRIN/IADA, kepada NPC, dan kepada Kemenpora. Ini harus diluruskan agar tidak merugikan atlet dan mencoreng nama baik Indonesia di mata internasional,"" kata Agung.
PATRIN akan melakukan komunikasi dan koordinasi lebih lanjut dengan seluruh pihak terkait untuk memperoleh kejelasan mengenai persoalan tersebut. Langkah ini dilakukan agar setiap proses pengiriman dan keikutsertaan atlet tunarungu Indonesia pada ajang internasional dapat berjalan secara transparan, terkoordinasi, dan profesional, dengan tetap menempatkan kepentingan serta masa depan atlet sebagai prioritas.
Di sisi lain, PATRIN menyampaikan apresiasi dan terima kasih kepada Kemenpora RI atas dukungan yang selama ini diberikan kepada PATRIN serta pembinaan atlet tunarungu Indonesia.
""Kami menyampaikan apresiasi dan terima kasih kepada Kemenpora yang selama ini konsisten memberikan dukungan dan support penuh kepada PATRIN dan para atlet tunarungu,"" ujar Agung.
PATRIN menegaskan komitmennya untuk terus membangun komunikasi dan koordinasi dengan seluruh pemangku kepentingan olahraga, baik di tingkat nasional maupun internasional. Hal tersebut menjadi bagian dari upaya memastikan para atlet tunarungu Indonesia memperoleh kesempatan untuk berkembang dan berprestasi melalui proses pembinaan serta pengiriman kontingen yang resmi, terkoordinasi, transparan, dan profesional.
(mrp/bay)"
FINANCE,Kondisi Terkini Perbankan di RI,"Optimisme industri perbankan masih terjaga hingga kuartal III-2026, meski ketidakpastian ekonomi global dan domestik masih membayangi.
Hal ini tercermin dalam Survei Orientasi Bisnis Perbankan (SBPO) kuartal III-2026 yang melibatkan 99 bank pada Juli 2026.
Jumlah responden tersebut mencakup 97,91% dari total aset bank umum per Juni 2026. Berdasarkan survei tersebut, Indeks Orientasi Bisnis Perbankan (IBP) masih berada pada zona optimis, yakni sebesar 56.
Mengutip keterangan tertulis Otoritas Jasa Keuangan (OJK), Kepala Eksekutif Pengawas Perbankan, Dian Ediana Rae menjelaskan hasil SBPO mencerminkan optimis terhadap prospek kinerja memiliki keyakinan untuk mengelola risiko perbankan.
Ekspektasi industri perbankan pada kuartal III-2026 berkaitan dengan ekspektasi peningkatan inflasi dan suku bunga acuan global. Namun persepsi industri terhadap risiko perbankan tetap berada pada zona optimis, tang tercermin dari Indeks Persepsi Risiko (IPR) tercatat sebesar 57.
Kemudian mayoritas responden meyakini kualitas kredit tetap terjaga, Posisi Devisa Netto (PDN) berada pada level rendah dengan aset dan tagihan valuta asing yang lebih besar dibandingkan kewajiban valuta asing (long position), serta risiko likuiditas tetap terjaga.
Responden juga memperkirakan alat likuid perbankan dan Dana Pihak Ketiga (DPK) akan tetap tumbuh pada triwulan III-2026. Pertumbuhan DPK yang diperkirakan lebih tinggi dibandingkan pertumbuhan penyaluran kredit turut mendorong peningkatan net cashflow perbankan.
Sementara dari sisi kinerja, industri perbankan tetap menunjukkan optimisme yang kuat, tercermin dari Indeks Ekspektasi Kinerja (IEK) tercatat sebesar 83. Responden memperkirakan kredit tetap tumbuh seiring dengan meningkatnya permintaan dan ekspansi melalui pipeline yang tersedia.
Industri pengolahan menjadi sektor ekonomi yang paling mendominasi penyaluran kredit perbankan, yang tercatat tumbuh sebesar 16,85% secara tahunan (year-on-year/yoy) pada Juli 2026.
Dari sisi penghimpunan dana, responden memperkirakan DPK tetap tumbuh pada triwulan III-2026. Perbankan terus mengoptimalkan penghimpunan sumber dana untuk menopang ekspansi kredit sekaligus menjaga likuiditas.
Di sisi lain, bank umum mewaspadai kondisi global yang berpotensi berlangsung lama dan memburuk. Kondisi ini dinilai dapat berdampak signifikan terhadap prospek dan kinerja ekonomi nasional.
Meski begitu, sektor perbankan masih menunjukkan kinerja dan ketahanan yang terjaga. Hal ini terlihat dari kredit yang tetap tumbuh positif, permodalan yang kuat, serta likuiditas yang memadai di tengah ketidakpastian ekonomi global dan domestik.
Namun demikian, keberlanjutan kinerja perbankan memerlukan dukungan ekosistem ekonomi yang sehat, stabil, dan kondusif agar fungsi intermediasi perbankan dapat terus berjalan secara optimal dalam mendukung pertumbuhan ekonomi nasional.
Ke depan, momentum pertumbuhan ekonomi nasional perlu terus dijaga melalui berbagai upaya yang mendukung stabilitas, produktivitas, dan peningkatan daya saing. Dengan fundamental ekonomi yang tetap kuat, perbankan diharapkan mampu mempertahankan pertumbuhan yang sehat dan berkelanjutan.
(hns/hns)"
SPORT,Men's World Tennis Championship: Rafalentino dan Anthony ke Babak Kedua,"Dua petenis Indonesia menyusul Nathan Barki lolos ke Babak Kedua Seri IV M-15 Men's World Tennis Championship, Rafalentino Da Costa dan Anthony Susanto.
Pada pertandingan Babak Pertama di Lapangan A, Bali Beach Country Club, Nusa Dua, Rabu (2/9/2026) , Rafalentino menghadapi Shanker Heisnam asal India.
Meski sempat tertinggal jauh 1-5 di set pertama, Rafalentino tidak goyah dan malah bisa menyamakan skor 5-5, sebelum akhirnya menang dengan skor 7-5.
Keberhasilan comeback di set pertama bikin Rafalentino terpacu semangatnya dan bisa menang mudah di set kedua dengan skor 6-0 dalam waktu 1 jam 14 menit. Rafalentino mengaku kaget dengan pola permainan lawannya di set pertama.
Dia sempat tertekan dengan gaya lawannya sebelum bisa menemukan celah untuk melakukan serangan balik.
""Saya kaget melihat lawan yang agresif, sehingga tertekan dan banyak melakukan kesalahan sendiri. Namun saat mampu meredam serangan-serangan dan mulai dapat mengejar defisit poin, lalu menyamakan skor 5-5, saya makin termotivasi dan percaya diri untuk memenangi pertandingan,"" ujar Rafalentino dalam rilis kepada detikSport.
Satu lagi petenis Indonesia yang lolos adalah Anthony Susanto usai mengalahkan Hitesh Chauhan dua set langsung 6-5 dan 6-1. Sayangnya, Anthony harus menghadapi Nathan Barki untuk berebut tiket perempatfinal, Kamis (3/9).
Petenis Indonesia yang gagal lolos adalah Gunawan Trismuwantara. Petenis jalur kualifikasi ini harus kalah dari Karan Singh yang merupakan unggulan keempat, dengan dua set langsung 3-6 dan 5-7.
Sempat kalah 3-6 di set pertama, Gunawan sebenarnya memberikan perlawan keras hingga skor imbang 5-5 di set kedua.
Namun dengan ketenangan dan juga pengalaman dari Karan yang berusia 23 tahun itu berhasil mematahkan servis dari Gunawan pada gim ke-12, untuk menutup laga dengan skor akhir 7-5."
SPORT,Ketum KONI Pusat Sambut Positif Kejuaraan Pacu Kuda di Aceh,"Ketua Umum Komite Olahraga Nasional Indonesia (KONI) Pusat Letjen TNI Purn Marciano Norman menyaksikan pertandingan Pacuan Kuda di Lapangan Haji Muhammad Hasan Gayo Blang Bebangka, Aceh Tengah.
Kejuaraan Pacuan Kuda HUT RI ke-81 diselenggarakan oleh Konfederasi Nasional Persatuan Olahraga Berkuda Seluruh Indonesia (KN Pordasi). Kegiatan ini berkolaborasi dengan Pengurus Pusat FN Pordasi Pacu dan juga Pengurus Provinsi FN Pordasi Pacu Aceh.
Para atlet bertanding sejak tanggal 24 hingga 30 Agustus 2026. Partisipan kejuaraan dari Kabupaten Aceh Tengah, Kabupaten Bener Meriah dan Kabupaten Gayo Lues.
""Ini merupakan satu prestasi yang bagus setelah Pekan Olahraga Nasional (PON) XXI 2024, ada kejuaraan di sini. Mari kita rawat bersama, kita lahirkan atlet-atlet olahraga berkuda dari Aceh, supaya kelak bisa mewakili Indonesia pada event-event internasional yang lebih besar lagi,"" kata Marciano.
Marciano menilai kejuaraan Pacu Kuda kali ini membawa beragam dampak positif, baik pembinaan atlet berkuda Pacu, pemanfaatan fasilitas venue warisan PON, perekonomian masyarakat dan juga hiburan masyarakat atauTrauma Healingatas kondisi bencana yang telah dihadapi.
""Pertama, ajang ini melanjutkan tradisi Pacu Kuda yang begitu melekat dengan budaya masyarakat Aceh, sekaligus menjadi sarana pembinaan berkesinambungan bagi atlet-atlet berkuda pacu dalam menyongsong Pekan Olahraga Nasional (PON) XXII/2028 di Sumba, Nusa Tenggara Timur,"" ujar Marciano.
Selain sebagai wadah pembinaan, Marciano juga menyoroti pemanfaatan sarana dan prasarana pasca-PON. Lapangan H.M. Hasan Gayo Belang Bebangka yang sebelumnya digunakan pada PON XXI/2024 Aceh-Sumut, dinilainya sebagai salah satu arena Pacu Kuda terbaik di Indonesia dengan animo masyarakat yang sangat luar biasa. Hal ini membuktikan bahwa venue peninggalan PON memberikan manfaat berkelanjutan bagi daerah.
""Kehadiran saya mewakili keluarga besar KONI Pusat-yang menaungi 38 KONI Provinsi, 514 KONI Kabupaten/Kota, 82 Induk Cabang Olahraga, serta organisasi fungsional-merupakan bukti bahwa kami selalu hadir dan bergandengan tangan untuk bangkit bersama masyarakat Aceh dalam mewujudkan Indonesia yang berdaulat, adil, dan makmur sebagaimana tema HUT ke-81 RI,"" tegasnya.
Marciano menyampaikan rasa bangga dan penghormatan setinggi-tingginya kepada pemerintah daerah serta seluruh masyarakat Aceh, khususnya Kabupaten Aceh Tengah. Ia mengajak seluruh pemangku kepentingan untuk terus memajukan olahraga nasional.
""Mari kita bekerja keras untuk olahraga Indonesia, karena bicara olahraga adalah bicara Merah Putih. Jangan pernah lelah berkarya untuk Indonesia,"" tutup Marciano."
SPORT,Video Pengakuan Marc Marquez Lakukan Blunder Fatal di Aragon,"Scroll atau gunakan tombol
[]
[]
serta klik panah di sisi kanan
untuk menjelajahi feed video.
Marc Marquez kembali jadi raja di MotoGP Aragon. Pembalap Ducati itu meraih kemenangan ketiganya secara beruntun di Aragon, sekaligus kemenangan kedelapannya di MotorLand.
Menariknya, Marquez sempat bikin kesalahan sendiri. Dia mengaku lupa mengaktifkan perangkat belakang. Kesalahan itu bikin motornya melambat di tikungan dua dan tiga. Dua pembalap bahkan sempat menyalipnya. Tapi Marquez tetap bangkit dan finis sebagai pemenang."
SPORT,Hasil China Masters 2026: Sabar/Reza Menang Dua Gim Langsung,"Sabar Karyaman Gutama/Moh Reza Pahlevi Isfahani lolos ke babak 16 besar China Masters 2026. Mereka menyingkirkan wakil Korea, Kang Min Hyuk/Ki Dong Ju, lewat kemenangan straight game.
Sabar/Reza menghadapi Kang/Ki di Shenzhen Arena, Guangdong, Rabu (2/9/2026) sore WIB. Mereka butuh waktu 43 menit untuk menyudahi perlawanan Kang/Ki 21-18, 21-16.
Pertandingan berjalan ketat sejak awal gim pertama. Sabar/Reza hanya unggul 11-10 atas Kang/Ki saat interval.
Selepas interval, Kang/Ki berbalik unggul dan Sabar/Reza lebih banyak dalam posisi mengejar. Dalam posisi tertinggal 14-16, Sabar/Reza merebut tiga angka beruntun untuk menyalip.
Meski Kang/Ki bisa menyamakan kedudukan 18-18, Sabar/Reza lebih tenang di poin-poin krusial. Mereka merebut tiga angka beruntun untuk mengamankan gim pertama 21-18.
Sabar/Reza tampil lebih dominan pada gim kedua. Unggul 13-6, Sabar/Reza tak membiarkan Kang/Ki mengembangkan permainan.
Sabar/Reza terus menjaga keunggulan dan mengunci kemenangan dengan skor 21-16. Pada babak 16 besar, Sabar/Reza akan menghadapi wakil Denmark Daniel Lundgaard/Mads Vestegaard."
FINANCE,"Franky Widjaja Mundur dari DSSA, Ini Sosok Penggantinya","Entitas usaha Sinar Mas Group, PT Dian Swastatika Sentosa Tbk (DSSA), mengumumkan perubahan jajaran pengurus perseroan. Salah satunya dengan menyetujui pengunduran diri Franky Oesman Widjaja dan mengangkat David Fernando Audy sebagai Presiden Komisaris perseroan.
Keputusan tersebut ditetapkan dalam mekanisme Rapat Umum Pemegang Saham Luar Biasa (RUPSLB) pada Kamis (10/9) kemarin. Ketetapan ini disetujui oleh 147.599.515.567 saham atau sekitar 99,9% hak suara DSSA.
""Selanjutnya menyetujui pengangkatan Bapak David Fernando Audy sebagai Presiden Komisaris Perseroan, dengan masa jabatan sesuai dengan masa jabatan anggota Dewan Komisaris lainnya,"" tulis Risalah RUPSLB DSSA, dikutip dari Keterbukaan Informasi, Sabtu (12/9/2026).
Lantas siapa sosok David Fernando Audy? Dikutip dari situs resmi DSSA, David Fernando Audy merupakan anggota direksi perseroan. Ia pertama kali diangkat sebagai Direktur DSSA berdasarkan keputusan Rapat Umum Pemegang Saham Tahunan (RUPST) Perseroan pada tanggal 25 Juni 2024.
David meraih gelar sarjana di bidang Perdagangan, Keuangan, dan Sistem Informasi dari University of New South Wales (UNSW) Australia (1998-2001). Kemudian melanjutkan studi Akuntansi & Keuangan Profesional dari UNSW (2001-2002).
David bukan orang baru dalam ekosistem Sinar Mas Group, ia juga menjabat sebagai Direktur Sinarmas Agribusiness & Food (sejak 2023). Ia juga menjabat sebagai Senior Advisor Hedge Fund di Three Body Capital (sejak 2020).
Sebelumnya, David menjabat sebagai Komisaris Independen PT Cashlez Worldwide Indonesia Tbk (2023-Mei 2024), Komisaris Independen PT Matahari Department Store Tbk (2021-April 2024), Komisaris Independen PT Multipolar Tbk (2021-April 2024), hingga Operating Partner di East Ventures Growth Fund (2021-2023).
Ia juga sempat menjabat sebagai pimpinan di media terintegrasi, yakni Direktur Utama & CEO PT Media Nusantara Citra Tbk (2016-2021), Kepala Usaha Patungan Periklanan Luar Ruang JCDecauz (PT MNCDecaux) (2015-2021), Direktur Utama & CEO PT Infokom Elektrindo (2015-2021), hingga Direktur Pengembangan Bisnis PT Global Mediacom Tbk (2014-2021).
Tak hanya itu, David juga sempat menjabat sebagai Direktur Utama & CEO Global TV (2010-2021), Direktur Utama & CEO iNewsTV (2017-2020), Pejabat Sementara (Interim) CEO PT MNC Pictures (2016-2017), CEO PT MNC Tencent Indonesia (2013-2016), CEO Bisnis Lisensi & Merchandise MNC Licensing (Merchandising) (2012-2015), Kepala E-Commerce JV Indonesia untuk Rakuten (2010-2012), hingga Kepala Bisnis Media Online Okezone.com Media Online (2006-2011).
Sebelumnya ia juga sempat menjabat sebagai Managing Director MNC Koran Sindo (2009-2010), Kepala Hubungan Investor PT Media Nusantara Citra Tbk (2007-2009), Senior Manager Keuangan Perusahaan PT Media Nusantara Citra Tbk (2006-2007), Manajer Pengadaan PT Elektrindo Nusantara (2005-2006), serta Manajer Operasi Hubungan Pelanggan dan Call Center PT Mobile-8 Telecom (2003-2005).
(ahi/hns)"
SPORT,Men's World Tennis Championship: 3 Wakil RI Gagal ke Babak Utama Seri V,"Men's World Tennis Championship 2026 sudah memasuki seri V. Sayang, tiga petenis tuan rumah gagal melaju ke babak utama.
Pada putaran final kualifikasi Seri V M-15 Men's World Tennis Championship 2026, Senin (7/9/2026), Indonesia menurunkan tiga wakilnya, yakni Ethan Jake Frans, Ethan David Zapp, dan Kareem Abdul Hakim.
Tapi ketiganya malah gagal menuntaskan misinya lolos ke babak utama turnamen yang berhadiah total 20 ribu dolar AS. Ada total 32 petenis dari 14 negara yang tampil di babak kualifikasi.
Bertanding di lapangan A, Bali Beach Country Club, Nusa Dua, Ethan baru saja merayakan ulang tahun ke-17 itu harus tumbang dari unggulan keempat Shanker Heisnam.
Ethan yang akhir pekan lalu jadi runner-up Seri IV bersama Rafalentino Da Costa kalah dengan skor 2-6 dan 3-6 dalam waktu 1,5 jam.
Ethan Jake, 14 tahun, yang merupakan putra eks petenis Indonesia Wyne Prakusya kalah dari unggulan ketujuh asal Amerika Serikat Stefan Menichell, dengan skor 6-7 tiebreak 3 dan 3-6 dalam waktu 2 jam 4 menit.
""Saya tetap puas dengan performa saya di final kualifikasi ini. Apalagi saya kalah dari petenis asing seperti Stefan yang unggul teknik dan pengalaman serta peringkat ATP yang lebih tinggi,"" ujar Ethan Jake dalam rilis kepada detikSport.
Wakil RI ketiga yang gagal adalah Kareem Abdul Hakim. Dia takluk dari unggulan kelima dari Selandia Baru, Matthew Shearer, 2-6 dan 5-7.
Dengan hasil itu, Indonesia cuma punya empat wakil di babak utama, yakni unggulan kedua M Rifqi Fitriadi, serta Anthony Susanto, Nathan Bark, dan Rafalentino Ali Da Costa yang masuk ke babak utama dengan fasilitas wild card.
Sementara itu di sektor ganda putra, Indonesia akan diperkuat oleh Rafalentino Ali Dacosta/Ethan David Zapp, Ethan Jake Frans/M. Ragil Putra, Anthony Susanto yang menggandeng petenis Taiwan Yang Cheng Chen sebagai pasangannya serta Kareem Abdul Hakim yang berpartner dengan Andrez Nech dari Hungaria."
FINANCE,Purbaya Ungkap Kunci Dorong Kesejahteraan Warga RI: Ekonomi Tumbuh 6%,"Menteri Keuangan (Menkeu), Purbaya Yudhi Sadewa, menjamin kesejahteraan masyarakat akan naik lebih cepat jika pertumbuhan ekonomi kembali ke level 6%. Hal tersebut ia ungkap menyusul pertanyaan dari salah satu anggota Dewan Perwakilan Rakyat (DPR) yang mempertanyakan cara pemerintah mendorong kesejahteraan masyarakat.
Purbaya menjelaskan, pertumbuhan ekonomi Indonesia sempat mencapai 6% di bawah kepemimpinan Presiden ke-6 Susilo Bambang Yudhoyono (SBY). Pada periode tersebut, Produk Domestik Bruto (PDB) per kapita tumbuh hingga tiga kali lipat.
""Kalau kita lihat jalan Pak SBY itu 6%, pertumbuhannya PDB per kapitanya naik hampir tiga kali lipat,"" ungkap Purbaya dalam rapat kerja gabungan Komite IV DPD RI, di Kompleks Parlemen, Senayan, Jakarta, Senin (14/9/2026).
Pada periode kepemimpinan selanjutnya, tren pertumbuhan ekonomi Indonesia turun di kisaran 5%. Pemerintah tengah mendorong pertumbuhan ekonomi kembali ke jalur 6%.
""Sekarang kita dorong ke arah 6%, sebelum itu kan prospeknya 5% atau di bawah. Dengan pertumbuhan 6% atau lebih kita bisa asumsikan nanti beberapa tahun ke depan PDB per kapita kita akan meningkat dengan signifikan sekali,"" terangnya.
Purbaya menambahkan, pertumbuhan 6% ini bisa mendorong kesejahteraannya rakyat lebih cepat. Ia menyebut, langkah ini menjadi alasan Presiden Prabowo Subianto menciptakan target pertumbuhan ekonomi yang tinggi.
""Jadi, di situ kesejahteraannya lebih cepat karena sebelumnya, kita tumbuhnya agak lambat. Jadi, itu lah alasannya kenapa Pak Prabowo menciptakan, pentingnya menciptakan pertumbuhan yang lebih cepat supaya masyarakat kita lebih sejahtera lagi,"" pungkasnya.
(ahi/ara)"
FINANCE,"Pertalite Tidak Naik hingga Akhir Tahun, Pertamax Bagaimana?","PT Pertamina Patra Niaga memastikan harga BBM bersubsidi tidak naik hingga akhir 2026. Kebijakan ini tetap berlaku meski harga minyak dunia dan nilai tukar rupiah terhadap dolar AS terus bergerak.
Langkah tersebut diambil untuk menjaga stabilitas harga energi sekaligus melindungi daya beli masyarakat di tengah gejolak harga energi global.
""Pertamina Patra Niaga mengikuti kebijakan Pemerintah dalam penetapan harga BBM. Meskipun terdapat fluktuasi pada sejumlah parameter pembentuk harga, seperti harga minyak dunia dan nilai tukar, untuk BBM subsidi sesuai arahan Pemerintah tidak ada kenaikan harga hingga akhir 2026,"" ujar VP Communication Pertamina Patra Niaga, Kitty Andhora, dalam keterangan tertulis, Sabtu (12/9/2026).
Harga BBM Subsidi saat ini, Pertalite Rp 10.000/liter dan Biosolar (solar subsidi) Rp 6.800/liter.
Sementara untuk Jenis BBM Umum (JBU) atau dikenal juga dengan BBM nonsubsidi, contohnya Pertamax, harganya mengikuti formula yang telah ditetapkan.
""Sementara untuk JBU, harga mengikuti formula yang telah ditetapkan Pemerintah,"" terang Kitty.
Sebagai informasi, harga beberapa produk BBM nonsubsidi Pertamina naik sejak awal September. Berikut rinciannya:
Pada 1 September:
-Pertamax Turbo (RON 98): dari Rp 18.300, naik menjadi Rp 19.600 per liter
-Dexlite (CN 51): dari Rp 19.700, naik menjadi Rp 23.700 per liter
-Pertamina Dex (CN 53): dari Rp 21.150, naik menjadi Rp 25.200 per liter
Pada 2 September: Harga Pertamax Green 95 (RON 95) naik dari Rp 16.600 menjadi Rp 19.150 per liter.
Sementara itu, Pertamax (RON 92) masih dibanderol dengan harga Rp 15.950/liter, turun dari Rp 16.250/liter.
Sebelumnya, Menteri Energi dan Sumber Daya Mineral Bahlil Lahadalia mengatakan kebijakan BBM nonsubsidi dipengaruhi pergerakan harga minyak dunia alias harga pasar.
Artinya, apabila harga minyak dunia turun maka harga BBM nonsubsidi ikut terkoreksi. Sebaliknya, jika harga minyak dunia kembali naik, harga BBM nonsubsidi juga mengalami penyesuaian.
""Ya kan saya dari awal katakan bahwa menyangkut dengan BBM yang non subsidi itu harganya itu kan memang akan mengikuti harga pasar dunia, ICP. Jadi kalau harga dunianya turun, dengan sendirinya akan terkoreksi. Tapi kalau naik, pasti juga akan naik,"" jelas Bahlil di Jakarta beberapa waktu lalu.
(hns/hns)"
SPORT,Belum Pernah Ikut Kelas Yoga? Yoga Outdoor Ini Cocok Untuk Beginner,"Banyak orang urung coba yoga karena mikir harus lentur dulu atau paham semua gerakan sejak awal. Padahal yoga itu soal proses, bukan soal siapa yang paling jago pose susah, dan justru kelas outdoor jadi tempat paling santai buat memulai.
Ground and Grow Yoga membuka kelas yang ramah untuk pemula, digelar di René Café, Cipayung, Jakarta Timur pada Minggu, 6 September 2026, pukul 07.00 WIB sampai 09.00 WIB. Suasana outdoor yang santai bikin siapa pun tidak perlu takut salah gerakan atau merasa dinilai orang lain.
Kelas ini fokus ke mindful movement, jadi peserta diajak menyelaraskan napas dengan gerakan pelan-pelan tanpa tekanan buat langsung sempurna. Cocok banget buat kamu yang selama ini cuma nonton video yoga di media sosial tapi belum berani coba langsung.
Persiapannya juga simpel. Peserta cukup membawa yoga mat sendiri dan pakaian olahraga yang nyaman dipakai gerak. Disarankan juga bawa tumbler, handuk, dan sunglasses supaya makin nyaman selama sesi berlangsung di ruang terbuka. Setiap peserta bakal dapat goodie bag saat registrasi di venue, jadi ada bonus tambahan selain pengalaman yoga itu sendiri.
Selain jadi ajang olahraga ringan, momen ini juga bisa jadi cara buat ketemu orang baru dengan minat yang sama soal wellness dan gaya hidup lebih sadar diri. Kamu juga tidak perlu mikirin peralatan mahal, karena modal utama cuma niat dan yoga mat sendiri.
Kalau selama ini alasan kamu belum mulai yoga cuma karena takut salah gerakan atau merasa belum siap, kelas ini didesain justru buat kamu yang masih di titik itu. Instruktur akan memandu step by step tanpa buru-buru.
Jangan biarkan rasa ragu bikin kamu terus menunda, langsung amankan slotmu di detikevent sekarang juga!"
FINANCE,Bahlil Ungkap Biang Kerok Antrean Kendaraan di SPBU Makassar,"Menteri Energi dan Sumber Daya Mineral (ESDM) Bahlil Lahadalia angkat bicara soal adanya antrean kendaraan di sejumlah SPBU di Makassar pada beberapa hari belakangan ini.
Bahlil membantah antrean tersebut terjadi karena adanya kelangkaan Bahan Bakar Minyak (BBM). Pasalnya kata Bahlil, cadangan BBM nasional masih berada di atas standar minimum nasional, yakni sekitar 20 hari.
Ia mengatakan kondisi antrean ini terjadi karena adanya fenomena peralihan atau shifting dari masyarakat yang menggunakan BBM nonsubsidi ke BBM subsidi. Pergeseran ini terjadi karena harga adanya perbedaan harga yang tinggi dari BBM nonsubsidi dan BBM subsidi.
""Masalahnya sekarang, adalah banyak orang awalnya tidak memakai subisidi, kemudian shifting ke subsidi, ini karena harganya melonjak. Itulah yang terjadi sebagian di Makassar. Ini karena Unhas kan, harus kita masuk juga ini bagian Makassar,"" ujar Bahlil dalam acara Sesi Talkshow Innovation Technology for Social and Environmental Awards (InTechSea) 2026, Jakarta, Senin (14/9/2026).
""Aku sudah cek, apa ini masalahnya, karena cadangan nasional kita 20 hari. Harusnya enggak logik masa terjadi antre?"" sambung Bahlil.
Bahlil bilang, kondisi antrean kendaraan di SPBU Makassar ini diperparah karena adanya dugaan kendaraan yang dimodifikasi untuk mengisi BBM subsidi dalam jumlah besar. Dia pun meminta dukungan Kepolisian untuk menindaklanjuti adanya dugaan tersebut.
""Dan ternyata Bapak, Ibu semua, saya minta tolong kerja sama sama Kepolisian, itu adalah ada sebagian shifting, tapi jauh lebih dari itu adalah ada mobil-mobil Pajero, mobil-mobil truk, bikin tangki gede, besar, sampai 700 liter 1 ton, isi minyak di situ,"" kata Bahlil.
""Dalam hati saya ini bagaimana model begini? Kalau begini, mau tunggu Menteri ESDM dari langit pun akan seperti ini. Ini yang terjadi, Bos,"" tambah Bahli.
Lebih lanjut, Bahlil juga menyampaikan adanya indikasi antrean tersebut direkayasa. Di mana ada sebagian motor dan mobil yang belum kosong tangki bensinnya sengaja mengantre.
""Bahkan ada beberapa indikasi sengaja motor dan mobil itu antre, tangkinya belum kosong sudah antre. Isinya ada yang cuma 15 liter, 10 liter, 20 liter,"" katanya.
(hrp/fdl)"
FINANCE,Harga Emas Antam Hari Ini Naik! Per Gram Jadi Segini,"Harga emas Antam kembali naik setelah kemarin mengalami penurunan. Harga emas Antam 24 karat hari ini naik Rp 4.000 per gram dan berada di level Rp 2.604.000 per gram.
Berdasarkan situs Logam Mulia Antam, Sabtu (12/9/2026), satuan harga emas hari ini yang terkecil ukuran 0,5 gram berada di angka Rp 1.352.000. Sementara harga emas 10 gram dijual dengan harga Rp 25.535.000 dan ukuran emas terbesar yakni 1.000 gram (1 kg) dibanderol Rp 2.544.600.000.
Jika ditarik dalam sepekan terakhir, harga emas Antam berada dalam rentang Rp 2.600.000-2.670.000 per gram. Sementara dalam sebulan terakhir, harga emas Antam bergerak dalam rentang Rp 2.600.000-2.768.000 per gram.
Buyback Emas
Harga emas hari ini untuk buyback emas Antam juga naik Rp 4.000 dan berada di level Rp 2.454.000 per gram. Harga buyback adalah jika Anda ingin menjual emas, maka Antam akan membelinya dengan harga tersebut.
Sesuai Peraturan Menteri Keuangan (PMK) Nomor 34 Tahun 2017, pembelian emas batangan akan dikenakan PPh 22 sebesar 0,9%. Jika ingin mendapatkan potongan pajak lebih rendah sebesar 0,45%, harus menyertakan NPWP untuk transaksinya.
Rincian Harga Emas Hari Ini
Harga emas 0,5 gram: Rp 1.352.000
Harga emas 1 gram: Rp 2.604.000
Harga emas 2 gram: Rp 5.148.000
Harga emas 3 gram: Rp 7.697.000
Harga emas 5 gram: Rp 12.795.000
Harga emas 10 gram: Rp 25.535.000
Harga emas 25 gram: Rp 63.712.000
Harga emas 50 gram: Rp 127.345.000
Harga emas 100 gram: Rp 254.612.000
Harga emas 250 gram: Rp 636.265.000
Harga emas 500 gram: Rp 1.272.320.000
Harga emas 1.000 gram: Rp 2.544.600.000
Demikian rincian harga emas hari ini keluaran Antam 1 gram hingga 1.000 gram, Sabtu (12/9/2026).
(hns/hns)"
SPORT,"Juara Main Race MotoGP Aragon, Marc Marquez Ngaku Sempat Blunder","Rider Ducati, Marc Marquez, menjadi juara MotoGP Aragon 2026. Baby Alien mengaku sempat melakukan blunder.
Dalam balapan di sirkuit Aragon, Spanyol, Minggu (30/8/2026) malam WIB, Marc Marquez menjadi pemenangnya setelah melahap 23 lap dengan catatan waktu 41 menit 10,969 detik. Dia menjalani start dari posisi kedua.
Pada awal balapan, Marc Marquez sempat langsung mengambil alih posisi terdepan dari rider Aprilia, Marco Bezzecchi. Tapi, Marc Marquez gagal mempertahankan posisi itu.
Baru pada lap keenam Marc Marquez mampu menyalip Bezzecchi. Setelah itu, pebalap berusia 33 tahun itu tak terbendung.
Selepas balapan, Marc Marquez menyebut kunci dirinya bisa menjadi juara di MotoGP Aragon 2026.
""Kemarin saya sudah mengatakan bahwa titik kuncinya ada di Tikungan 1; saya mengatakannya lagi, tetapi saya melakukan kesalahan besar: saya lupa melepas rear device dan saya sangat lambat di Tikungan 2 dan 3,"" kata Marc Marquez seperti dikabarkan As.
""Sejak saat itu, saya berusaha membangun ritme balap saya; terjadi pertarungan yang seru di beberapa lap awal; kemudian, ketika balapan menyisakan sepuluh lap, saya mencoba mengatur ritme balap saya sendiri dan mengendalikannya,"" kata Marc Marquez menambahkan."
SPORT,"Jete Run Festival 2026 Selesai, Masuk Rekor MURI","Jete Run Festival 2026 baru saja selesai digelar akhir pekan ini. Event lari itu juga masuk buku rekor MURI.
Ajang lari itu digelar di kawasan Balai Kota Surabaya, Minggu, (6/9/2026). Sekitar 6.000 pelari ambil bagian dalam dua kategori, yakni 5K dan 10K. Start dibuka langsung oleh Wali Kota Surabaya Eri Cahyadi.
Jete Run tahun ini juga tampil dengan format yang lebih luas dan berbeda dari sebelumnya. Bukan hanya mengajak masyarakat berlari, penyelenggara mengemasnya menjadi festival olahraga dan gaya hidup dengan berbagai aktivitas pendukung.
Pemilihan Balai Kota Surabaya sebagai pusat Jete Run 2026 memberikan pengalaman berbeda bagi para peserta. Start dan finis berada di jantung kota, sementara rutenya membawa pelari melintasi sejumlah ruas jalan utama Surabaya yang penuh dengan lanskap ikonik Kota Pahlawan.
Untuk kategori 5K, peserta memulai perjalanan dari Balai Kota Surabaya sebelum menuju Jalan Pemuda. Rute kemudian berlanjut melewati Jalan Panglima Sudirman, Jalan Basuki Rahmat, Jalan Gubernur Suryo, hingga Jalan Wuni sebelum kembali menuju garis finis di Balai Kota.
Sedangkan untuk kategori 10K membawa pelari menjelajah area pusat kota dengan cakupan lebih luas. Selepas start dari Balai Kota, peserta bergerak menuju Jalan Pemuda, Jalan Panglima Sudirman, dan Jalan Basuki Rahmat.
Para pelari kemudian diajak menikmati lanskap lainnya melalui Jalan Embong Malang, kawasan Blauran, Jalan Bubutan, Jalan Pahlawan, hingga Jalan Yos Sudarso sebelum kembali menyelesaikan lomba di kawasan Balai Kota Surabaya.
Rute tersebut membuat peserta tidak sekadar menyelesaikan jarak. Mereka sekaligus melintasi sejumlah koridor pusat kota yang menjadi bagian dari wajah Surabaya. Di sepanjang jalur, penyelenggara turut menyediakan titik water station dan layanan medis untuk mendukung kebutuhan peserta selama kegiatan berlangsung.
""Jete Run tahun ini kita mengambil venue yang berbeda dari sebelum-sebelumnya di Citraland. Balai Kota jadi pilihan karena kita ingin menghadirkan nuansa lari dengan konsep lanskap kota modern khas Surabaya yang penuh nilai sejarah. Jadi, sepanjang rute, pelari akan melintasi jalanan dan tempat bersejarah di kota ini,"" ungkap Jhonny Thio Doran selaku CEO dan Founder Jete dalam rilis kepada detikSport.
Banyaknya kegiatan yang menyertai penyelenggaraan Jete Run Festival 2026 kemudian menghasilkan catatan tersendiri. MURI memberikan penghargaan kepada Jete untuk kategori ajang lari dengan ragam kegiatan pendukung terbanyak.
Jete Run Festival 2026 menghadirkan 21 kegiatan pendukung dalam berbagai kategori, mulai dari olahraga, wellness, kreativitas, hingga kegiatan yang mempertemukan berbagai komunitas. Rekor tersebut menjadi salah satu penanda perkembangan Jete Run dari sebuah kegiatan olahraga menuju festival dengan cakupan yang lebih luas.
""Terima kasih kepada seluruh masyarakat di Indonesia yang telah mendukung dan mempercayakan JETE sebagai pilihan Anda dalam beraktivitas sehari-hari. Mulai dari bekerja, berolahraga, dan menikmati hiburan di era digital. Pencapaian luar biasa ini mustahil tercapai tanpa adanya dukungan dari keluarga, tim, konsumen setia JETE dan masyarakat. Sekali lagi, terima kasih untuk semuanya,"" papar Jhonny.
""Piagam MURI yang didapat memang menjadi pencapaian terbaik di tahun ini. Namun, kita janganlah berada di atas angin dan melupakan kualitas. Ini adalah sebagai pengingat bagi brand untuk terus berinovasi di tengah teknologi yang terus berkembang dan memberikan yang terbaik. Terutama menjadikan Jete sebagai solusi kebutuhan produk aksesoris gadget, smarthome, dan wearable. Begitu juga dengan event olahraga dalam mendukung gaya hidup sehat,"" tutupnya."
FINANCE,Harga Emas Hari Ini Turun Jadi Rp 2.602.000/Gram,"Harga emas Antam mengalami penurunan dan melanjutkan tren pelemahan sejak akhir pekan kemarin. Hari ini, Senin (14/9/2026), harga emas Antam 24 karat turun Rp 2.000 per gram menjadi Rp 2.602.000 per gram.
Berdasarkan situs Logam Mulia Antam, Senin (14/9/2026), satuan harga emas hari ini yang terkecil ukuran 0,5 gram berada di angka Rp 1.351.000. Sementara harga emas 10 gram dijual dengan harga Rp 25.515.000 dan ukuran emas terbesar yakni 1.000 gram (1 kg) dibanderol Rp 2.542.600.000.
Jika ditarik dalam sepekan terakhir, harga emas Antam berada dalam rentang Rp 2.637.000-2.602.000 per gram. Sementara dalam sebulan terakhir, harga emas Antam bergerak dalam rentang Rp 2.664.000-2.602.000 per gram.
Harga emas hari ini untuk buyback emas Antam juga turun sebesar Rp 2.000 dan berada di level Rp 2.452.000 per gram. Harga buyback adalah jika Anda ingin menjual emas, maka Antam akan membelinya dengan harga tersebut.
Sesuai Peraturan Menteri Keuangan (PMK) Nomor 34 Tahun 2017, pembelian emas batangan akan dikenakan PPh 22 sebesar 0,9%. Jika ingin mendapatkan potongan pajak lebih rendah sebesar 0,45%, harus menyertakan NPWP untuk transaksinya.
Berikut rincian Harga Emas Hari Ini dari Antam 1 Gram hingga 1.000 Gram, Senin (14/9/2026).
Harga emas 0,5 gram: Rp 1.351.000
Harga emas 1 gram: Rp 2.602.000
Harga emas 2 gram Rp 5.144.000
Harga emas 3 gram Rp 7.691.000
Harga emas 5 gram: Rp 12.785.000
Harga emas 10 gram: Rp 25.515.000
Harga emas 25 gram: Rp 63.662.000
Harga emas 50 gram: Rp 127.245.000
Harga emas 100 gram: Rp 254.412.000
Harga emas 250 gram: Rp 635.765.000
Harga emas 500 gram: Rp 1.271.320.000
Harga emas 1.000 gram: Rp 2.542.600.000
Demikian rincian harga emas hari ini keluaran Antam 1 gram hingga 1.000 gram, Senin (14/9/2026).
Lihat juga Video 'Harga Emas Antam Ambruk':
(hrp/fdl)"
SPORT,Arwana Jaya dan Onic Sport Juara IPL Season 2,"Selesai sudah musim kedua BRI Indonesia Pingpong League (IPL) 2026. Arwana Jaya dan Onic Sport tampil sebagai juara.
Grand final season 2 ini menghadirkan format kompetisi yang menuntut konsistensi setiap tim sepanjang empat hari penyelenggaraan, 26-29 Agustus, di Main Atrium Trans Studio Mall Ciubur, Depok.
Dalam format Grand Final ini, seluruh tim pada masing-masing kategori Elite Putera dan Elite Puteri saling bertemu. Hasil akhir ditentukan berdasarkan total raihan poin setiap tim selama rangkaian pertandingan.
Khusus kategori Elite Puteri, dalam setiap pertemuan terdapat sesi pertandingan ganda. Sementara pada kategori Elite Putera, pertandingan berlangsung tanpa sesi ganda.
Persaingan Elite Putera berlangsung ketat hingga pertandingan terakhir. Arwana Jaya berhasil mengumpulkan 6 poin dan keluar sebagai juara. Keberhasilan tersebut menjadi pencapaian istimewa bagi Arwana Jaya karena mereka berhasil mengambil alih tahta dari Onic Sport, yang merupakan juara IPL Season 1.
Pilar Arwana Jaya, Muhammad Bima Abdi Negara, menyebut keberhasilan merebut gelar dari juara bertahan menjadi pencapaian yang sangat berarti bagi timnya.
""Kami sangat bersyukur bisa menjadi juara. Onic adalah juara Season 1 dan kami tahu mereka punya kualitas yang sangat bagus. Jadi bisa merebut gelar ini tentu menjadi pencapaian yang sangat spesial bagi kami. Semua pemain memberikan yang terbaik dan kami berusaha menjaga fokus sampai pertandingan terakhir,"" ujar Bima dalam rilis kepada detikSport.
""Dengan sistem seperti ini, setiap pertandingan sangat penting. Walaupun menang mendapatkan dua poin dan kalah masih mendapatkan satu poin, kami tetap tidak boleh lengah. Target kami adalah memenangkan setiap pertandingan dan mengumpulkan poin sebanyak mungkin. Kekompakan dan mental tim menjadi kunci,"" katanya.
Sementara itu, Onic Sport tampil sebagai juara di kategori Elite Puteri dengan raihan 6 poin. Onic Sport mengungguli Sukun Kudus di posisi kedua dengan lima poin. Arwana Jaya di posisi ketiga dengan 4 poin dan Jasa Raharja Putera di posisi keempat dengan tiga poin.
Pemain Onic Sport, Cindy Marcella, mengaku bangga dapat membawa timnya meraih gelar juara Elite Puteri. Menurut Cindy, konsistensi jadi kunci kemenangan Onic Sport, mengingat turnamen berlangsung cuma empat hari.
""Pastinya kami sangat senang dan bangga bisa menjadi juara. Perjalanan menuju Grand Final tidak mudah karena semua tim punya kualitas yang bagus. Kami berusaha menjaga fokus, saling mendukung, dan memberikan kemampuan terbaik di setiap pertandingan,"" papar Cindy.
""Kami harus menjaga fokus dari pertandingan pertama sampai pertandingan terakhir karena setiap pertandingan punya nilai yang sangat penting. Kami bersyukur bisa menjaga konsistensi dan akhirnya mendapatkan hasil terbaik,"" sambungnya.
Grand Final Indonesian Pingpong League Season 2 turut dihadiri Ketua Umum IPL Petrus Reinhard Golose, Sekretaris Jenderal IPL Yon Mardiyono, serta seluruh jajaran pengurus Indonesian Pingpong League.
Petrus mengatakan Grand Final menjadi momentum penting bagi para atlet untuk menunjukkan hasil kerja keras mereka sepanjang musim.
""Grand Final adalah panggung bagi para atlet untuk menunjukkan hasil dari kerja keras mereka sepanjang musim. Kami ingin IPL terus menjadi kompetisi yang memberikan ruang bagi atlet untuk berkembang, berprestasi, dan mendapatkan pengalaman bertanding di level tertinggi,"" ujar Petrus."
FINANCE,Foto Bisnis,"Jakarta - Serikat Petani Indonesia (SPI) menggelar aksi di depan DPR RI, Jakarta, untuk mengawal pembahasan RUU Pengaturan Reforma Agraria agar berpihak pada rakyat.
Foto Bisnis
Petani Turun ke Jalan, Kawal RUU Reforma Agraria di Depan DPR
Senin, 14 Sep 2026 13:07 WIB
Anda menyukai artikel ini
Artikel disimpan"
FINANCE,Biang Kerok Harga Cabai Tembus Rp 90 Ribu/Kg,"Harga cabai rawit di tingkat konsumen mengalami kenaikan hingga tembus Rp 90.000 per kilogram. Lonjakan harga ini dipicu oleh cuaca panas yang esktrem yang menggangu ketersediaan air.
Berdasarkan Pusat Informasi Harga Pangan Strategis Nasional (PIHPS) Bank Indonesia (BI), kenaikan paling tajam terjadi oleh cabai merah keriting yang melesat hingga 9% menjadi Rp 62.950/kg. Tak hanya itu, cabai rawit merah juga ikut melonjak 7,2% ke level Rp 90.050/kg.
Ketua Asosiasi Champion Cabai Indonesia Tunov Mondro Atmojo mengatakan tren kenaikan harga ini sebenarnya sudah dirasakan di tingkat petani sejak pertengahan Agustus lalu. Menurutnya, faktor utama di balik meroketnya harga cabai adalah krisis ketersediaan air yang dipicu oleh cuaca sangat panas dan fenomena El Nino.
""Penyebab kenaikan ini disebabkan karena murni faktor cuaca dan mengakibatkan ketersediaan air habis, tanaman cabai yang telah petani tanam akhirnya hanya mengandalkan tanaman eksisting yang sedang berproduksi,"" ujar Tunov kepada detikcom, Minggu (13/9/2026).
Kondisi cuaca yang sangat panas tanpa ketersediaan air yang cukup membuat pohon cabai mengalami gagal bunga, sehingga berhenti memproduksi bunga baru. Akibatnya, petani hanya mampu merawat sisa cabai yang masih bertahan di pohon.
Tunov bahkan menyebut ancaman penurunan produksi sangat terasa di tingkat produsen, di mana upaya petani untuk menanam kembali kerap gagal karena bibit tidak dapat hidup tanpa pasokan air yang memadai.
""Keadaan cuaca seperti ini sangat mengkhawatirkan stok nasional terus berkurang nanti di 3 bulan kedepan,"" tambah ia.
Turnov menjelaskan pemerintah telah mulai menyalurkan bantuan, seperti sumur bor dan pipanisasi untuk wilayah sentra produksi. Kendati begitu, pihaknya juga telah antisipasi memaksimalkan stok air lahan untuk menanam tanaman baru.
""Bantuan pemerintah sudah mulai turun meski agak terlambat yaitu sumur sumur bor dan pipanisasi yang diperuntukkan tanaman cabai di berbagai wilayah sentra,"" imbuhnya.
Senada, Ketua Asosiasi Agribisnis Cabai Indonesia (AACI) Abdul Hamid mengatakan kenaikan harga cabai ini murni disebabkan oleh gangguan produksi di daerah-daerah sentra. Meskipun masih ada beberapa daerah di Jawa Timur seperti Jombang, Kediri, dan Blitar yang tetap menghasilkan panen, volumenya dilaporkan sangat minim.
Gangguan produksi akibat cuaca ini diprediksi masih akan mempengaruhi volume panen hingga bulan Oktober mendatang, sebelum akhirnya pasokan diperkirakan mulai mencukupi kembali pada November.
""Mungkin diperkirakan volume panen, ini masalahnya karena cuaca, diperkirakan sampai dengan Oktober. tapi pada November cukup,"" kata Abdul kepada detikcom.
Gangguan produksi ini menciptakan harga cabai di tingkat petani saat ini berkisar antara Rp 53.000 hingga Rp65.000 per kilogram. Sesampainya di pasar induk, harga tersebut terkerek naik menjadi Rp70.000 hingga Rp75.000 per kilogram. Akhirnya menyentuh angka Rp90.000 sampai Rp 95.000 per kilogram saat dibeli oleh konsumen akhir di pasar.
""Di tingkat petani sekarang sekitar Rp 53.000 sampai Rp 65.000/kg, kalau kita lihat di pasar induk bisa sampai Rp 70.000 sampai Rp 75.000. Kalau ibu-ibu belanja sekitar Rp 90.000 sampai Rp 95.000 lah,"" jelasnya.
Upaya Redam Harga Cabai
Menanggapi fluktuasi harga cabai, Badan Pangan Nasional mengupayakan mobilisasi stok dari daerah yang surplus ke daerah defisit, salah satunya melalui program Fasilitasi Distribusi Pangan (FDP). Program ini pernah dilaksanakan pemerintah secara kolaboratif bersama para Champion Cabai dan cukup ampuh menekan harga cabai.
Deputi Ketersediaan dan Stabilisasi Pangan Badan Pangan Nasional (Bapanas) I Gusti Ketut Astawa menuturkan upaya mengatasi fluktuasi harga cabai perlu segera diterapkan. Bapanas dan Kementerian Pertanian (Kementan) akan menjalin koneksi agar FDP dapat dijalankan guna menyasar ke daerah yang sedang mengalami dinamika harga yang fluktuatif.
""Untuk cabai rawit, berdasarkan informasi dari Kediri, saat ini terdapat dinamika harga dan pasokan yang perlu segera kita respons. Karena itu, kami ingin berkoneksi kembali dengan teman-teman Kementan untuk melihat wilayah mana yang dapat kita dukung melalui FDP,"" ucap Ketut dalam keterangannya, dikutip Minggu (13/9).
Pelibatan petani Champion Cabai yang dibina Kementan memegang andil penting dalam upaya penstabilan harga cabai rawit. Berkat kolaborasi erat, pasokan cabai rawit dengan harga yang terjangkau yang kemudian diguyur ke daerah yang berfluktuasi dapat menjadi faktor penekan harga.
""Misalkan di daerah di luar Jawa yang harganya relatif masih terjangkau, sehingga kita bisa FDP ke wilayah-wilayah yang harganya tinggi. Kita undang kembali para petani champion kita untuk membantu distribusikan ke wilayah-wilayah yang harganya relatif tinggi,"" jelas Ketut.
Adapun dalam catatan Bapanas, FDP cabai rawit yang telah terlaksana pada triwulan pertama tahun 2026 totalnya mencapai 5.590 kilogram (kg). Ini terdiri dari mobilisasi stok cabai rawit dari Enrekang, Sulawesi Selatan ke Pasar Induk Kramat Jati, Jakarta sebesar 3.150 kg. Kemudian ke Lombok Tengah serta Lombok Timur, Nusa Tenggara Barat masing-masing 1.140 kg dan 1.300 kg.
Implikasi positifnya pada April 2026 terjadi penurunan inflasi, termasuk pada komponen harga bergejolak (volatile food) atau inflasi pangan. Ini menunjukkan mulai meredanya tekanan harga pangan usai Hari Besar Keagamaan Nasional (HBKN) Ramadan dan Idulfitri. Cabai rawit pun menjadi salah satu penyumbang deflasi pada April.
Di sisi lain, dalam rapat koordinasi Bapanas bersama petani cabai (26/8/2026) terungkap beberapa faktor penyebab fluktuasi harga cabai rawit. Beberapa faktor yang mempengaruhinya antara lain kemarau berkepanjangan, Organisme Pengganggu Tanaman (OPT) seperti trips dan kutu kebul hingga adanya alih tanam ke komoditas lain.
Kendati demikian, berbagai upaya yang dilakukan Kementan di sektor hulu diyakini mampu mengatasi berbagai tantangan tersebut. Direktur Sayuran dan Tanaman Obat (STO) Kementan Sudi Mardianto memastikan produksi cabai rawit secara nasional masih aman sampai akhir tahun.
""Untuk cabai rawit secara nasional itu produksinya di bulan September itu sekitar 119 ribu ton. Di Jawa Timur itu Banyuwangi standing crop yang ada sekarang sekitar 1.486 hektare. Kemudian di Sampang itu ada 1.691 hektare. Itu produksinya sudah mulai tinggi sekitar 5 ribuan,"" urai Sudi.
""Kemudian untuk di daerah Jawa masih terpusat di Temanggung, Brebes, dan Magelang. Produksinya walaupun masih relatif rendah karena mungkin baru sebagian besar tanam, tapi nanti itu dapat mengatasi potensi adanya kenaikan menjelang hari Natal dan Tahun Baru,"" sambung Sudi.
Sudi juga mengatakan petani cabai rawit binaan Kementan siap mendukung program penstabilan harga pemerintah. Program FDP dapat segera dilaksanakan bersama-sama untuk mengguyur daerah yang mengalami harga cabai rawit yang berfluktuasi tinggi.
Lihat juga Video 'Pramono soal Harga Cabai: Belum Diintervensi Saja Sudah Turun':
(acd/acd)"
SPORT,Spesialnya Jakarta International 10K Tahun Ini,"Jakarta International 10K akan memasuki edisi ke-15 tahun ini. Spesialnya adalah event ini digelar bersamaan dengan perayaan Hari Olahraga Nasional.
Setelah sukses rangkaian Milo Activ Indonesia Race 2026 di Yogyakarta, Medan, Bandung, dan Surabaya yang diikuti lebih dari 25.000 peserta, maka akan digelar acara puncak berupa ajang lari Jakarta International 10K, Minggu (13/9).
Diselenggarakan di Gelora Bung Karno, Jakarta, Minggu, (13/9), ajang lari ini akan diikuti sekitar 25.000 peserta yang akan berpartisipasi dalam empat kategori, yaitu 10K Open, 10K Closed, 5K, dan Family Run 2,5K. Untuk edisi kali ini akan bertepatan dengan perayaan Haornas yang jatuh pada 9 September.
Menteri Pemuda dan Olahraga Republik Indonesia Erick Thohir mengapresiasi Nestle Milo yang terus berkomitmen menggelar ajang Jakarta 10K ini. Sebab ini jadi wujud nyata perusahaan itu dalam upaya menyehatkan kehidupan bangsa lewat ekosistem olahraga.
""Mewujudkan masyarakat Indonesia yang lebih sehat dan aktif melalui olahraga memerlukan kolaborasi yang kuat dari berbagai pihak. Apresiasi kami atas komitmen Nestle Milo yang secara konsisten menghadirkan program dan kegiatan yang mendukung partisipasi masyarakat dalam olahraga, termasuk melalui Milo Activ Indonesia Race 2026 Jakarta International 10K. Inisiatif ini sejalan dengan upaya bersama untuk membudayakan olahraga di tengah masyarakat. Ke depan, kami berharap sinergi antara pemerintah, sektor swasta, komunitas, dan masyarakat dapat terus diperkuat untuk membangun ekosistem olahraga yang semakin inklusif, berkelanjutan, dan berdampak positif bagi Indonesia,"" ujar Erick dalam rilis kepada detikSport.
Sebagai Brand yang berkomitmen mendorong gaya hidup aktif, Nestle Milo menyadari pentingnya peran olahraga dalam membantu masyarakat menjaga kesehatan sekaligus membangun nilai-nilai karakter positif dalam kehidupan.
""Setelah sukses menyelenggarakan rangkaian MILO ACTIV Indonesia Race 2026 di empat kota, kami sangat antusias membawa semangat ini ke Ibu Kota melalui MILO ACTIV Indonesia Race 2026 Jakarta International 10K. Kami berharap ajang ini dapat menginspirasi masyarakat dari berbagai usia dan latar belakang untuk terus aktif, menikmati olahraga, serta membawa semangat #EnergiTanpaBatas ke dalam kehidupan sehari-hari,"" ujar Marketing Manager Beverages & Confectionery Business Unit PT Nestle Indonesia Alaa Shaaban.
Seperti biasa Jakarta International 10K menghadirkan kategori 10K Open yang terbuka bagi pelari Indonesia maupun peserta dari berbagai negara di dunia. Kehadiran peserta internasional menegaskan komitmen dalam menghadirkan wadah olahraga yang inklusif, yang mempertemukan masyarakat melalui semangat yang sama terhadap olahraga lari dan gaya hidup aktif.
Melalui Jakarta International 10K, Nestle Milo ingin mendorong partisipasi masyarakat yang lebih luas dalam olahraga sekaligus berkontribusi dalam memperkuat posisi Jakarta sebagai salah satu destinasi yang dinamis bagi penyelenggaraan ajang olahraga internasional.
""Bagi saya, lari bukan hanya tentang jarak atau kecepatan, tetapi juga tentang konsistensi, keberanian untuk menantang diri sendiri, dan komunitas yang saling mendukung. Milo Activ Indonesia Race 2026 Jakarta International 10K menjadi kesempatan yang menarik karena mempertemukan pelari dengan berbagai latar belakang, termasuk pelari internasional. Saya berharap semakin banyak masyarakat yang terinspirasi untuk mulai berlari dan menjadikan olahraga sebagai bagian dari gaya hidup mereka,"" papar penggiat olahraga lari Shanada Jzen.
Untuk tahun ini, Kementerian Pemuda dan Olahraga (Kemenpora) dan Nestle Milo berkolaborasi mendukung Indonesia Sports Summit (ISS) 2026, sebuah wadah olahraga berskala nasional yang mempertemukan para pemangku kepentingan olahraga untuk memperkuat kolaborasi dan mendorong kemajuan ekosistem olahraga di Indonesia.
Race Pack Collection (RPC) Jakarta 10K akan diselenggarakan selama ISS 2026, yang bertujuan membangun antusiasme dan mempererat koneksi antara pelari, komunitas olahraga, serta pemangku kepentingan menjelang hari perlombaan."
FINANCE,Kapal Tanker Pertamina Ikut Evakuasi Korban Kapal Virgo Transport,"Kapal tanker MT Mauhau milik PT Pertamina Patra Niaga turut membantu proses pencarian dan penyelamatan korban KMP Virgo Transport 08. Kapal itu tenggelam di perairan Laut Jawa.
MT Mauhau yang tengah berlayar dari Banjarmasin menuju Tuban menerima informasi mengenai kejadian tersebut melalui radio VHF. Mengetahui adanya kapal yang tenggelam di sekitar wilayah pelayarannya, nakhoda dan awak kapal MT Mauhau segera melakukan respons dengan mendatangi lokasi dan membantu proses evakuasi korban.
Hingga laporan terakhir, sebanyak 16 orang berhasil dievakuasi ke atas MT Mauhau, termasuk nakhoda KMP Virgo Transport 08. Salah satu korban dilaporkan mengalami luka pada bagian kaki dan saat ini mendapatkan penanganan dari awak kapal MT Mauhau.
VP Corporate Communication PT Pertamina Patra Niaga Kitty Andhora menyampaikan aksi penyelamatan tersebut merupakan bentuk profesionalisme, kepedulian dan komitmen insan Pertamina untuk mengutamakan keselamatan serta membantu sesama, khususnya dalam situasi darurat di wilayah operasi dan pelayaran.
""Begitu menerima informasi adanya kapal yang tenggelam, Nakhoda dan crew MT Mauhau segera mengambil langkah untuk membantu proses penyelamatan. Keselamatan jiwa menjadi prioritas utama, dan kami bersyukur hingga saat ini 16 korban telah berhasil dievakuasi ke atas kapal,"" ujar Kitty dalam keterangannya, Minggu (13/9/2026).
Dalam prosesnya, MT Mauhau juga telah berkoordinasi dengan Basarnas Banjarmasin. Tim Basarnas saat ini bergerak menuju lokasi kejadian untuk melanjutkan proses pencarian dan evakuasi. Sejumlah kapal lain, termasuk TB TCP 205 dan KMP Haidar, juga turut membantu proses penyelamatan.
Kitty menambahkan, Pertamina Patra Niaga terus berkoordinasi dengan pihak terkait dan memantau perkembangan proses evakuasi. Awak MT Mauhau juga memastikan para korban yang telah diselamatkan mendapatkan penanganan awal berupa makanan, minuman, serta bantuan sesuai kebutuhan selama menunggu proses evakuasi berikutnya.
""Kami terus berkoordinasi dengan Basarnas dan seluruh pihak yang terlibat. Fokus kami saat ini adalah memastikan para korban yang telah dievakuasi mendapatkan penanganan dengan baik dan mendukung proses pencarian terhadap korban lainnya,"" tutup Kitty.
MT Mauhau merupakan kapal milik Pertamina Patra Niaga yang pada saat kejadian sedang dalam perjalanan menuju Tuban. Sebagai bagian dari komitmen terhadap keselamatan pelayaran dan kepedulian sosial, Pertamina Patra Niaga senantiasa mendorong seluruh awak kapal dan pekerja untuk memberikan respons terbaik ketika menghadapi kondisi darurat di laut.
(acd/acd)"
FINANCE,Purbaya Curiga Oknum DJP Main di Kasus Pabrik Baja China Kemplang Pajak!,"Menteri Keuangan Purbaya Yudhi Sadewa mencurigai adanya oknum di lingkungan Direktorat Jenderal Pajak (DJP) yang bermain dalam pemeriksaan pajak perusahaan. Kecurigaan itu muncul setelah 40 pabrik baja China ketahuan mengemplang pajak.
Menurut Purbaya, 40 perusahaan itu tidak membayar kewajibannya secara penuh. Purbaya mengatakan persoalan ini terjadi saat pemerintah berupaya membenahi penerimaan negara dengan menutup berbagai kebocoran di sektor Pajak dan Bea Cukai.
""Perpajakan kami dan Bea Cukai kami. Jadi yang bocor-bocor, saya coba tutup. Itu saja sudah mereka seperti itu, dan itu pun belum sempurna. Jadi Pajak dan Bea Cukai masih ada yang main. Contohnya, ada 40 pabrik baja China di sini yang beroperasi, utamanya cash basis. Jadi bayar pajaknya sepersekiannya lah,"" kata Purbaya dalam rapat dengan Komite IV DPD RI, di Kompleks Parlemen, Senin (14/9/2026).
Menurut Purbaya, dirinya telah memerintahkan pegawai pajak untuk memeriksa perusahaan-perusahaan tersebut, namun tidak satu pun yang diperiksa. Kondisi itulah yang membuat Purbaya mencurigai adanya pegawai pajak yang bermain.
""Persaingannya enggak cukup fair untuk perusahaan domestik. Perusahaan domestik bayar penuh, dia enggak bayar. Cash basis, uangnya lari keluar negeri. Saya perintahkan pegawai pajak untuk periksa, satu pun enggak diperiksa. Jadi dari itu saya gampang nyimpulnya berarti mereka main sebagian,"" tuturnya.
Purbaya kemudian mencontohkan salah satu perusahaan di Pulogadung yang akhirnya diperiksa. Menurutnya, perusahaan tersebut memiliki kewajiban pajak sedikitnya Rp 200 miliar, bahkan nilainy bisa mendekati Rp 1 triliun.
""Makanya saya sidak ke beberapa. Itu saja kelihatan yang di Pulogadung. Dia si sopan, gini-gini. Tapi setelah kita periksa, pajaknya harusnya mereka punya utang ke saya minimal Rp 200 miliar. Tapi kalau ditekan lebih kenceng lagi, dengan aturan lebih ketat, itu mendekati Rp 1 triliun satu perusahaan,"" ujarnya.
Oleh karena itu, Purbaya berjanji membenahi kebocoran-kebocoran yang terjadi seperti kasus tersebut. Ia juga berkomitmen menciptakan iklim usaha yang lebih adil bagi perusahaan domestik demi penciptaan lapangan kerja.
""Jadi yang gitu-gitu saya akan perbaiki terus ke depan. Pertama tadi meningkatkan pendapatan saya. Kedua, membuat saya lebih fair untuk pengusaha domestik, sehingga pengusaha domestik bisa hidup dan terjadi penciptaan lapangan kerja yang lebih besar,"" tutup Purbaya.
(acd/acd)"
SPORT,Jawa Timur Juara Kejurnas Panahan Tradisional 2026,"Baru saja digelar Kejuaraan Nasional (Kejurnas) Fespati 2026. Tampil sebagai juara umum adalah Jawa Timur.
Kejurnas Fespati adalah kompetisi memanah untuk segala usia yang digelar di Villa Bukit Tidar, Kota Malang, 22-24 Agustus, yang digelar Federasi Seni Panahan Tradisional (Fespati). Ada total 1.090 peserta dari 16 provinsi di seluruh Indonesia.
Ada 13 kategori perlombaan yang dipertandingkan. Mulai dari pelajar U9 sampai U-18, hunting pelajar dan umum, jemparingan pelajar dan umum, jarak 30 dan 50 meter untuk atlet panahan tradisional peserta perempuan dan laki-laki umum. serta HBA atau Horse Back Archery untuk kategori Junior Putra, Open Putri dan Senior Putra.
Total peserta ribuan itu melebihi edisi sebelumnya di Klaten, Jawa Tengah, yang diikuti 700 peserta. Kenaikan ini menunjukkan tren positif, karena artinya panahan tradisional semakin banyak peminatnya.
Apalagi sertifikat pemenang akan dikurasi oleh Pupresnas atau Pusat Prestasi Nasional, institusi di bawah Kementrian Pendidikan Dasar dan Menengah Republik Indonesia, yang memberikan pengakuan resmi terhadap ajang talenta atau prestasi peserta didik.
Malang dipilih sebagai lokasi penyelenggaraan Kejurnas 2026 dikarenakan Malang adalah peringkat utama kota industri pariwisata di Jawa Timur. Diharapkan gelaran Kejurnas bisa membawa dampak positif juga bagi naiknya income bagi pengusaha UMKM dan industri pariwisata di kota Malang, seperti slogan 'Fespati untuk Negeri.'
Kejurnas 2027 rencananya akan dihelat di tiga Provinsi, yakni DKI Jakarta, Jawa Barat atau Banten. Imran Taufik selaku Ketua Umum Fespati menyebut kejurnas bisa jadi seleksi untuk para pemanah muda yang mau membela Indonesia di kancah internasional."
SPORT,HUT TNI Akan Dimeriahkan Kejuaraan Tingkat Nasional di 8 Cabor,"Memperingati Hari Ulang Tahun (HUT) ke-81 TNI tahun 2026, Komando Operasi Udara Nasional (Koopsudnas) resmi mengagendakan serangkaian kejuaraan olahraga tingkat nasional.
TNI Angkatan Udara (AU) menghadirkan berbagai kompetisi bergengsi, mulai dari Modern Pentathlon Open 2026 hingga Panahan Open 2026 untuk memperebutkan Piala Panglima TNI. akan ada delapan cabang olahraga nasional yang diselenggarakan.
""Bapak Panglima TNI memberikan kesempatan kepada Kotama untuk menggelar kejuaraan tingkat nasional memperebutkan Piala Panglima TNI. Dalam rangka HUT TNI ke-81 ini, TNI AU mendapat amanat menggelar 8 cabang olahraga, termasuk modern pentathlon dan panahan,"" ujar Marsdya TNI Minggit Tribowo dalam konferensi pers di Ruang Leo Watimena Koopsudnas, Lanud Halim Perdanakusuma, Jakarta Timur, Selasa (8/9/2026).
Dalam acara itu, Pangkoopsudnas Marsdya TNI Minggit Tribowo didampingi Ketum MPI Marsda TNI Dr. Ir. Purwoko Aji Prabowo M.M,MDS dan Askomlek Kaskoopsudnas, Marsma TNI Ida Bagus Ngurah Mardika Putra S.T., MM. Menurut Marsdya TNI Minggit Tribowo, rangkaian kejuaraan ini dirancang bukan sekadar kompetisi rutin, melainkan sarana pembinaan atlet muda dari seluruh pelosok Tanah Air.
""Kami memberikan kesempatan kepada seluruh daerah untuk mencari bibit-bibit atlet yang dapat dibina, tidak hanya di tingkat lokal tetapi juga nasional hingga internasional. Harapan kita bersama, kesempatan ini dapat dimanfaatkan semaksimal mungkin sehingga melahirkan atlet-atlet yang menjadi kebanggaan bangsa,"" pungkas Pangkoopsudnas.
Berikut adalah agenda lengkap kejuaraan tingkat nasional 8 Cabor:
• Tenis Open Piala Panglima TNI 2026: Berlangsung hingga 14 September 2026 di Lapangan Tenis Kawasan Halim Perdanakusuma, Jakarta.
• Sepakbola Nasional Piala Kasau Cup Angkasa Open 2026: Berlangsung 23 September - 4 Oktober 2026 di Lapangan Koopsudnas Halim Perdanakusuma, Jakarta.
• Modern Pentathlon Open Piala Panglima TNI 2026: Berlangsung 25 - 27 September 2026 di Akademi Angkatan Udara (AAU), Yogyakarta.
• Aeromodelling: Berlangsung 26 - 27 September 2026.
• Drone Race: Berlangsung 10 - 11 Oktober 2026.
• Panahan Open Piala Panglima TNI 2026: Berlangsung 23 - 25 Oktober 2026 di Lapangan Panahan Arjuna, Halim Perdanakusuma, Jakarta.
• Sebelumnya sudah dilaksanakan kejuaraan cabang olahraga paralayang yang telah dilaksanakan di Solo pada Agustus lalu).
(ran/bay)"
FINANCE,Mafia Beras Dibongkar Pekan Depan!,"Pemerintah menyatakan akan menindak tegas pelaku anomali dalam sektor perberasan dalam negeri. Kepala Badan Pangan Nasional (Bapanas) sekaligus Menteri Pertanian Andi Amran Sulaiman mengatakan dalam waktu dekat akan ada pengumuman sebagai tindak lanjut pada temuan ketidaksesuaian pada beras khusus.
""Kami hajar! Kami pertaruhkan segalanya, sudah siap lahir batin. Beras fortifikasi, dia jual Rp 56.000 satu kilogram, padahal harganya Rp 13.000 dan ini sudah masuk lab. Rp 20.000 dijualkan. Rp 40.000 satu kilogram. Rp 56.000 dijualkan. Di labelnya (ibarat) ini emas padahal di dalamnya adalah timah besi, besi berkarat,"" ujar Amran dalam keterangannya, dikutip Senin (14/9/2026).
Menurut Amran, keuntungan sepihak dapat diperoleh pelaku anomali perberasan. Sementara, ada unsur penipuan yang dialami masyarakat sebagai konsumen karena harus membayar lebih tinggi.
""Untungnya itu kalau Rp 30.000 dikali 10 ton, itu Rp 300 juta, satu truk. (Jadi) ini sudah fiks. Insyaallah minggu depan kami umumkan. Kalau terus menerus seperti ini, kapan kita Republik ini menikmati negaranya? (Tapi) ada mafia. Tolong saya didukung. Saya ledakkan. Saya pertaruhkan segalanya, demi merah putih, demi ummat,"" tambah Amran.
Amran pun menyebut Prabowo telah merestui langkah tegas ini. Menurutnya, Kepala Negara sudah memintanya untuk segera merealisasikan hal tersebut tanpa ragu.
""Itu perintah Bapak Presiden. Kami tidak boleh gentar. Kami tidak diskusi di ruang yang tidak penting, tapi kami lebih mementingkan keselamatan negara, keselamatan Republik Indonesia, harus hitam putih kalau negara dan itu perintah Presiden,"" ungkap Amran.
""Kami lapor Bapak Presiden, ini mafia beras, gimana Bapak Presiden? Beliau bilang gaspol, siap terima kasih Bapak Presiden. Sama kemarin kita laporkan (temuan beras fortifikasi) insyaallah kami bongkar, karena harusnya beras, konglomerat tidak boleh masuk. Kenapa? Ini ruang ekonomi rakyat kecil. Beras itu adalah barang subsidi,"" sambung dia.
Adapun anomali beras ini tidak bisa terus berlanjut. Ini karena pemerintah harus menjaga kepentingan generasi masa depan Indonesia. Beras harus mampu diakses masyarakat dengan harga yang wajar.
""Ini perintahnya beliau (Presiden Prabowo), Pak saya lanjut atau tidak? Beliau jawab lanjutkan. Apa pun risikonya, kita harus jaga generasi kita, generasi yang akan datang,"" tutur Amran.
Untuk diketahui, hasil pengujian laboratorium terhadap beras yang diklaim sebagai produk fortifikasi menunjukkan 93% sampel yang diperiksa tidak memenuhi ketentuan yang berlaku. Temuan tersebut merupakan bagian dari pengawasan yang terus dilakukan Bapanas terhadap produk beras yang beredar di masyarakat, termasuk beras fortifikasi dan beras dengan klaim diperkaya zat gizi.
Ini merupakan hasil pengawasan yang diperoleh dari pemantauan terhadap produk beras fortifikasi dan beras dengan klaim gizi yang beredar di wilayah Jakarta pada April 2026. Dari pengawasan tersebut, Bapanas menemukan sejumlah produk yang kemudian ditindaklanjuti melalui pemeriksaan dan pengujian laboratorium.
Hasil pengujian laboratorium menunjukkan 93 persen sampel yang diperiksa belum memenuhi persyaratan untuk mencantumkan klaim sebagai beras fortifikasi maupun beras diperkaya. Temuan tersebut menunjukkan masih adanya ketidaksesuaian antara informasi dan klaim yang disampaikan kepada konsumen dengan persyaratan yang harus dipenuhi oleh produk.
Selain kandungan gizi, pengawasan juga menemukan produk yang dipasarkan dengan harga yang jauh dari harga beras pada umumnya. Dari aspek pelabelan, terdapat pula produk yang hanya mencantumkan dua jenis zat gizi pada kemasan meskipun dipasarkan dengan klaim sebagai beras yang diperkaya zat gizi.
Pengawasan yang masih berlangsung hingga saat ini telah mencakup 178 sampel beras fortifikasi di 11 provinsi, dengan temuan ketidaksesuaian pada aspek pelabelan, mutu, maupun kandungan gizi produk. Pengujian laboratorium untuk memastikan kesesuaian antara klaim yang tercantum pada kemasan dengan kandungan aktual produk. Melalui pengujian tersebut, pemerintah dapat memastikan apakah produk yang mencantumkan klaim fortifikasi maupun klaim diperkaya zat gizi telah memenuhi persyaratan yang berlaku.
Adapun secara standar, beras fortifikasi wajib memenuhi ketentuan SNI 9372:2025 tentang Beras Fortifikasi. Dalam setiap 100 gram beras fortifikasi, ditetapkan kandungan vitamin B1 minimal 0,25 miligram, asam folat 0,25-0,38 miligram, vitamin B12 1,0-1,5 mikrogram, zat besi 3,50-5,25 miligram, dan seng 3,0-4,5 miligram.
SNI 9372:2025 juga mengatur kesesuaian kandungan vitamin dan mineral dengan informasi yang tercantum pada label. Kandungan vitamin dan mineral dalam produk sekurang-kurangnya harus mencapai 80 persen dari nilai yang dicantumkan pada label, sementara kandungan mineral seperti zat besi dan seng tidak boleh melebihi 120 persen dari nilai yang tertera pada label.
(acd/acd)"
SPORT,"Kejurnas Hoki Indoor 2026: Jabar Juara Putra, Jatim Kampiun Sektor Putri","Kejuaraan Nasional (Kejurnas) Hoki Indoor 2026 telah berakhir. Jawa Barat sukses keluar sebagai juara di sektor putra Tier 1, sementara Jawa Timur tampil berjaya dengan merebut gelar juara sektor putri.
Ajang yang berlangsung di GOR Nambo Jaya Sport Centre, Kota Tangerang, Banten, ini berakhir, Minggu (30/8/2026). Jawa Barat mengalahkan tuan rumah Banten di laga final sektor putra dengan skor 3-2 dalam adu penalti setelah imbang 2-2.
Sementara itu, kejutan terjadi di sektor putri. Jawa Timur sukses menghentikan dominasi Jawa Barat dengan kemenangan 2-0 via adu penalti setelah sebelumnya imbang 2-2.
""Alhamdulillah teknik pemain-pemain kita semakin baik, padahal kejurnas ini tidak dihadiri pemain nasional yang sedang melakoni training camp di Malaysia untuk menghadapi Asian Games Aichi-Nagoya 2026,"" kata Gubernur Banten, Andra Soni, yang juga Ketua Dewan Pembina Federasi Hockey Indonesia (FHI), dalam keterangan persnya.
""Dengan pembinaan berjenjang dan konsisten, olahraga Olimpiade ini akan semakin diminati dan prestasinya semakin mendunia. Dulu kita hanya bermimpi dapat medali, tapi kini kita membuktikan mampu meraih prestasi back-to-back pada SEA Games Kamboja 2023 dan SEA Games Thailand 2025,"" Andra Soni menambahkan.
Tidak hanya itu saja, Andra Soni juga tampil memperkuat Tim Hockey PP FHI menghadapi Tim yang beranggotakan ofisial peserta kejurnas hockey Indoor 2026 dalam pertandingan ekshibisi sebelum dimulai laga final. Ketua Umum PP FHI Mayjen TNI (Purn) Budi Sulistijono tampil sebagai penjaga gawang dalam pertandingan yang bertujuan mempererat hubungan masyarakat hoki tersebut.
""Selamat dan apresiasi setinggi-tingginya untuk PP FHI dan FHI Banten. Pertandingan berjalan penuh semangat dan sportifitas. Kejurnas ini menjadi ajang mengukur kualitas pembinaan sekaligus mempererat silaturahmi. Saya berharap hockey terus berkembang pesat dan Banten bisa menjadi bagian penting dari kemajuan tersebut,"" ujar Andra Soni.
Hasil Lengkap Kejurnas Hockey Indoor 2026:
Putra Tier 1
• Juara :Jawa Barat
• Runner-up:Banten (Skor Final: 2-2, penalti 3-2)
• Peringkat 3:Jawa Timur (Kalahkan Jateng 5-2)
Putri Tier 1
• Juara :Jawa Timur
• Runner-up:Jawa Barat (Skor Final: 2-2, penalti 2-0)
• Peringkat 3:Nusa Tenggara Barat (Kalahkan Jateng 2-0)
Putra Tier 2
• Juara :DKI Jakarta
• Runner-up:Kalimantan Timur (Skor Final: 3-2)
• Peringkat 3:Kalimantan Barat (Kalahkan NTB 2-2, penalti 4-3)
Putri Tier 2
• Juara :DKI Jakarta
• Runner-up:Banten (Skor Final: 2-2, penalti 2-0)
• Peringkat 3:Kalimantan Timur (Kalahkan DI Yogyakarta 1-0)."
SPORT,Menkomdigi Imbau Warga Waspadai Dampak Erupsi Anak Krakatau,"Menteri Komunikasi dan Digital (Menkomdigi) Meutya Hafid mengimbau masyarakat untuk tetap tenang dan meningkatkan kewaspadaan menyusul aktivitas erupsi Gunung Anak Krakatau di Selat Sunda. Ia juga meminta masyarakat memantau informasi dari sumber terpercaya.
""Yang paling penting adalah tetap tenang, tetapi jangan mengurangi kewaspadaan. Masyarakat perlu mengikuti arahan dari otoritas terkait dan memastikan informasi yang diterima berasal dari sumber yang dapat dipercaya,"" kata Meutya dalam keterangan tertulis, Minggu (6/9/2026).
Seperti diketahui, Gunung Anak Krakatau (GAK) menunjukkan aktivitas vulkanik yang sangat signifikan sejak Jumat (4/9) malam dan kini statusnya berada pada Level III atau Siaga. Abu vulkanik juga telah terdeteksi menyebar ke sejumlah wilayah, termasuk Banten, DKI Jakarta, dan Jawa Barat.
Erupsi GAK pun menyebabkan sejumlah penerbangan dibatalkan dan menimbulkan kekhawatiran masyarakat akibat isu potensi tsunami yang akan ditimbulkan. Dentuman dan getaran yang sempat terjadi di sebagian wilayah Jawa Barat akibat aktivitas GAK juga cukup membuat masyarakat khawatir.
Terkait hal ini, Meutya meminta masyarakat mengikuti perkembangan aktivitas Gunung Anak Krakatau dan kondisi sebaran abu vulkanik dari sumber-sumber resmi dan terpercaya, terutama melalui kanal resmi pemerintah, antara lain PVMBG, BMKG, BNPB, pemerintah daerah, serta instansi terkait lainnya.
""Pastikan keakuratan informasi dari pihak-pihak yang memiliki kewenangan terkait kebencanaan gunung berapi demi menghindari misinformasi atau informasi menyesatkan yang dapat menyebabkan keresahan,"" ungkapnya.
Lebih lanjut, Meutya mengingatkan masyarakat untuk tidak menyebarkan informasi yang belum terverifikasi kebenarannya terkait kondisi Gunung Anak Krakatau.
""Dalam situasi seperti ini, informasi yang tidak benar dapat menimbulkan kepanikan. Karena itu, saring sebelum sharing. Pastikan informasi yang kita terima berasal dari sumber resmi dan dapat dipertanggungjawabkan,"" tegas Meutya.
Meutya pun mendorong masyarakat agar tetap tenang, namun juga meningkatkan kewaspadaan, khususnya bagi warga yang tinggal di dekat GAK dan yang wilayahnya turut terdampak abu vulkanik.
""Tetap waspada, tetap tenang, dan jangan mudah percaya pada informasi yang belum jelas sumbernya dari mana,"" jelasnya.
Sementara bagi masyarakat yang berada di wilayah terdampak abu vulkanik, Meutya mengimbau untuk melakukan sejumlah langkah demi menjaga keselamatan dan kesehatan.
Pertama, gunakan masker yang tepat apabila harus beraktivitas di luar rumah, seperti masker N95 atau KN95, untuk membantu menyaring partikel abu vulkanik.
Kedua, gunakan kacamata pelindung dan hindari penggunaan lensa kontak atau softlens selama kondisi udara masih dipengaruhi abu vulkanik.
Ketiga, kurangi aktivitas di ruang terbuka. Apabila tidak ada keperluan mendesak, masyarakat disarankan untuk tetap berada di dalam ruangan dan membatasi paparan abu vulkanik.
Keempat, bagi masyarakat yang harus berkendara, kurangi kecepatan dan tingkatkan kewaspadaan. Abu vulkanik dapat mengurangi jarak pandang dan membuat permukaan jalan menjadi licin.
Kelima, cuci tangan dan wajah setelah beraktivitas di luar ruangan serta pastikan sumber air bersih terlindungi dari paparan abu.
Selain itu, Meutya mengimbau masyarakat, wisatawan, dan nelayan untuk tidak mendekati kawasan Gunung Anak Krakatau atau melakukan aktivitas dalam radius 3 kilometer dari kawah aktif, sesuai rekomendasi PVMBG.
""Keselamatan adalah yang utama. Tidak perlu panik, namun tetap selalu waspada dan menjaga keselamatan serta kesehatan,"" pungka Meutya.
(komdigi/sls)"
SPORT,Gelar Juara MotoGP 2026 Jadi Ujian Ketahanan Marc Marquez?,"Marc Márquez dianggap akan menjalani persaingan gelar juara dunia MotoGP 2026 selayaknya mengikuti balapan uji ketahanan. Ia pun disarankan lebih bijak mengatur kondisi fisik dan tidak selalu memaksakan diri.
Pendapat itu dilontarkan mantan rider Honda, Cal Crutchlow, yang menilai Marc masih menjadi pebalap terbaik di MotoGP. Tapi kondisi fisik juara bertahan itu membuat pendekatan terhadap sisa musim harus berbeda.
Marc masih mengalami masalah pada lengan kanannya setelah menjalani sejumlah operasi. Ia bahkan mengaku kehilangan tenaga saat balapan MotoGP Inggris di Silverstone. Situasi itu bikin Crutchlow memperkirakan Marc akan mengelola perebutan gelar seperti sebuah endurance race.
""Ini sangat sulit karena saya pikir Marc masih menjadi pebalap terbaik, tetapi saya pikir dia sedang membalap dalam kondisi cedera,"" ucapnya seperti dilansir Crash.net.
Sepanjang musim 2026, Marc Marquez memang masih beradaptasi dengan keterbatasan fisik pada lengan kanannya. Sebelum MotoGP Aragon, Marc mengungkapkan bahwa lengannya masih mengganggu. Ia berharap kondisinya membaik di Aragon karena karakter sirkuit yang memiliki lebih banyak tikungan kiri.
Situasi itu membuat Marc tidak bisa selalu mengandalkan pendekatan agresif seperti pada masa terbaiknya. Konsistensi dan kemampuan memilih momen untuk menyerang menjadi sama pentingnya dengan kecepatan.
Crutchlow pun melihat strategi tersebut bisa menjadi kunci Marc dalam perburuan gelar. Tidak harus selalu menang, tetapi sebisa mungkin tetap finis di depan rival utama dan menghindari kesalahan besar.
""Saya rasa dia belum sepenuhnya pulih dari operasi yang dijalaninya awal tahun ini, dan saya pikir dia akan menjalani kejuaraan ini lebih seperti sebuah balapan ketahanan, dan memacu ketika dia benar-benar perlu memacu. Dia akan memastikan dirinya berada di sana ketika dibutuhkan, berusaha tidak membuat kesalahan, dan membiarkan pebalap lain membuat kesalahan,"" kata Crutchlow.
""Lalu menyerang ketika dia tahu bisa menyerang. Silverstone bukan akhir pekan yang bagus, tetapi dia akan berusaha agar tidak menjalani akhir pekan yang benar-benar buruk, seperti yang mungkin dialami beberapa pebalap... Seperti Ai Ogura yang tidak berada di sini. Tetapi sangat sulit untuk memprediksi... Saya benar-benar tidak tahu ke mana arah pertarungan gelar ini,"" ujarnya."
FINANCE,Petani Ungkap Penyebab Harga Cabai Melesat hingga Tembus Rp 90 Ribu/Kg,"Harga cabai mengalami lonjakan, terutama cabai rawit merah yang telah menembus Rp 90.000 per kilogram (kg). Kenaikan harga ini dipicu oleh gangguan produksi akibat cuaca ekstrem dan kekurangan air.
Ketua Asosiasi Champion Cabai Indonesia Tunov Mondro Atmojo mengatakan tren kenaikan harga ini sebenarnya sudah dirasakan di tingkat petani sejak pertengahan Agustus lalu. Menurutnya, faktor utama di balik meroketnya harga cabai adalah krisis ketersediaan air yang dipicu oleh cuaca sangat panas dan fenomena El Nino.
""Penyebab kenaikan ini disebabkan karena murni faktor cuaca dan mengakibatkan ketersediaan air habis, tanaman cabai yang telah petani tanam akhirnya hanya mengandalkan tanaman eksisting yang sedang berproduksi,"" ujar Tunov kepada detikcom, Minggu (13/9/2026).
Kondisi cuaca yang sangat panas tanpa ketersediaan air yang cukup membuat pohon cabai mengalami gagal bunga, sehingga berhenti memproduksi bunga baru. Akibatnya, petani hanya mampu merawat sisa cabai yang masih bertahan di pohon.
Tunov bahkan menyebut ancaman penurunan produksi sangat terasa di tingkat produsen, di mana upaya petani untuk menanam kembali kerap gagal karena bibit tidak dapat hidup tanpa pasokan air yang memadai.
""Keadaan cuaca seperti ini sangat mengkhawatirkan stok nasional terus berkurang nanti di 3 bulan kedepan,"" tambah ia.
Turnov menjelaskan pemerintah telah mulai menyalurkan bantuan, seperti sumur bor dan pipanisasi untuk wilayah sentra produksi. Kendati begitu, pihaknya juga telah antisipasi memaksimalkan stok air lahan untuk menanam tanaman baru.
""Bantuan pemerintah sudah mulai turun meski agak terlambat yaitu sumur sumur bor dan pipanisasi yang diperuntukkan tanaman cabai di berbagai wilayah sentra,"" imbuhnya.
Senada, Ketua Asosiasi Agribisnis Cabai Indonesia (AACI) Abdul Hamid mengatakan kenaikan harga cabai ini murni disebabkan oleh gangguan produksi di daerah-daerah sentra. Meskipun masih ada beberapa daerah di Jawa Timur seperti Jombang, Kediri, dan Blitar yang tetap menghasilkan panen, volumenya dilaporkan sangat minim.
Gangguan produksi akibat cuaca ini diprediksi masih akan mempengaruhi volume panen hingga bulan Oktober mendatang, sebelum akhirnya pasokan diperkirakan mulai mencukupi kembali pada November.
""Mungkin diperkirakan volume panen, ini masalahnya karena cuaca, diperkirakan sampai dengan Oktober. tapi pada November cukup,"" kata Abdul kepada detikcom.
Gangguan produksi ini menciptakan harga cabai di tingkat petani saat ini berkisar antara Rp 53.000 hingga Rp65.000 per kilogram. Sesampainya di pasar induk, harga tersebut terkerek naik menjadi Rp70.000 hingga Rp75.000 per kilogram. Akhirnya menyentuh angka Rp90.000 sampai Rp 95.000 per kilogram saat dibeli oleh konsumen akhir di pasar.
""Di tingkat petani sekarang sekitar Rp 53.000 sampai Rp 65.000/kg, kalau kita lihat di pasar induk bisa sampai Rp 70.000 sampai Rp 75.000. Kalau ibu-ibu belanja sekitar Rp 90.000 sampai Rp 95.000 lah,"" jelasnya.
Berdasarkan Pusat Informasi Harga Pangan Strategis Nasional (PIHPS) Bank Indonesia (BI), kenaikan paling tajam terjadi oleh cabai merah keriting yang melesat hingga 9% menjadi Rp 62.950/kg. Tak hanya itu, cabai rawit merah juga ikut melonjak 7,2% ke level Rp 90.050/kg.
(acd/acd)"
SPORT,"China Masters 2026: Singkirkan Unggulan 1, Leo/Daniel ke 16 Besar","Leo Rolly Carnando/Daniel Marthin melaju ke babak kedua China Masters 2026. Leo/Daniel mengalahkan unggulan pertama Kim Won Ho/Seo Seung Jae 21-19, 21-19.
Leo Rolly Carnando/Daniel Marthin melawan unggulan pertama Kim Won Ho/Seo Seung Jae (Korea Selatan) pada babak pertama China Masters 2026. Laga ini berlangsung di Court 1, Shenzhen Arena, Selasa (1/9/2026).
Leo/Daniel tertinggal di awal gim pertama 1-5. Mereka bisa bangkit mengejar untuk hanya tertinggal satu poin saat skor 5-6.
Kedua ganda ini kemudian saling pertukar poin. Kim/Seo unggul 11-9 saat interval gim pertama.
Leo/Daniel bisa menyetarakan angka selepas interval saat skor 12-12. Kejar mengejar poin terjadi hingga 16-16.
Kim/Seo mendapatkan momentum untuk menjauh usai mendapatkan dua angka. Kim/Seo diambang menutup gim pertama usai unggul 19-16.
Namun, Leo/Daniel tampil menawan di poin-poin krusial. Mereka mendulang lima angka beruntun untuk membalikkan situasi. Leo/Daniel mengamankan gim pertama usai menang 21-19.
Laga berjalan sengit di awal gim kedua. Kejar mengejar poin terjadi hingga 7-7. Skor masih ketat sampai 10-10.
Leo/Daniel mendapatkan satu angka untuk memimpin 11-10 saat interval gim kedua.
Selepas interval situasi sempat berbalik dengan Leo/Daniel tertinggal 12-15. Mereka bisa mengejar hingga skor kembali sama kuat saat 15-15.
Skor sama kuat hingga 17-17. Leo/Daniel kembali menunjukkan mental yang sangat baik di poin krusial.Leo/Daniel bisa memenangi lagi usai mengamankan gim kedua 21-19.
Leo/Daniel melaju ke babak kedua (16 besar). Leo/Daniel mengikuti jejak dari Ali Faathir Rayhan/Devin Artha Wahyudi.
Ali Faathir Rayhan/Devin Artha Wahyudi mengalahkan unggulan kelima dari Malaysia, Goh Sze Fei/Nur Izzuddin. Fathir/Devin ke babak kedua usai Goh/Izzudin retired. Mereka mundur setelah kalah 16-21 di gim pertama."
