Kategori,teks_bersih
SPORT,tebak sirkuit motogp saldo wallet rp ribu ikut motogp hafal karakter sirkuit tantang tarik ikut bold riders detikcom hadir kuis tebak sirkuit motogp hadiah saldo wallet total rp ribu kuis serta tantang tebak nama nama sirkuit siluet postingan kuis tantang sempat uji tahu serta lintas motogp tarik kuis andal serta ikut mekanisme tentu ikut kuis sesuai tentu kuis tebak sirkuit motogp ikut kuis serta syarat mekanisme follow akun instagram detikcom boldriders tulis nama nama sirkuit sesuai siluet slide postingan kuis kolom komentar mention detikcom boldriders teman dekat ramai kuis pasti mekanisme sesuai tentu kuis uji mampu serta nali sirkuit tampil siluet gemar biasa ikut balap motogp bentuk lintas karakter tikung tunjuk tentu hadiah saldo wallet rp ribu uji tahu sirkuit motogp kuis tawar hadiah tarik detikers saldo wallet menang hak saldo wallet rp ribu total hadiah siap capai rp ribu jago nali sirkuit motogp lewat sempat tantang siap baik ikut mekanisme laku bukti kenal lintas motogp bold riders hadir wadah komunitas motor multigenre brand jenis motor gabung semangat brotherhood jalan berani pacu adrenalin ambil risiko sirkuit bold riders bangga sponsor resmi gresini racing team ajang motogp komunitas bold riders dukung penuh nilai nilai jiwa motogp cinta roda berani tampil beda live bold berani ambil putus hitung detik mentalitas maju kembang passion kuat dunia roda dedikasi harga proses latih disiplin prinsip jadi jalan alam semangat brotherhood solid rangkul genre motor sekat tinggal seru follow akun boldriders update info baru putar dunia motor motogp
SPORT,hasil gp italia kim antonelli menang mercedes balap mercedes gp kim antonelli hasil rebut menang gp italia lengkap rekan tim george russell finis balap helat sirkuit monza minggu malam wib antonelli sejati posisi start bagus urut tujuh penalti turun urut alias start grid pierre gasly kejut laju alpine milik posisi pole susul russell posisi driver mclaren oscar piastri posisi tiga duo balap tuan rumah charles leclerc lewis hamilton posisi empat bendera merah muncul lap leclerc balap tabrak dinding leclerc hilang kendali mobil salip piastri posisi empat russell pimpin balap susul gasly max verstappen antonelli tujuh strip urut insiden antonelli pelan baik posisi masuk virtual safety car antonelli dekat russell tiga balap salip salip lap antonelli kunci posisi depan russell kejar antonelli lap rekan tim muncul menang russell puas posisi susul verstappen mclaren tempat balap lando norris urut empat piastri urut hamilton jaga nama ferrari finis enam lengkap gasly arvid lindblad franco colapinto yuk tsunoda antonelli kukuh puncak klasemen poin unggul angka russell posisi angka hamilton posisi tiga
FINANCE,edar kabar internal copot purbaya suahasil buka suara purbaya yudhi sadewa resmi ganti suahasil nazara menteri uang suahasil lantik langsung istana negara jakarta pusat presiden prabowo subianto internal menteri purbaya ganti suahasil urus ditjen pajak bea cukai lantik suahasil menep kabar internal menteri aman masalah aman aman suahasil singkat konfirmasi langsung lantik senin salah sorot ombak ratus jabat lingkung menteri uang kemenkeu kamis september purbaya ombak jabat pimpin pratama jabat administrator jabat awas jabat fungsional jabat unit organisasi non eselon kemenkeu purabaya ubah jabat proses organisasi kemenkeu adaptif nasib ombak purbaya suahasil putus menteri uang landas atur lomba lihat kemarin lantik minggu lihat lantik putus menteri uang tindak lanjut situ beber suahasil isu internal kemenkeu salah satu direktur center economic law studies celios bhima yudistira dapat sebab utama copot purbaya menkeu kendala koordinasi internal menteri uang keluh reshuffle purbaya koordinasi internal masalah gitu ditjen bea cukai ditjen pajak ganti eselon ii restitusi pajak tahan laku usaha happy restitusi pajak tahan cek sektor sumber daya alam sektor bimo purbaya beda dapat situ bhima detikcom suahasil lantik ganti purbaya simak video purbaya direshuffle isu internal telepon pas rapat hns
SPORT,jaga gaya hidup sehat hyrox hyrox dipungkiri daun dunia indonesia olahraga peran jaga stamina tubuh hyrox kompetisi bugar global kombinasi lari jarak latih fungsional rangkai lomba intens olahraga kali luncur jerman cepat kembang fenomena internasional tuju utama kompetisi uji daya tahan endurance kuat strength serta beda kompetisi atletik kali profesional hyrox rancang inklusif tingkat bugar serta mula atlet elit kompetisi standar selesai catat digital jadi hyrox salah jenis kompetisi fitness race populer dunia pusat bugar kota kota indonesia masuk hyrox salah jual tinggi minat kompetisi hyrox tanding tanding resmi hyrox kerap jadi gimmick seremoni salah satu merdeka ri synergy worldwide indonesia usaha gerak bidang nutrisi wellness synergy kolaborasi south barn hadir kompetisi fitness madu semangat olahraga kompetisi tradisi raya agustus acara agustus throwdown usung konsep kompetisi gaya hyrox agustus throwdown hadir tantang fisik uji kuat daya tahan cepat tangguh serta beda kompetisi fitness acara bawa suasana khas raya merdeka indonesia lomba agustus lomba makan kerupuk mengigit sendok kelereng hadir beda sambut merdeka fitness olahraga milik nilai semangat juang konsistensi disiplin berani hadap tantang mudah serah agustus throwdown gabung nilai nilai ceria sama ciri khas raya agustus indonesia produk produk synergy indonesia hadir dukung performa cinta olahraga fitness dina yuliyanti senior marketing manager synergy worldwide indonesia terang detiksport kolaborasi south barn upaya hadir alam olahraga inklusif senang komunitas serta tantang mampu fisik arena kompetisi ajak nikmat suasana raya merdeka komunitas rekan rekan cinta olahraga konsep work hard play hard salah semangat utama acara gabung tantang fisik kompetisi main main khas agustus hadir suasana santai penuh tawa kompetisi sahabat hadir agustus throwdown cermin kembang budaya fitness olahraga fungsional indonesia kompetisi hyrox gabung elemen latih kuat kardio functional movements tuntut serta milik mampu fisik giat synergy worldwide indonesia south barn harap semangat merdeka raya seremonial wujud gaya hidup aktif sehat sportif penuh sama
SPORT,ihr luas olahraga pacu kuda indonesia pacu kuda indonesia arah panggung dunia indonesia horse racing ihr kembang sarga co konsep olahraga hibur pariwisata ekonomi kreatif ihr kembang kompetisi tentu kuda cepat platform rancang ekosistem hubung olahraga kuda potensi daerah wilayah indonesia sarga co hadir promotor pacu kuda profesional satu indonesia ip indonesia horse racing hadir ihr upaya ubah pacu kuda kelola kemas kenal masyarakat olahraga milik sejarah indonesia dekat generasi ihr gelar sembilan event tema race rising stars pasuk sarga co bawa ambisi tema race world stage tema landas kembang ihr kompetisi profesional milik jangkau tonton luas pp satu olahraga kuda indonesia pordasi sarga co hadir delapan juara kalender ihr rangkai kompetisi gelar wilayah karakter tradisi kuda beda agenda ihr buka ihr jateng derby gelanggang pacu kuda tegalwaton kabupaten semarang februari kompetisi lanjut ihr triple crown serie pertiwi cup stadion sultan agung bantul april mei gilir ihr triple crown serie piala raja mangkunegaran gelar gelanggang pacu kuda tegalwaton rangkai lanjut juni ihr piala paku alam stadion sultan agung bantul agenda utama hadir ihr indonesia derby gelanggang pacu kuda legokjawa pangandaran jawa barat juli pasuk agustus kompetisi lanjut ihr merdeka cup sumatera barat rangkai ihr jadwal kejurnas seri ii sulawesi utara oktober kompetisi tutup piala hamengku buwono yogyakarta november syukur apresiasi antusiasme masyarakat selenggara ihr ihr juara lintas jalan bangun pacu kuda indonesia profesional modern harga tradisi arif lokal direktur komersial sarga co ana airin indonesia horse racing tradisi padu dekat industri modern kompetisi kembang profesional produksi siar tingkat alam tonton luas peluang komersial buka
SPORT,moto veda ega kali gagal raih poin rider honda team asia veda ega pratama jalan pekan buruk moto aragon balap gunungkidul gagal raih poin kali moto sirkuit aragon pekan veda ega finis sulit jumat veda ega balap posisi sulit tembus baris hasil veda ega gagal raih poin raih angka rocket boy tahan poin tinggal jarak tujuh poin hakim danish posisi delap aragon veda ega gagal raih poin seri gagal finis moto amerika serikat finis moto hungaria gagal finis moto belanda hasil balap minggu minggu sulit sesi jumat sabtu race veda ega lepas balap jalan balap coba start bagus coba cepat coba rider senggol salah balap coba push push push kejar grup sulit sulit sirkuit aragon grip licin minggu lupa ambil ajar tim cari titik poin improve seri misano coba veda ega
SPORT,asi games banjir landa nagoya menpora jepang plan banjir landa nagoya jepang jelang asi games kondisi perhati menteri pemuda olahraga menpora erick thohir perintah jepang langkah antisipasi asi games gelar aichi nagoya september oktober banjir landa nagoya sebab aktivitas transportasi kota ganggu kondisi venue asi games lapor aman selenggara jalan sesuai rencana erick jelas rencana perintah jepang hadap situasi alhamdulillah kemarin cdm ketua komite olimpiade indonesia koi undang duta jepang plan plan perintah jepang erick temu wisma serba gbk rabu perintah jepang perintah perintah indonesia mawas peduli rakyat erick nilai jepang milik alam gelar ajang olahraga internasional yakin milik siap hadap kondisi darurat event alam dukung cdm ketua koi fokus tinggal jaga makan sehat serah ahli erick masyarakat indonesia dukung tuan rumah asi games dukung tuan rumah perintah jepang kendala dukung putus panitia cdm lobi pandang solusi erick erick kontingen indonesia fokus hadap asi games putus kondisi lapang serah wenang indonesia ambil asi games gelar aichi nagoya september simak video bicara kesiap atlet asi games mensesneg siap
SPORT,mamma mia antonelli balap mercedes gp kim antonelli tampil tang gp italia comeback antonelli bikin rekor balap sirkuit monza minggu malam wib antonelli penalti start grid alias posisi antonelli butuh lap dekat posisi ambil alih balap pasuk lap posisi tahan antonelli menang bikin antonelli kukuh puncak klasemen balap poin unggul angka rekan tim george russell posisi angka hamilton posisi tiga menang tujuh antonelli musim sejarah keikutsertaan balap italia hebat antonelli sudah puasa balap italia monza ludovico scarfiotti ferrari antonelli balap muda menang monza usia orang italia podium balap senang bayang wujud bak mimpi nyata bantu tim keluarga dukung antonelli lansir reuters balap jemawa nikmat menang sambung
SPORT,china masters jonatan christie kalah leong jun hao maju tanding court shenzhen arena selasa jonatan unggul turnamen bwf super butuh menit kunci menang gim jonatan langsung aman menang skor leong jun hao usaha lawan jonatan jaga unggul gim saing ketat gim jonatan menang skor menang gim langsung hasil jonatan christie laju babak kalah wakil malaysia china masters indonesia milik orang wakil jonatan christie wakil nomor ganda tiga pasang ganda putra leo rolly carnando daniel marthin sabar karyaman gutama moh reza pahlevi isfahani ali faathir rayhan devin artha wahyudi nama masuk daftar undi pekan urung tampil alwi farhan putri kusuma wardani fajar alfian muhammad shohibul fikri simak video jonatan christie umur hidup bulu tangkis indonesia krs bay
SPORT,men world tennis championship rafalentino ethan gagal juara pupus harap indonesia jaya men world tennis championship rafalentino ali da costa ethan david zapp kalah final tanding puncak ganda putra seri iv itf world tennis tour lapang bal beach country nusa sabtu rafalentino ethan aku tangguh alexander chang pablo perez ramos set rafalentino ethan alami sulit imbang main alexander pablo tenis amerika serikat spanyol langsung serang servis voli menang pasuk set ganda tuan rumah singkir unggul pertma isaac becroft reece falck bangkit untu lawan game skor kuat unggul alam alexander pablo patah servis lawan menang tempo jam menit juara menang pablo puji main rafalentino ethan buat sulit set syukur menang lawan rafalentino ethan tampil sulit pablo rilis detiksport alexander kompak komunikasi partner buah hasil gelar juara kali ajang seri tanapat nirundorn juara sektor rafalentino ethan gagal juara capai apresiasi ketua pp pelti periode rildo ananda anwar hadir talenta talenta tenis muda merah putih rafalentino ali da costa ethan david zapp sektor putra janice tjen karunia tantang sendiri bina tenis indonesia prestasi tingkat jalur kompetisi jalan proses regenerasi rildo runner rafalentino ethan hadiah dolar trofi alexander pablo juara hak dolar tambah poin atp sektor tunggal putra tanding babak semifinal tenis india karan singh hasil tahan performa impresif lang partai puncak singh kalah wakil jepang ryotaro taguchi set langsung karang temu isaac becroft australia kalah leo borg jam menit skor
FINANCE,transmart full day sale tangga multifungsi diskon gede gede diskon tajuk transmart full day sale hadir hari penuh sapa langgan setia pesta diskon laku produk butuh rumah tangga produk diskon toko buka salah produk diskon tangga multifungsi khusus multifunction ladder harga tawar rp unit harga normal rp unit kartu kredit bank mega bank mega syariah harga murah rp langgan setia hemat rp ribu harga normal produk periode promo transmart tawar diskon tarik produk produk sembako produk rumah tangga elektronik kosmetik fesyen tambah dapat kartu kredit bank mega bank mega syariah kartu kredit bank mega khawatir unit buka instan sedia gerai cibubur central park tunggu lupa rapat transmart dekat nikmat agam promonya acd acd
SPORT,hyrox fanny ghassani pilih pace santai demam olahraga lari jalar kalang selebritas salah gari olahraga fanny ghassani kali jajal race fanny level sports enthusiast jalan debut nomor runxperience gelar oktober lari habis perdana nomor fanny temu kawasan semanggi rabu fanny langkah coba half marathon full marathon pasang target pilih nikmat lomba target sih lari tuh ingin anggap lari tuh fun gitu target tahap lari jam gitu sibuk artis salah alas fanny milik latih atur lari serius tekun olahraga beban capai lari fun aja latih kayak serius lari kerja kayak kerja kantor fanny fanny ghassani serius lari hyrox gemar fanny lari dorong butuh tingkat mampu fisik ikut hyrox kompetisi bugar madu lari latih fungsional sadar butuh fisik kuat hyrox fanny tambah latih program lari kali jajal race tingkat mampu fisik penasaran lari kayak suka lari orang suka lari serius lari hyrox hyrox delapan kali lari delapan kali station ajar lari cepat situ paksa lari ajak lari latih lari ko habis lari narik combine fanny ngoyo serius lari selebritas usia ngoyo ikut kompetisi lari kejar catat fanny sadar tuju utama olahraga laku jaga bugar sehat ekspetasinya gitu dampak hyrox lari sehat otot jantung angkat beban tulang otot bentuk latih cardionya paksa atlet kerja sadar pace santai santai pelan kencang pungkas runxperience gelar kota runxperience gelar kota surabaya juli gelar lanjut jakarta oktober surabaya runxperience gelar kawasan balai kota surabaya ikut serta ajang tanding kategori jakarta kategori sedia fun run half marathon mcy krs
SPORT,latih timnas voli putra ri target medali asi games latih timnas voli putra indonesia reidel toiran pasang target medali asi games optimistis tim kejut timnas voli putra indonesia kuat main main alam skuad dio zulfikri farhan halim fahri septian target medali anak anak semangat optimis kompetisi surprise kejut reidel temu wisma serba gbk rabu reidel tim jalan latih berat pekan manfaat maksimal kondisi fisik main berangkat asi games latih berat latih lepas fisik maksimal evaluasi fisik fase maksimal taktik reidel reidel waspada jepang india china soal saing reidel sebut jepang india china lawan berat indonesia sisi nilai performa tim alami tingkat indonesia hasil juara avc men cup tim merah putih kalah korea selatan tanding final india tim tim baik jepang india china lumayan bagus asi games indonesia gabung pool iran thailand kirgizstan reidel harap dukung masyarakat indonesia juang timnas voli putra asi games masyarakat indonesia terima kasih dukung maksimal tanding harap maju reidel mcy krs
SPORT,ambisi morgan holindo juara nasional eshark rok cup gokar muda indonesia morgan holindo puas runner eshark rok cup morgan juara putar enam kelas mini rok sirkuit karting internasional sentul bogor minggu morgan kuat dewa united motorsport team nasib sial alami mesin finis posisi morgan raih posisi kualifikasi lanjut finis sesi heat pre final morgan ngegas putar hasil aman poin finis runner national championship hasil bikin ajar kelas sd tzu chi senang musim debut alhasil morgan percaya tampil musim raih gelar juara nasional harap moga aral lintang muwujudkan morgan terang detiksport morgan sejati ikut juara dunia italia juara nasional kelas mini rok michael vino tolak tampil morgan tolak hadap uji nasional morgan kelas hadap uji nasional tingkat pasti prioritas sekolah moga juara nasional berangkat tiket hasil usaha juara nasional ayah morgan merlion sonmoahi morgan fokus tuntas didik dasar raih gelar juara nasional semangat morgan
FINANCE,biang kerok dagang tutup kios pasar nangka bungur iur cekik kondisi pasar nangka bungur mayor jakarta pusat kian sepi tinggal dagang kios bangun pasar biar kosong isi suasana hening aktivitas jual beli dagang produk cantik buka kios bangun pasar nangka bungur narita suasana sepi imbas beli merosot drastis akibat akses pasar tutup area bangun pasar lahan parkir unjung dadak area tampung relokasi dagang pasar gardu asem mayor renovasi bangun tampung pasar tutup area pintu masuk utama pasar nangka bungur area parkir sempit alhasil langgan ogah masuk bangun pasar belanja langgan bilang toko cari ujung jalan ketemu kaya gitu tutup tampung langgan toko narita temu detikcom senin akses pasar tutup bangun tampung pasar garuda asem narita banyak lapak dagang pinggir pinggir jalan pasar sendiri dagang pasal ada lapak lapak langgan motor enggan parkir masuk bangun pasar lantar barang barang beli sedia pinggir jalan orang belanja jalan situ masuk dagang kaki biar jual otomatis orang masuk malas langgan malas bilang bu masuk parkir ribet gimana coba sisi dagang buka kios bangun beban iur bulan potong pasar sepi unjung beban dagang tumpuk iur rp pasar sepi diturunin kek rp rp gitu nafas beli makan butuh rumah keluh narita alhasil dagang buka kios bangun alih buka lapak pinggir jalan pasar kondisi area pasar basah isi dagang daging sayur sepenuh kosong los los daging daging ayam ikan terang nada salah dagang sembako tahan bangun pasar nangka bungur tuti pasar sepi pindah agustus kemarin pasar gardu asem pindah suruh isi tampung agustus kemarin kosong suruh masuk agustus tahun sepi sepi orang doang tampung sepi beda ukur lebaran dikit iur sambung tuti nilai akses pasar tutup banyak lapak pinggir jalan langgan enggan masuk bangun fasilitas atm pasar kerap kali timbul baris unjung belanja sepi duit ambil parkir langsung motor henti atm kadang orang suka masuk ambil duit beli tuti bayar iur rp listrik terang beban keluar sesuai pasu rugi dah toko toko kaya nih tutup kuat banyar iur tutup lihat tempel tempel informasi tutup kios tunggak papar tuti pasrah tunggu pasar gardu asem selesai renovasi harap sisa sisa langgan belanja kios igo fdl
FINANCE,purbaya copot ekonom nilai internal dividen rp ganti kursi menteri uang purbaya yudhi sadewa suahasil nazara tuai sorot kalang ekonom faktor duga alas utama putus reshuffle direktur center economic law studies celios bhima yudistira dapat sebab utama copot purbaya menkeu kendala koordinasi internal menteri uang keluh reshuffle purbaya koordinasi internal masalah gitu ditjen bea cukai ditjen pajak ganti eselon ii restitusi pajak tahan laku usaha happy restitusi pajak tahan cek sektor sumber daya alam sektor bimo purbaya beda dapat situ bhima hubung detikcom senin urus internal kemenkeu bhima nilai tegang setor hasil dividen bumn danantara gaya pimpin purbaya picu evaluasi perintah dividen rp triliun danantara bumn setor menteri uang protes keras danantara tuh purbaya koordinasi internal gaya komunikasi buruk gitu overconfidence reshuffle ekonom senior institute development economics finance indef tauhid ahmad nilai ganti purbaya suahasil bendahara negara dinamika negara nilai ganti menkeu segar pandang langkah perintah atas fiskal perintah sosok anggap selesai problem problem timpang gitu sisi dapat negara dapat negara cepat kait kualitas belanja negara dorong tumbuh ekonomi gitu kontrol defisit tauhid tauhid sorot unggul rekam jejak suahasil orang kemenkeu milik alam wakil menteri uang era sri mulyani ganti nilai upaya segar perintah hadap tantang fiskal pimpin mantap orang orang gaya orang gitu gitu alam beliau internal perintah daya dorong ubah tahun tahun kasih presiden sambung tauhid simak video purbaya direshuffle isu internal telepon pas rapat igo fdl
FINANCE,video bijak purbaya tinjau ulang menkeu suahasil scroll tombol klik panah sisi kanan jajah feed video menteri uang menkeu suahasil nazara bijak purbaya yudhi sadewa tinjau ulang suahasil kemenkeu jalan apbn tumbuh ekonomi turut apbn stabil ekonomi masyarakat
SPORT,kevin sanjaya antusias lihat semangat talenta bulutangkis indonesia audisi pb djarum kudus kevin sanjaya momen upaya kejar mimpi audisi pb djarum kudus helat gor djarum jati rabu minggu serta asal penjuru indonesia sumatera papua mantan atlet bulutangkis indonesia nama kevin sanjaya libat tim cari bakat pb djarum sosok legenda pb djarum hadir gor jati nostalgia kali ikut audisi pb djarum senang juang adik adik gigih mentalitas tanding hasil apa lapang poin pebulutangkis andal menang takut kalah imbang kevin rilis terima detiksport antusiasme adik adik audisi kali angin segar regenerasi bulutangkis calon calon pahlawan olahraga indonesia sambung bibit potensial sebar kategori usia ku ku putra putri kudus kota tiga laksana proses seleksi pebulutangkis muda kualitas super ada pekanbaru juli makassar agustus tepat olahraga nasional ambil peran dukung maju olahraga indonesia bina atlet usia audisi pb djarum salah langkah temu talenta talenta muda potensial daerah program director bakti olahraga djarum foundation ketua pb djarum yoppy rosimin
SPORT,bni dukung skuad bulutangkis indonesia asi games pt bank negara indonesia persero tbk bni dukung juang bulutangkis indonesia panggung internasional iring tetap bulu tangkis kuat merah putih asi games aichi nagoya jepang main pilih satu bulutangkis indonesia pp pbsi main jalan debut asi games alwi farhan moh zaki ubaidillah muhammad shohibul fikri nikolaus joaquin mutiara ayu puspitasari rachel allessya rose nita violina marwah tujuh main milik alam tampil asi games jonatan christie fajar alfian leo rolly carnando daniel marthin putri kusuma wardani febriana dwipuji kusuma siti fadia silva ramadhanti corporate secretary bni okki rushartomo komposisi main alam debut proses regenerasi bulutangkis indonesia asi games aichi nagoya sempat main uji mampu tambah alam level internasional bni harap atlet kuat indonesia mampu baik hadir main alam debut regenerasi jalan jaga sinambung prestasi bulutangkis indonesia okki terang tulis rabu asi games hadir kombinasi sektor ganda campur nikolaus joaquin siti fadia silva ramadhanti jadwal tampil pasang ajang kompetisi pasang beda okki hadir kombinasi main sempat luas alam tanding tambah alternatif indonesia hadap saing level asia utama harap tim indonesia tampil maksimal nomor regu putra putri harap atlet performa baik nomor orang okki nomor regu bulutangkis asi games jadwal september lanjut nomor orang september dukung juang atlet tepat momentum olahraga nasional haornas ingat september bni haornas ingat dukung lanjut bina atlet kembang olahraga nasional bni juang atlet asi games inspirasi generasi muda prestasi bawa nama indonesia tingkat asia dunia
SPORT,hut tni riah juara tingkat nasional cabor ingat ulang hut tni komando operasi udara nasional koopsudnas resmi agenda rangkai juara olahraga tingkat nasional tni angkat udara au hadir kompetisi gengsi modern pentathlon open panah open rebut piala panglima tni delapan cabang olahraga nasional selenggara panglima tni sempat kotama gelar juara tingkat nasional rebut piala panglima tni rangka hut tni tni au amanat gelar cabang olahraga modern pentathlon panah marsdya tni minggit tribowo konferensi pers ruang leo watimena koopsudnas lanud halim perdanakusuma jakarta timur selasa acara pangkoopsudnas marsdya tni minggit tribowo damping tum mpi marsda tni ir purwoko aji prabowo mds askomlek kaskoopsudnas marsma tni ida bagus ngurah mardika putra mm marsdya tni minggit tribowo rangkai juara rancang kompetisi rutin sarana bina atlet muda pelosok tanah air sempat daerah cari bibit bibit atlet bina tingkat lokal nasional internasional harap sempat manfaat maksimal lahir atlet atlet bangga bangsa pungkas pangkoopsudnas agenda lengkap juara tingkat nasional cabor tenis open piala panglima tni september lapang tenis kawasan halim perdanakusuma jakarta sepakbola nasional piala kasau cup angkasa open september oktober lapang koopsudnas halim perdanakusuma jakarta modern pentathlon open piala panglima tni september akademi angkat udara aau yogyakarta aeromodelling september drone race oktober panah open piala panglima tni oktober lapang panah arjuna halim perdanakusuma jakarta laksana juara cabang olahraga paralayang laksana solo agustus ran bay
SPORT,jalan bilal hasan titel ufc bilal hasan tampil kesan debut mentas ufc rebut titel fighter darah indonesia jalan bilal mentas ufc pekan lawan nilson rojas kelas terbang ufc shanghai menang ko ronde bilal langsung gadang gadang bintang ufc tang duel duel menang rojas bilal masuk ranking fighter ufc tarung juluk indoninja jalan rebut titel bilal prediksi butuh tujuh tarung saing raih sabuk juara lawan fighter ranking tarung lawan tarung peringkat tarung lawan peringkat empat rebut gelar bilal hasan interview chanel youtube jaiden cable butuh tujuh tarung sabuk kelas terbang pegang joshua van bilal kejar fearless van kalah alexander pantoja ranking ufc pantoja lawan tangguh bilal hasan target
SPORT,men world tennis championship nathan barki lolos babak babak utama seri iv men world tennis championship gulir tenis tuan rumah nathan barki lolos babak laga perdana lapang bal beach country club nusa selasa nathan kejut kalah lawan unggul delap spanyol pablo perez ramos tarung set jam menit awal laga mantap nathan menang set ramos peringkat atp hasil bangkit puruk rebut set menang tinggal set tiga nathan patah arang hasil balik ramos sulit hadap tekan nathan kalah tanding mudah unggul set lawan merespon set tinggal set tiga siap matang laku turnamen kunci menang nathan rilis detiksport sektor ganda putra rafalentino ali da costa ethan david zapp tembus perempatfinal kandas lawan raghav jaisinghani udit kamboj rubber set takluk set ganda muda tuan rumah hasil menang set laga lanjut set tiga format super tiebreak motivasi main lepas rafalentino ethan sukses tutup set tiga skor sayang langkah gagal ikut rekan anthony susanto pasang ren nakamura kalah rubber set nan hsun lin kai wang unggul tiebreak set gagal tahan anthony ren ganda taiwan sukses rebut set menang super tiebreak durasi jam menit lapang
SPORT,menkomdigi imbau warga waspada dampak erupsi anak krakatau menteri komunikasi digital menkomdigi meutya hafid imbau masyarakat tenang tingkat waspada susul aktivitas erupsi gunung anak krakatau selat sunda masyarakat pantau informasi sumber percaya tenang kurang waspada masyarakat ikut arah otoritas informasi terima asal sumber percaya meutya terang tulis minggu gunung anak krakatau aktivitas vulkanik signifikan jumat malam status level iii siaga abu vulkanik deteksi sebar wilayah banten dki jakarta jawa barat erupsi sebab terbang batal timbul khawatir masyarakat akibat isu potensi tsunami timbul dentum getar wilayah jawa barat akibat aktivitas masyarakat khawatir meutya masyarakat ikut kembang aktivitas gunung anak krakatau kondisi sebar abu vulkanik sumber sumber resmi percaya kanal resmi perintah pvmbg bmkg bnpb perintah daerah instansi pasti akurat informasi milik wenang bencana gunung rap hindar misinformasi informasi sesat sebab resah meutya masyarakat sebar informasi verifikasi benar kondisi gunung anak krakatau situasi informasi timbul panik saring sharing pasti informasi terima asal sumber resmi dipertanggungjawabkan meutya meutya dorong masyarakat tenang tingkat waspada warga tinggal wilayah dampak abu vulkanik waspada tenang mudah percaya informasi sumber masyarakat wilayah dampak abu vulkanik meutya imbau langkah jaga selamat sehat masker aktivitas rumah masker kn bantu nyaring partikel abu vulkanik kacamata lindung hindar guna lensa kontak softlens kondisi udara pengaruh abu vulkanik tiga kurang aktivitas ruang buka perlu desak masyarakat saran ruang batas papar abu vulkanik empat masyarakat kendara kurang cepat tingkat waspada abu vulkanik kurang jarak pandang muka jalan licin cuci tangan wajah aktivitas ruang pasti sumber air bersih lindung papar abu meutya imbau masyarakat wisatawan nelayan dekat kawasan gunung anak krakatau aktivitas radius kilometer kawah aktif sesuai rekomendasi pvmbg selamat utama panik waspada jaga selamat sehat pungka meutya komdigi sls
FINANCE,suahasil detik detik lantik menkeu ganti purbaya menteri uang suahasil nazara buka buka detik detik tugas bendahara negara hubung lantik ganti posisi purbaya yudhi sadewa pagi lantik sore wib istana setel jas lengkap dasi biru proses pagi lantik sore suahasil lantik istana negara jakarta pusat senin konfirmasi telpon bilang istana lantik aku hadap prabowo sebentar jam hadir istana lantik wib telepon istana hadap presiden suahasil ara
FINANCE,video prabowo suahasil jaga apbn sehat biar jalan program prioritas scroll tombol klik panah sisi kanan jajah feed video suahasil nazara resmi lantik menteri uang menkeu ganti purbaya yudhi sadewa suahasil ungkap arah khusus presiden prabowo subianto menkeu suahasil jaga apbn sehat kredibel jalan program prioritas perintah
SPORT,men world tennis championship wakil ri seri men world tennis championship pasuk tenis indonesia raih hasil maksimal top babak itf world tennis tour bal beach country club nusa selasa nathan barki hadap tenis taiwan kai wang babak nathan tampil cerdik paksa kai wang main pola reli reli suka alhasil tenis salah buat takluk tempo menit main nyaman rileks strategi tim latih jalan sesuai rencana lawan tekan keluar main baik nathan rilis detiksport sektor ganda putra tampil impresif rafalentino ali da costa ethan david zapp lanjut seri lolos kalah anthony susanto yan chen cheng ethan rafalentino final seri iv pekan tampil dominan serang serang pola kembali bola servis sulit menang sayang sukses rafalentino ethan ikut kompatriot ethan jake frans ragil putra kareem abdul hakim partner tenis hungaria andrez nech langsung kandas babak tanding lapang ethan ragilyang tantang unggul tiga nick beamish matthew shearer selandia kalah tempo jam menit pasang gado gado indonesia hungaria kareem abdul hakim andrez nech takluk unggul empat arjun mehrotra ryotaro taguchi skor
FINANCE,perintah dorong bangun lanjut ri menteri rencana bangun nasional kepala badan rencana bangun nasional rachmat pambudy arah bangun lanjut indonesia dorong sektor cepat dekarbonisasi industri kuat daya saing hilir fokus cepat dekarbonisasi industri kuat daya saing hilir respons cakup kuat ukur verifikasi jejak karbon cepat manfaat energi baru diversifikasi pasar ekspor luas akses biaya hijau langkah serta efisiensi energi elektrifikasi proses produksi tahap sesuai karakteristik kesiap industri terang tulis minggu kembang ekonomi biru kuat tahan pangan masyarakat pesisir tiga terap prinsip ekonomi biru hijau sirkular pariwisata empat luas biaya mitra bawa inovasi skala bridge builder indonesia hubung biaya global proyek hijau biru negeri dorong environmental social innovation awards ensia upaya dukung capai bangun lanjut inisiatif kuat inovasi lingkung sosial relevan butuh bangun indonesia turut hasil inovasi cermin baik kualitas lingkung kuat usaha tingkat mampu masyarakat hadap ubah kualitas lingkung tahan masyarakat strategi tumbuh ekonomi investasi giat produksi jaga sumber daya alam topang bangun manfaat masyarakat direktur utama pt sucofindo persero sandry pasambuna ensia bentuk komitmen usaha dorong budaya inovasi lanjut indonesia selenggara ensia ajang apresiasi usaha local hero hasil hadir inovasi lingkung sosial dampak nyata masyarakat lingkung fokus inovasi ensia arah isu isu strategis nasional tahan pangan kelola sampah transisi energi bersih milik dampak langsung bangun indonesia terang sandry pasambuna lanjut ajang ensia wadah inovasi dampak masyarakat buka peluang ekonomi kuat tahan komunitas luas dorong dunia usaha inovasi dampak positif kualitas lingkung sosial mandiri jadi masyarakat tangguh bangun nasional sandry pasambuna harap ensia kembang platform inovasi lanjut inklusif dampak lingkung sosial tingkat bangun indonesia tangguh lanjut usaha komunitas local hero libat hadir inovasi tantang solusi lingkung sosial nyata tutup acd acd
FINANCE,purbaya ganti suahasil danantara setor dividen rp apbn badan kelola investasi daya anagata nusantara danantara setor dividen rp triliun kas negara wacana purbaya yudhi sadewa menteri uang lantas wacana realisasi purbaya ganti suahasil nazara lantik istana negara ceo danantara ros roeslani aku diskusi suahasil bilang temu suahasil pekan bicara bicara menteri uang menkeu minggu ros kompleks istana presiden jakarta pusat senin agustus purbaya bahas dividen masuk kocek negara bahas ros roeslani perintah tinggal tunggu eksekusi transfer dana bahas tinggal tentu ngirim aja rp triliun putus presiden purbaya kantor jakarta pusat jumat purbaya besar setor danantara angin segar fiskal negara banding terima dividen capai rp triliun dapet rp triliun dividen tingkat rp triliun bagus tingkat rugi perintah rugi dapat rugi nambah beber purbaya ara
SPORT,ganda campur indonesia rombak main sektor ganda campur alami ombak main kali dejan ferdinansyah pasang felisha alberta nathaniel pasaribu umum pbsi kepala latih ganda campur nova widianto dejan felisha ubah bagas maulana tandem indah cahya sari jamil eks ganda putra pasang apriyani rahayu indah partner nawaf khoiriyansyah tiga racik debut turnamen internasional bulutangkis dejan felisha tampil denmark open bagas apri indonesia international challenge surabaya nawaf indah laga perdana pasang malaysia super cari format baik sektor ganda campur kombinasi pasang dejan felisha bagas apriyani nawaf indah coba nova terang pbsi selasa main turnamen hasil chemistry komunikasi pola main konsistensi lapang situ evaluasi nova ombak program jangka olimpiade mudah mudah proses format pasang kompetitif depan harap nova
FINANCE,video suahasil sambut riah pegawai kemenkeu lantik ganti purbaya scroll tombol klik panah sisi kanan jajah feed video suahasil resmi lantik presiden prabowo subuanto senin september ganti purbaya yudhi sadewa lantik menteri suahasil nazara wakil menteri uang ri
FINANCE,kapal pertamina trans kontinental siap armada pt pertamina trans kontinental ptk rencana tambah kapal baru modernisasi armada usaha milik kapal sewa kapal direktur utama ptk harris abdi sembiring meliala tambah kapal remaja modernisasi armada harris langkah tingkat mampu operasional ptk dukung layan langgan kuat modernisasi digitalisasi green supporting vessel ptk harris sambut syukur hut ptk kantor ptk jakarta rabu september ptk anak usaha pt pertamina persero gerak bidang jasa maritim usaha diri nama pt pertamina tongkang sedia jasa kapal pandu tunda nama usaha ubah pt pertamina trans kontinental bisnis ptk cakup sedia operasional kapal tunjang kelola labuh layan maritim pangkal logistik pesisir wilayah indonesia tambah baru armada ptk kembang guna teknologi operasional kapal harris digitalisasi terap fungsi kerja usaha ptk jaga kualitas layan remaja modernisasi aset aset digitalisasi operasi ptk milik digitalisasi fungsi kerja aplikasi tingkat artificial intelligence ai sehinga bantu manajemen ambil putus harris ptk kembang kapal teknologi rendah emisi salah satu transko rajawali kapal tunda bahan bakar ganda kapal bahan bakar solar lng guna bahan bakar ganda salah langkah ptk kurang emisi operasional kapal juni ptk pasang bangkit listrik tenaga surya plts kapal oil barge ob patra usaha guna plts kurang emisi ton co kurang konsumsi diesel ptk uji coba battery management system bms kapal kembang teknologi dukung green shipping harris modernisasi armada digitalisasi kembang iring butuh bisnis ptk harris harap rencana dukung pegang saham manajemen perwira kerja ptk stakeholder dukung upaya maju ptk kembang maju unggul dorong industri maritime indonesia ber fdl fdl
FINANCE,suahasil ganti purbaya menkeu suahasil nazara resmi lantik presiden prabowo subianto menteri uang ganti purbaya yudhi sadewa suahasil jabat wakil menteri uang lantik suahasil istana negara jakarta pusat senin lantik putus presiden henti angkat kabinet merah putih sisa jabat setia undang undang dasar negara republik indonesia jalan atur undang undang lurus lurus darmabakti bangsa negara jalan tugas jabat junjung etika jabat baik penuh tanggung prabowo sumpah jabat ikut suahasil ucap sumpah suahasil lantik menteri uang menandatangani berita acara ambil sumpah acara lantik beri ucap selamat presiden prabowo simak video purbaya resmi serah jabat menkeu suahasil ara
SPORT,asi games putri kw pede komposisi regu putri putri kusuma wardani percaya komposisi regu putri pilih pbsi asi games sebut chemistry klop bulutangkis indonesia kirim wakil tampil aichi nagoya september oktober atlet sektor regu putri putri kw thalita wiryawan ni kadek dhinda mutiara ayu puspitasari rachel allessya rose febi setianingrum febriana dwipuji kusuma meilysa trias puspitasari siti fadia silva ramadhanti nita violina marwah putri nilai komposisi skuad bulutangkis indonesia kombinasi main senior junior temu kendala bangun koneksi tim alam laga juara regu nilai bentuk kompak atlet tim komposisi kuat sih lumayan kali regu ketemu chemistry nya tunggal ganda putri terang kutip selasa rangkai program latih pelatnas jalan lancar kondusif jelang berangkat jepang porsi latih tim nasional fokus kuat sektor arah tim latih kurang tanding tanding asi games tingkat peta saing asi games putri kw nilai kuat sektor tunggal putri kawasan asia golong rata waspada kuat main negara negara papan china jepang korea selatan kuat asi games rata asia china jepang korea selatan sih kuat pebulutangkis peringkat dunia pasang target ajang asi games pribadi putri ambisi lang babak diri podium jalan target medali canang pp pbsi harap moga tim bulu tangkis indonesia medali pribadi sumbang medali indonesia ajang asi games pungkas putri lihat video hong kong open sabar reza putri kw tumbang final
FINANCE,harga emas turun rp gram harga emas antam alami turun lanjut tren lemah pekan kemarin senin harga emas antam karat turun rp gram rp gram situs logam mulia antam senin satu harga emas kecil ukur gram angka rp harga emas gram jual harga rp ukur emas besar gram kg banderol rp tarik pek harga emas antam rentang rp gram bulan harga emas antam gerak rentang rp gram harga emas buyback emas antam turun rp level rp gram harga buyback jual emas antam bel harga sesuai atur menteri uang pmk nomor beli emas batang kena pph potong pajak rendah serta npwp transaksi rincian harga emas antam gram gram senin harga emas gram rp harga emas gram rp harga emas gram rp harga emas gram rp harga emas gram rp harga emas gram rp harga emas gram rp harga emas gram rp harga emas gram rp harga emas gram rp harga emas gram rp harga emas gram rp rincian harga emas keluar antam gram gram senin lihat video harga emas antam ambruk hrp fdl
SPORT,romy tahrizi juara nasional shifter dewa united juara nasional gokart enam putar hadir saing ketat seri romy tahrizi hasil juara nasional shifter dewa united motorsport juang musim pasti raih romy final race round september balap profesi lawyer kantor ahhn lawyers tempat posisi klasemen selisih poin puncak klasemen tampil konsisten aman posisi balap romy hasil unggul saing dekat kumpul poin musim hasil antar puncak klasemen juara nasional gokart kelas shifter capai hasil proses mudah balap usia salah balap senior kelas shifter romy kondisi fisik mental optimal balap gokart intensitas butuh stamina konsentrasi daya tahan fisik prima hadap rangkai kompetisi musim enam putar januari september romy catat menang kali finis runner kali gagal selesai balap toreh romy hasil koleksi podium gelar juara nasional shifter performa romy lepas dukung penuh dewa united motorsport konsisten siap setting gokart baik putar kolaborasi balap tim salah faktor jaga performa aman gelar juara nasional bahagia lengkap hasil romy antar dewa united motorsport juara nasional tim juara nasional gokart romy balap dewa united motorsport kenal sebut anak dewa hasil kontribusi capai saing putar kondisi penuh tantang balap ancam tiada akibat abu vulkanik erupsi anak krakatau capai kawasan sentul karting circuit kondisi muka lintas debu jarak pandang balap batas alami tunda jam balap langsung tanggulang organizer tugas madam bakar semprot muka lintas kondisi tambah tantang balap tentu strategi jaga konsentrasi balap gelar juang mudah musim jaga konsistensi fisik jaga fokus evaluasi seri seri saing kelas shifter ketat jaga kondisi sibuk lawyer romy tahrizi nyata resmi syukur kerja keras tim buah hasil terima kasih besar dewa united motorsport support setting baik seri gelar milik milik tim keluarga sponsor dukung romy hasil raih gelar juara nasional jalan motivasi hadap tantang jadi capai motivasi kembang target tahan gelar sempat coba kompetisi level internasional percaya keras ajar mudah serah capai mudah mudah prestasi baik dewa united motorsport romy romy tahrizi tekad tahan gelar juara nasional buka peluang tampil kompetisi gokart internasional komitmen jalan dewa united motorsport percaya dukung musim capai romy apresiasi jajar dewa united motorsport sponsor keluarga kerabat dukung percaya jalan kompetisi hasil raih gelar juara nasional shifter
SPORT,tekad alwi farhan lampau batas asi games momen debut asi games sia sia alwi farhan pebulutangkis tunggal putra indonesia tekad habis habis uras mampu hasil baik aichi nagoya nge push limit hari alwi terang selasa alwi asi games turnamen status multievent besar asia atmosfer beda sakral ambisi capai target pebulutangkis sebut multievent panggung istimewa orang dapat multievent sembarang orang pilih tuhan juara selagi doa usaha hasil baik alwi duduk peringkat dunia bwf alwi aku matang aspek siap jelang debut alhamdulillah siap bagus siap segi mental fisik pikir fokus utama jelang juara pesta olahraga asia harap lampau batas maksimal mampu tanding pbsi patok target emas nomor regu putra orang alwi pasang target pribadi medali sektor kejut tutup raih gelar juara matang segi mental mohon doa dukung pungkas alwi asi games aichi nagoya september oktober bulutangkis indonesia turun wakil putra putri simak video alwi bayang juara indonesia masters
FINANCE,tiktok shop tahan saldo blokir akun seller menteri umkm buka suara menteri usaha mikro tengah umkm maman abdurrahman tanggap adu laku usaha mikro tengah umkm tahan saldo blokir platform tiktok shop adu umkm komisi vii dpr ri maman proses selesai jalan maman perintah ambil peran tengah dekat utama proses ada perintah konteks maman temu gedung dpr ri jakarta pusat senin perintah tindak fasilitator mediasi selesai sengketa commerce jual seller langkah nilai efektif cepat banding tempuh jalur hukum harap proses hukum cepat proses mediasi ngapain proses hukum maman opsi jalur hukum siap proses mediasi temu jalan buntu maman sebut selesai tempuh jalur hukum proses hukum jalan tempuh salah solve proses adil hukum beber komisi vii dpr ri terima adu laku usaha mikro tengah umkm duga beku akun platform media sosial commerce adu adi dpc bekas raya gera ekonomi kreatif nasional gekrafs dpc kota bekas lapor wakil umkm audiensi estimasi total saldo tahan proyeksi capai rp triliun laku usaha dampak indonesia menindaklanjuti adu komisi vii dpr ri panggil kelola platform digital executive director tokopedia tiktok commerce indonesia stephanie susilo tangguh sifat tekan jual seller beli mitra platform commerce keluh tanggap serius tindak tangguh dana sifat laku lindung jual beli stephanie rapat dengar dapat komisi vii dpr ri jakarta pusat selasa telusur seller dana total tahan saldo rp miliar rp triliun lapor data seller telusur dana total rp miliar rp miliar fraud banding angka edar beber acd acd
FINANCE,rupiah kuat dolar turun rp pagi rupiah alami kuat dolar amerika serikat pagi dolar level rp lansir data dagang bloomberg senin dolar lemah poin dolar parkir level rp pekan dolar lemah pekan sentuh level rp jelang pekan mata uang negeri paman sam tekan rupiah level rp simak video bi dolar tembus rp beda acd acd
SPORT,atlet muda modern pentathlon sempat karier militer modern pentathlon tanding momen ulang hut tni ketua urus pusat modern pentathlon indonesia pp mpi marsekal muda marsda tni purwoko aji prabowo apresiasi modern pentathlon cabang olahraga olimpiade gabung disiplin beda anggar renang lari tembak rintang obstacle ganti disiplin kuda modern pentathlon indonesia open rebut piala panglima tni jadwal akademi angkat udara aau yogyakarta september hormat modern pentathlon delapan cabang olahraga tanding rangka ingat hut tni sukses modern pentathlon indonesia open rebut piala panglima tni purwoko aji prabowo damping panglima koopsudnas pangkoopsudnas marsekal madya marsdya tni minggit tribowo ada modern pentathlon indonesia open wujud gema bina modern pentathlon bentuk karakter generasi muda disiplin daya juang talenta juara sambung wawancara medai ruang leo watimena koopsudnas lanud halim perdanakusuma jakarta timur selasa purwoko aji prabowo kabar gembira atlet muda modern pentathlon tampil rebut piala panglima tni pp mpi awal fasilitas menang kategori milik minat lanjut karier dunia militer jalur prestasi buka sempat juara kategori tarik gabung anggota tni coba fasilitas sempat panglima tni buka lebar bibit bibit muda prestasi pungkas marsda tni purwoko aji juara piala panglima tni buka saing kategori senior putra putri nomor utama uji tahan fisik mental atlet liput pentathlon triathle biathle purwoko aji menyampaiakan kembang prestasi modern pentathlon indonesia alami tingkat prestasi signifikan sea games thailand timnas modern pentathlon indonesia sumbang medali emas perak perunggu pp mpi atlet tampil asi games aichi nagoya atlet modern petathlon indonesia maksimal baik tampil asi games khusus modern pentathlon indonesia open harap muncul bibit bibit potensial bina siap hadap single multi event internasional tutup
SPORT,rizki juniansyah debut asi games kelas kg rizki juniansyah jalan debut asi games raih medali emas olimpiade paris aku pulih persen alami cedera bahu rizki tampil kelas kg putra salah andal angkat besi indonesia raih medali asi games aichi nagoya jepang alhamdullilah untui asi games pulih angkat insyaallah tanding maksimal asi games rizki temu wisma serba gbk rabu beda olimpiade paris rizki turun kelas kg asi games raih emas olimpiade tampil kelas kg asi games main usus buntu absen alhamdullilah asi games turun kelas kg change senior rahmat erwin abdullah jatah orang kelas kg rizki juniansyah berat badan power rizki usia naik kelas perkara mudah sesuai berat badan tingkat power hadap saing kelas kg berat lawan lawan jaga pola makan naik berat badan tingkat nutrisi protein makan latih full power tiga kondisi naik berat badan power manfaat tanding rizki berat badan kg capai kg jujur berat badan kg nyampe kg tanding maksimal berat badan rizki waspada negara soal peta saing kelas kg rizki sorot negara nila tantang berat korea utara china iran thailand korea selatan saing berat rizki tekad performa baik status raih medali emas olimpiade ekspektasi beban motivasi semangat tanding jadi beban beban jelek tanding enjoy negara target emas pb pabsi enjoy jalan usaha baik indonesia pungkas mcy krs
SPORT,cdm todotua monitoring kondisi nagoya chef de mission cdm indonesia todotua pasaribu memonitoring kondisi nagoya jepang jelang asi games banjir timpa kota tekan todo sapa karib kait kontingen indonesia tampil asi games kutip laman straitstimes ratus atlet asi games jepang evakuasi inap akibat hujan lebat landa kota tuan rumah nagoya kompetisi september air hujan rembes venue tanding prakira cuaca hujan mm hujan turun jam nagoya september dorong jabat perintah kota keluar perintah evakuasi wilayah kota memonitoring malam kondisi pagi perintah nagoya ofisial perintah provinsi nagoya keluar warning lock giat nagoya todotua temu wisma serba gbk rabu kondisi todo dampak kontingen indonesia hadir nagoya timnas basket kontingen cabor indonesia terbang nagoya tolak senin malam surabaya singapura jepang selasa impact nya hadir tim manajer pikir cari latih darurat prinsip putus perintah provinsi nagoya lock sport layan sekolah todo monitor kembang panitia menpora monitor kondisi pungkas todotua simak video bicara kesiap atlet asi games mensesneg siap
FINANCE,ihsg balik kuat prabowo lantik suahasil ganti purbaya indeks harga saham gabung ihsg hasil mangkas lemah anjlok jelang tutup dagang senin indeks saham balik kuat presiden prabowo subianto resmi lantik suahasil nazara menteri uang menkeu ganti purbaya yudhi sadewa data rti business ihsg tutup lemah tipis level dagang sore indeks saham lemah level jelang tutup dagang ihsg kuat level tinggi intraday level prabowo resmi lantik suahasil menkeu istana negara jakarta sore volume dagang catat miliar nilai transaksi rp triliun catat frekuensi saham dagang kali saham kuat saham lemah saham gerak stagnan kumulatif dagang pek ihsg catat lemah informasi suahasil menkeu putus presiden henti angkat kabinet merah putih sisa jabat lantik langsung prabowo ganti purbaya jabat menkeu setia undang undang dasar negara republik indonesia jalan atur undang undang lurus lurus darmabakti bangsa negara jalan tugas jabat junjung etika jabat baik penuh tanggung prabowo sumpah jabat ikut suahasil ahi ara
SPORT,foto sport kyrgyzstan pandang udara venue vi world nomad games kyrchyn gorge issyk kul kyrgyzstan ajang budaya olahraga nomaden foto sport kyrchyn gorge panggung world nomad games jumat sep wib suka artikel artikel simpan
FINANCE,kmp virgo transport usia pakai jepang kmp virgo transport angkut tumpang balik tenggelam laut jawa insiden kapal hadap cuaca buruk jalan surabaya banjarmasin kmp virgo kapal milik historis dunia layar data marinetraffic kutip detikjatim senin kapal puluh operasi jepang layar laut indonesia virgo transport kapal tumpang bangun hitung kapal usia kapal bangun shin kurushima onishi shipyard galang kapal imabari jepang data sedia kapal catat layan rute kokura matsuyama juni nama layan ferry kurushima operasional jepang kapal pindah indonesia kapal operasi nama virgo transport juli kapal layan jalan pulang pergi rute surabaya banjarmasin indonesia kapal milik operasi pt virgo karya shipping vks usaha layar kantor jalan perak barat surabaya jawa timur konfirmasi pisah kapal ketua dewan pimpin pusat gabung usaha nasional angkut sungai dpp gapasdap khoiri soetomo aku dengar kabar kmp virgo transport kapal bekas riwayat lengkap milik ubah nama modifikasi proses masuk indonesia konfirmasi dokumen registrasi resmi kapal khoiri hubung detikcom sisi industri layar guna kapal bekas pre owned vessel praktik wajar praktik khoiri indonesia negara kapal rancang milik umur operasional ukur selamat mata kapal bekas kondisi aktual kapal laik laut rawat penuh tentu selamat khoiri ara
SPORT,motogp indonesia sukses lintas motogp indonesia gelar oktober siap event jalan sukses lintas motogp balap gelar oktober sirkuit mandalika lombok ntb mandalika seri balap musim saing prediksi ketat indonesia tuan rumah main main lintas injourney tourism development center itdc panitia lokal kolaborasi swasta bumn panitia atur aspek krusial cakup akomodasi transportasi konektivitas logistik itdc isu akomodasi transportasi sorot publik antisipasi skema integrasi susun mitra bank travel agent partner strategis salah satu itdc mandalika grand prix association mgpa paket hubung tiket balap komponen jalan sulit akomodasi sulit transportasi jawab ditandatangani sore direktur utama itdc troy warokka rilis detiksport skema liput akomodasi transportasi udara laut layan airport hospitality travel package kerjasama cakup tangan kargo anggap elemen operasional gelar aktivitas cargo handling gerak minggu motogp indonesia butuh logistik jalan motor lengkap tim balap motogp troy motogp olahraga bisnis motogp dorong pariwisata ekonomi tingkat kunjung wisatawan panjang length stay ungkit tourism spending troy selenggara motogp hasil dampak ekonomi rp triliun efek rasa mandalika jalar daerah indonesia troy harap pola kolaborasi bangun motogp mandalika lanjut jangka troy nilai dukung perintah bumn sektor swasta masyarakat faktor motogp gelar indonesia dampak ekonomi bangun ekosistem integrasi dampak motogp indonesia henti sirkuit dorong gera wisatawan panjang tinggal tingkat belanja wisatawan manfaat luas industri pariwisata masyarakat lombok sambung masyarakat saksi langsung balap mandalika presale september potong harga kategori grandstand kategori vip hospitality harga tiket tonton motogp indonesia regular grandstand zona rp premium grandstand zona rp premium grandstand zona rp vip hospitality deluxe class rp vip hospitality luxury tent rp
SPORT,men world tennis championship ganda indonesia tembus final pasang rafalentino ali da costa ethan david zapp selang gelar juara men world tennis championship lolos final laga semifinal seri iv itf world tennis tour bal beach country club jumat rafalentino ethan hadap unggul empat sebastian grundtvic jorgensen ryotaro taguchi rafalentino ethan main prima dar set menang pasang gado gado denmark jepang takut laden lawan sebastian ryotaro yan peringkat menang rafalentino forehand backhand mati ethan cegat voli net paksa sebastian ryotaro kalah skor total durasi tanding jam menit set rafalentino sebut menang jado kado ulang rekan mewanti wanti waspada anggap remeh lawan final menang kado baik ultah ethan david rekor sendiri capai final kali nomor ganda rafalentino rilis detiksport harrus fokus lengah gamenya faktor menang sambung ethan puji semangat rafalentino mampu rekan atur strategi poin poin kritis bagus hadap tekan bantu fokus final papar ethan laga final sabtu besok tantang unggul alexander changpablo perez ramos pasang gado gado amerika serikat spanyol sukses sudah shanker heisnam karan singh india sektor tunggal putra tuan rumah indonesia gagal tempat wakil babak semifinal nathan barki paksa serah set langsung tenis india karan singh tarung jam menit karan singh unggul empat temu ryotaro taguchi tenis jepang menang rubbet set hayden jones
FINANCE,bebas cemas alas cicil emas gadai cocok mula ingat literasi internasional momentum sorot rendah paham finansial masyarakat orang investasi kandas akibat bingung pilih instrumen takut tel rugi kondisi wajar marak tawar investasi bodong kedok untung instan melek finansial dasar proses rumit bingung kunci utama cerdas pilih instrumen investasi sederhana risiko ukur masyarakat anjur sisih dana aset safe lindung nilai logam mulia emas instrumen investor mula nilai aset bukti cenderung stabil rangkak jangka kalah inflasi butuh investasi emas praktis pt gadai hadir layan cicil emas alas produk pilih baik langkah cerdas finansial bebas cemas sandung investasi bodong aman transaksi cicil emas gadai awas langsung otoritas jasa uang ojk emas fisik asuransi biaya fasilitas tidur tenang takut tipu janji untung palsu modal jangkau tunggu tabung gunung milik emas batang murni karat layan tawar mudah uang muka ringan uang muka persen investasi pertama cicil fleksibel produk sedia rentang angsur fleksibel sesuai besar cicil mampu dompet angsur nila ganggu arus kas bulan pilih keping agam bebas tentu ukur keping sesuai target finansial gram gram gadai sedia pilih antam ubs galeri lotus archi emas fisik langsung serah cicil lunas produk sedia rentang angsur fleksibel sesuai besar cicil mampu finansial angsur nila ganggu arus kas bulan
SPORT,wec wrt raba cota hasil free practice team wrt tuntas sesi latih bebas jelang balap hours cota raba saing lintas circuit americas cota austin saji balap sengit kelas fia world endurance championship wec hypercar lmgt baca sesi latih jumat fp ferrari dominan kelas hypercar selesai sesi aston martin ganti cepat fp kelas lmgt mclaren finis sesi mercedes aston martin lengkap perkasa fp kelas hypercar cepat kelas lmgt heart racing team patri ikut mobil mercedes mobil mclaren hasil tim guna aston martin mclaren mercedes saing menang lone star le mans hours cota mobil mobil amerika taji corvette ford hasil tembus mengingt corvette pimpin klasemen lmgt hasil cota buru gelar juara sengit musim team wrt pilih jalur beda tatap lomba wrt sean darren augusto farfus fp fp mobil wrt finis posisi kembar fp signifikan top speed bantu cota ideal susul tikung top speed bagus sempat buka susul naik moral fp top speed bmw saing aston martin milik cepat maksimal jumat aston martin sentuh km jam bmw km jam sabtu golong pendek latih durasi jam wrt sean coba saing top qualifying lolos hyperpole race hours cota siar langsung kanal youtube kuy entertainment senin wib
FINANCE,awas etle ribu langgar truk odol menteri hubung evaluasi uji coba electronic traffic law enforcement etle hub sistem awas tega hukum truk dimension load odol agustus september hasil kendara deteksi langgar angkut barang unit laksana timbang kendara motor uppkb ruas akses jalan tol hubung data direktorat lintas jalan direktur jenderal hubung darat kemenhub aan suhanan deteksi nomor polisi tanda nomor kendara motor tnkb unik aan deteksi kendara rekam kali pola deteksi ulang salah temu tnkb unik nomor polisi tnkb deteksi kali kendara deteksi ulang langgar kelompok hasil deteksi aktivitas deteksi empat kendara unik hasil paruh deteksi aan acara evaluasi terap etle hub awas kendara dimensi muat kantor kemenhub jakarta senin sisi jenis langgar aan deteksi besar kait dokumen daya angkut deteksi langgar kait dokumen catat deteksi langgar kait daya angkut capai deteksi administrasi lengkap langgar langgar daya angkut dokumen daya angkut langgar langgar dokumen aan lapor konfirmasi proses verifikasi kirim surat konfirmasi langgar jenis langgar aan tagih langgar administratif langgar odol masuk tahap tagih langgar dokumen selesai bayar denda tilang terang aan hasil etle hub gambar pola kendara badan usaha lokasi tingkat parah langgar dukung target indonesia bebas odol dimension loading harap januari temu kendara kendara loading menteri hubung kemenhub resmi luncur sistem electronic traffic law enforcement hub etle hub sistem awas tega hukum truk dimension load odol sistem awas truk odol tahap sosialisasi desember menteri hubung menhub dudy purwagandhi sistem awas truk truk lintas jalan nasional kena denda langgar atur dimensi beban muat angkut laku etle hub harap wujud zero odol wujud harap dukung stakeholder jalan program dudy konferensi pers kantor jakarta pusat senin januari dudy sanksi surat tilang kena denda sidang besar denda kena gantung hasil sidang adil dudy terbit beri surat tilang milik kendara wajib setor dana rp ribu dana titip dana bayar denda besar tetap sidang denda kena dana titip sisa uang kembali hrp fdl
SPORT,mala cup padel ikut serta padel semarak hadir agam turnamen mala cup padel tournament suguh tarik ajang gelar pipc arteri kebayoran jakarta selatan tanggal september mala cup padel tournament ikut serta hadir saing lapang turnamen tawar hadiah tarik total uang tunai capai rp juta panitia koper doorprize sempat jalan ibadah umrah arab saudi ceo mala tour travel muhammad castallani madu olahraga gaya hidup sehat jalan spiritual mala tour travel usaha gerak layan umrah haji usaha dorong kembang olahraga padel indonesia hype cipta gaya hidup sehat kalang masyarakat luas masyarakat muslim muhammad castallani konferensi pers pipc arteri sabtu turnamen hadir kompetisi kompetitif hibur main alam tanding seru tonton nikmat atmosfer tanding positif sambung kategori mala cup padel tournament women lower bronze mixed lower bronze mixed bronze mens lower bronze mens bronze proses kuras serta sesuai prosedur kompetisi skema kerja gen padel salah komunitas padel diri total hadiah cash rp juta hadiah koper tarik turnamen padel indonesia hadiah koper muhammad castallani ceo shiratha aan yugiastomo sponsor utama mala cup harap kolaborasi masyarakat kontribusi maju padel indonesia kolaborasi bawa dampak positif serta masyarakat luas harap turnamen lancar serta happy panitia rekan rekan media senang jalan event moga bawa dampak dunia olahraga padel hype indonesia
FINANCE,jas lengkap suahasil nazara rapat istana wakil menteri uang suahasil nazara siang panggil istana presiden jakarta pusat kabar suahasil lantik isi jabat suahasil wib senin jas lengkap das biru lantik jabat enggan bicara telepon istana singkat menteri koordinator bidang pmk pratikno hadir istana jas lengkap pratikno benar agenda lantik lantik undang lantik tunggu singkat ara
FINANCE,menhub insiden kapal virgo perintah investigasi menteri hubung dudy purwagandhi buka suara nsiden kapal tumpang kmp virgo transport hilang kontak air laut jawa kapal alami insiden listing miring dudy duka cita dalam insiden awal proses tangan musibah duka cita dalam keluarga korban menteri hubung stakeholder awal proses tangan musibah tahap selesai laksana dudy terang video minggu komisi nasional selamat transportasi knkt langsung terjun investigasi sebab insiden maut tewas orang sebab musibah perintah investigasi proses laksana knkt sesuai wenang dudy sempat knkt profesional independen basis data fakta hasil investigasi dasar baik selenggara selamat layar kmp virgo transport bawa total orang kru mitra kerja kapal tumpang dewasa anak anak sopir kernet kapal bawa unit kendara orang evakuasi nyata selamat tumpang tewas insiden acd acd
FINANCE,pakai ganjil genap pertamina antre spbu makassar landai pt pertamina patra niaga antre kendara spbu kota makassar tahap landai pertamina upaya optimalisasi pasok layan bbm perintah provinsi sulawesi selatan salah bentuk kolaborasi perintah provinsi sulawesi selatan laku sistem ganjil genap isi bbm spbu atur bantu atur antre kendara dukung lancar layan masyarakat lapang antre spbu makassar tahap landai langkah kuat pasok layan kolaborasi perintah provinsi sulawesi selatan dukung lancar layan bbm masyarakat kitty andhora vp corporate communication pertamina patra niaga terang minggu sisi operasional pertamina patra niaga kuat pasok distribusi mobil tangki operasi jam spbu makassar operasi jam akses layan luas masyarakat optimalisasi layan tambah nozzle bbm subsidi operator spbu pertamina patra niaga tambah titik distribusi operasi unit spbu modular dukung penuh butuh bbm masyarakat langkah laku pasok layan jalan optimal pantau kondisi lapang sesuai sesuai butuh masyarakat oleh bbm lancar kitty pertamina patra niaga paham bbm butuh masyarakat tunjang mobilitas aktivitas hari optimalisasi pasok distribusi layan lanjut sesuai kondisi lapang apresiasi dukung perintah provinsi sulawesi selatan masyarakat ikut tentu arah tugas lapang kolaborasi harap dukung lancar layan bbm masyarakat makassar pertamina patra niaga upaya layan baik distribusi bbm jalan optimal butuh masyarakat penuh aktivitas hari jalan lancar tutup kitty acd acd
SPORT,timnas voli putra putri indonesia bidik asi games timnas voli putra indonesia tempur tekad harum nama bangsa asi games boy arnez kawan kawan percaya sembah hasil baik asi games aichi nagoya september oktober timnas voli putra siap bulan penuh fisik mental kapten timnas voli putra boy arnez kendala pelatnas chemistry tim bentuk siap bulan chemistry tim solid tinggal benah salah salah game optimis main asi games boy temu kawasan jakarta selatan jumat asuh latih reidel toiran skuad garuda gembleng habis habis latih intensif uji coba lawan kamboja gembleng sih fisik mental tinggal asi games gimana boy alas boy siap toreh hasil juara avc men volleyball cup india asi games tim voli putra indonesia gabung grup iran thailand kirgistan timnas voli putra sektor putri maradanti tim putri bicara multievent besar asia tim putri indonesia masuk grup jepang nepal siap sih asi games udah ikut tanding internasional sparing sparing tim papar rara lawan lawan hadap aichi nagoya rara boy target lolos delapan tahap masuk pikir masuk babak step step rara
FINANCE,spbu buka jam antre bbm makassar urai antre kendara spbu wilayah kota makassar tahap landai kondisi jalan upaya optimalisasi pasok bbm pt pertamina patra niaga perintah provinsi sulawesi selatan vp corporate communication pertamina patra niaga kitty andhora antre spbu makassar tahap landai langkah kuat pasok layan kolaborasi perintah provinsi sulawesi selatan dukung lancar layan bbm masyarakat kitty terang tulis minggu salah bentuk kolaborasi pemprov sulsel laku sistem ganjil genap isi bbm atur khusus spbu bantu pecah antre kendara motor langkah dukung lancar layan masyarakat lapang sisi operasional pertamina patra niaga kuat pasok armada mobil tangki operasi jam spbu makassar operasi jam penuh bijak harap sanggup akses layan luas masyarakat optimalisasi layan tambah nozzle bbm subsidi serta operator spbu pertamina patra niaga tambah titik distribusi operasi unit spbu modular fasilitas tambah yakin tunjang penuh butuh bbm warga kitty langkah pasok layan jalan optimal pantau kondisi lapang sesuai sesuai butuh masyarakat oleh bbm lancar kitty pertamina patra niaga paham bbm butuh masyarakat tunjang mobilitas hari optimalisasi pasok distribusi lanjut sesuai dinamika lapang apresiasi dukung pemprov sulsel masyarakat tertib ikut arah tugas kolaborasi harap dukung lancar layan bbm warga makassar pertamina patra niaga upaya layan baik distribusi bbm jalan optimal butuh masyarakat penuh aktivitas hari jalan lancar tutup kitty
FINANCE,kemenhub detik detik kapal virgo hilang kontak laut jawa menteri hubung buka suara insiden kapal tumpang kmp virgo transport hilang kontak air laut jawa kapal roro tumpang kmp virgo transport bendera indonesia ukur gt nakhoda arief yunianto operasi pt virgo karya shipping data manifes kapal bawa total orang kapal direktorat jenderal hubung laut menteri hubung papar ratus orang kru mitra kerja kapal tumpang dewasa anak anak sopir kernet unit muat kendara kapal kepala kantor ksop kelas banjarmasin heri purwanto kronologi jadi kapal tolak labuh surabaya september lt tuju labuh banjarmasin kapal alami kondisi listing miring hilang kontak air masalembo laut jawa tanggal september lt respons cepat lapor insiden alami kmp virgo transport wilayah air masalembo fokus prioritas utama selamat kapal kerah operasi selamat koordinasi heri purwanto terang resmi minggu kantor ksop kelas banjarmasin langsung langkah langkah tangan darurat salah satu diri posko terminal tumpang bandarmasih labuh trisakti banjarmasin posko tuju tangan bangun koordinasi intensif basarnas bup pt pelindo kantor distrik navigasi banjarmasin vts pandu pt pelindo iii banjarmasin agen kapal keluarga upaya evakuasi tanggulang lapang langsung laksana unsur sar gabung basarnas banjarmasin bantu kapal kapal lokasi jadi km hai da mt ha tb tcp distrik navigasi tipe kelas ii banjarmasin kerah kapal negara navigasi kn kunyit bantu proses evakuasi proses tangan orang tumpang hasil evakuasi selamat awat medis proses cari data heri duga sebab celaka faktor alam faktor teknis faktor manusia dampak muat potensi cemar lingkung harta benda ksop tahap investigasi konfirmasi lanjut ksop utama tanjung perak ksop kelas banjarmasin komitmen pantau kembang tangan insiden kala baru informasi resmi masyarakat iring progress lapang tutup heri acd acd
SPORT,motogp san marino jaga puncak klasemen prioritas jorge martin saing titel juara dunia ketat motogp san marino jorge martin percaya jaga puncak klasemen prioritas fase balap aprilia spanyol bayang marc marquez marco bezzecchi klasemen martin tempat peringkat atas oleh poin selisih poin marquez poin bezzecchi potensi singgasana ganti milik gelar motogp san marino jorge martin penting hasil juara grand prix misano istimewa tim italia fans aprilia pekan hebat cetus juara motogp warta crash lintas suka kerja bagus aragon target target sambung jorge martin pimpin klasemen tim aprilia selisih angka tipis prioritas faktor tentu mesti fokus kerja sabar tunggang rs gp baik balap kandang aprilia martinantor jorge martin tang balap grand prix seri prancis motogp martin merupaya patah dominasi ducati misano tang balap
SPORT,men world tennis championship wakil ri gagal babak utama seri men world tennis championship pasuk seri sayang tenis tuan rumah gagal laju babak utama putar final kualifikasi seri men world tennis championship senin indonesia turun wakil ethan jake frans ethan david zapp kareem abdul hakim tiga gagal tuntas misi lolos babak utama turnamen hadiah total ribu dolar total tenis negara tampil babak kualifikasi tanding lapang bal beach country club nusa ethan raya ulang tumbang unggul empat shanker heisnam ethan pekan runner seri iv rafalentino da costa kalah skor jam ethan jake putra eks tenis indonesia wyne prakusya kalah unggul tujuh amerika serikat stefan menichell skor tiebreak jam menit puas performa final kualifikasi kalah tenis asing stefan unggul teknik alam peringkat atp ethan jake rilis detiksport wakil ri tiga gagal kareem abdul hakim takluk unggul selandia matthew shearer hasil indonesia wakil babak utama unggul rifqi fitriadi anthony susanto nathan bark rafalentino ali da costa masuk babak utama fasilitas wild card sektor ganda putra indonesia kuat rafalentino ali dacosta ethan david zapp ethan jake frans ragil putra anthony susanto gandeng tenis taiwan cheng chen pasang kareem abdul hakim partner andrez nech hungaria
FINANCE,suahasil ganti purbaya alih utang whoosh kemenkeu ceo danantara ros roeslani buka suara rencana alih utang whoosh ganti menteri uang purbaya yudhi sadewa suahasil nazara ros jamin rencana jalan ubah bendahara negara bicara suahasil lantik istana negara jakarta pusat ros jamin program program jalan jalan janji temu minggu kamis jumat menindaklanjuti hubung danantara menteri investasi beliau gerak cepat temu langsung beliau ros istana negara jakarta pusat senin rencana alih utang kcic menteri uang esok september konfirmasi jadwal ros enggan urus alih saham kcic menteri uang usaha beres minggu iya sih tim langsung mudah mudah sih minggu beres ros ara
FINANCE,pppk daerah gaji perintah pusat purbaya siap rp perintah pusat rencana ambil alih bayar gaji pegawai perintah janji kerja pppk tanggung perintah daerah pemda bijak jalan tahap menteri uang purbaya yudhi sadewa salah program siap ubah pppk paruh penuh januari bayar gaji tanggung perintah pusat program januari pppk paruh penuh bayar perintah pusat anggar rp triliun purbaya rapat komite iv dpd ri senin purbaya skema pppk lingkung pemda gaji anggar daerah sempat pegawai negeri bayar gaji alih perintah pusat pegawai perintah daerah pppk bayar daerah sempat pegawai negeri bayar perintah pusat tahap purbaya alih bayar kurang beban anggar perintah daerah belanja pegawai tanggung daerah alih perintah pusat kuat kurang beban daerah tutup purbaya acd acd
FINANCE,kondisi kini beli pertalite spbu makassar kondisi antre bbm subsidi kota makassar landai total spbu layan masyarakat spbu persen kondisi antre kondusif iring baik kondisi tunggu masyarakat bbm singkat baik kondisi antre hasil upaya koordinasi kolaborasi patra niaga perintah provinsi sulawesi selatan tingkat kapasitas layan atur salur bbm subsidi lapang upaya tambah operator jalur layan bbm subsidi spbu operasi spbu jam tambah titik salur spbu modular center point indonesia cpi langkah langkah tambah kapasitas layan alternatif titik isi masyarakat langkah upaya jalan optimal operasi spbu jam tambah operator jalur layan operasional spbu modular cpi pantau kapasitas tambah manfaat optimal atur sistem ganjil genap terap sesuai tentu bantu jaga lancar tertib layan spbu pjs area manager communication relations csr pertamina patra niaga regional sulawesi okky aditya wibowo landai antre mayoritas spbu hasil sinergi evaluasi perintah daerah total spbu kota makassar spbu persen kondisi antre kondusif tunggu masyarakat singkat langkah laku jalan optimal perintah daerah kondisi layan bbm subsidi baik okky terang resmi senin pertamina layan bbm subsidi jalan optimal kuat kapasitas lapang pantau kondisi antre kala butuh spbu tentu sesuai pertamina patra niaga regional sulawesi perintah daerah evaluasi kondisi antre layan bbm subsidi kota makassar upaya baik sesuai sesuai kembang kondisi lapang pertamina imbau masyarakat isi bbm sesuai butuh ikut tentu laku beli informasi adu produk layan pertamina pertamina contact center pcc layan langgan jam fdl fdl
FINANCE,gibran ucap selamat suahasil menkeu figur kelola apbn wakil presiden gibran rakabuming raka selamat lantik suahasil nazara menteri uang menkeu suahasil ganti purbaya yudhi sadewa bendahara negara selamat tugas suahasil nazara lantik menteri uang presiden gibran terang tulis biro pers media informasi sekretariat wakil presiden senin turut suahasil figur kelola uang negara alam wakil menteri nilai kuat kondisi fiskal perintah alam kompetensi beliau percaya suahasil figur kelola apbn sehat kredibel baik tata kelola uang negara kuat fiskal pusat daerah kuat sistem uang cegah korupsi inefisiensi guna uang negara terang gibran gibran ajak dukung langkah presiden prabowo subianto jaga stabilitas ekonomi mari dukung langkah presiden jaga stabilitas ekonomi tingkat percaya publik wujud sejahtera masyarakat kelola uang negara sehat tanggung gibran hns
FINANCE,mafia beras bongkar pekan perintah tindak laku anomali sektor beras negeri kepala badan pangan nasional bapanas menteri tani andi amran sulaiman umum tindak temu ketidaksesuaian beras khusus hajar taruh lahir batin beras fortifikasi jual rp kilogram harga rp masuk lab rp jual rp kilogram rp jual label emas dalam timah besi besi karat amran terang kutip senin amran untung oleh laku anomali beras unsur tipu alami masyarakat konsumen bayar untung rp kali ton rp juta truk fiks insyaallah minggu umum terus republik nikmat negara mafia tolong dukung ledak taruh merah putih ummat amran amran sebut prabowo restu langkah turut kepala negara minta realisasi ragu perintah presiden gentar diskusi ruang penting selamat negara selamat republik indonesia hitam putih negara perintah presiden amran lapor presiden mafia beras gimana presiden beliau bilang gaspol terima kasih presiden kemarin lapor temu beras fortifikasi insyaallah bongkar beras konglomerat masuk ruang ekonomi rakyat beras barang subsidi sambung anomali beras lanjut perintah jaga penting generasi indonesia beras akses masyarakat harga wajar perintah beliau presiden prabowo beliau lanjut risiko jaga generasi generasi amran hasil uji laboratorium beras klaim produk fortifikasi sampel periksa penuh tentu laku temu awas bapanas produk beras edar masyarakat beras fortifikasi beras klaim kaya zat gizi hasil awas oleh pantau produk beras fortifikasi beras klaim gizi edar wilayah jakarta april awas bapanas temu produk ditindaklanjuti periksa uji laboratorium hasil uji laboratorium persen sampel periksa penuh syarat cantum klaim beras fortifikasi beras kaya temu ketidaksesuaian informasi klaim konsumen syarat penuh produk kandung gizi awas temu produk pasar harga harga beras aspek label produk cantum jenis zat gizi kemas pasar klaim beras kaya zat gizi awas cakup sampel beras fortifikasi provinsi temu ketidaksesuaian aspek label mutu kandung gizi produk uji laboratorium sesuai klaim cantum kemas kandung aktual produk uji perintah produk cantum klaim fortifikasi klaim kaya zat gizi penuh syarat laku standar beras fortifikasi wajib penuh tentu sni beras fortifikasi gram beras fortifikasi tetap kandung vitamin minimal miligram asam folat miligram vitamin mikrogram zat besi miligram seng miligram sni atur sesuai kandung vitamin mineral informasi cantum label kandung vitamin mineral produk kurang kurang capai persen nilai cantum label kandung mineral zat besi seng lebih persen nilai tera label acd acd
SPORT,hasil china masters jojo henti babak tunggal putra indonesia jonatan christie tel kalah ajang china masters babak jojo kalah jason gunawan arena shenzhen shenzhen kamis pagi wib jojo jalan tanding menit lawan jason tarung gim jalan sengit imbang jason kejar main hong kong sudah juang jojo skor gim jojo jalan tarung sengit lawan jason skor imbang jojo jason tahan fase krusial jason tampil prima rebut menang hasil wakil indonesia nomor tunggal putra china masters habis indonesia wakil nomor ganda putra sabar karyaman gutama muhammad reza pahlevi isfahani ali faathir rayhan devin artha wahyudi leo rolly carnando daniel marthin deret main indonesia juang
SPORT,jete run festival selesai masuk rekor muri jete run festival selesai gelar pekan event lari masuk buku rekor muri ajang lari gelar kawasan balai kota surabaya minggu lari ambil kategori start buka langsung wali kota surabaya eri cahyadi jete run tampil format luas beda ajak masyarakat lari selenggara emas festival olahraga gaya hidup aktivitas dukung pilih balai kota surabaya pusat jete run alam beda serta start finis jantung kota rute bawa lari lintas ruas jalan utama surabaya penuh lanskap ikonik kota pahlawan kategori serta jalan balai kota surabaya jalan pemuda rute lanjut lewat jalan panglima sudirman jalan basuki rahmat jalan gubernur suryo jalan wuni garis finis balai kota kategori bawa lari jelajah area pusat kota cakup luas lepas start balai kota serta gerak jalan pemuda jalan panglima sudirman jalan basuki rahmat lari ajak nikmat lanskap jalan embong malang kawasan blauran jalan bubut jalan pahlawan jalan yos sudarso selesai lomba kawasan balai kota surabaya rute serta selesai jarak lintas koridor pusat kota wajah surabaya jalur selenggara sedia titik water station layan medis dukung butuh serta giat jete run ambil venue beda citraland balai kota pilih hadir nuansa lari konsep lanskap kota modern khas surabaya penuh nilai sejarah rute lari lintas jalan sejarah kota jhonny thio dor ceo founder jete rilis detiksport banyak giat serta selenggara jete run festival hasil catat sendiri muri harga jete kategori ajang lari ragam giat dukung jete run festival hadir giat dukung kategori olahraga wellness kreativitas giat temu komunitas rekor salah tanda kembang jete run giat olahraga festival cakup luas terima kasih masyarakat indonesia dukung percaya jete pilih aktivitas hari olahraga nikmat hibur era digital capai mustahil capai dukung keluarga tim konsumen setia jete masyarakat terima kasih papar jhonny piagam muri capai baik angin lupa kualitas ingat brand inovasi teknologi kembang baik jadi jete solusi butuh produk aksesoris gadget smarthome wearable event olahraga dukung gaya hidup sehat tutup
FINANCE,sistem selamat layar mesti evaluasi total tragedi kapal virgo tragedi km virgo transport balik tenggelam air laut jawa alarm keras selamat transportasi laut nasional perintah evaluasi sistem selamat layar ketua badan lindung konsumen nasional bpkn mufti mubarok prihatin dalam musibah kapal jalan surabaya banjarmasin minggu duka cita dalam korban keluarga prioritas utama selamat temu tumpang awak kapal cari mufti terang tulis senin informasi otoritas sar km virgo transport bawa orang hasil evakuasi korban tinggal dunia ratus proses cari mufti perspektif lindung konsumen tragedi celaka mata kapal tenggelam hak konsumen lindung hak transportasi aman masyarakat beli tiket hak oleh jamin selamat sesuai standar tetap negara cuaca buruk bpkn nilai informasi kondisi cuaca buruk kapal alami darurat salah investigasi mufti otoritas layar prosedur kondisi cuaca nilai risiko selamat kapal tumpang kapal terima informasi cuaca buruk putus ukur layar tunda berangkat ubah rute faktor operasional kalah selamat manusia mufti mufti putus berangkat kapal kondisi cuaca buruk dipertanggungjawabkan standar selamat hasil analisis risiko bagi selamat tumpang negosiasi audit kapal operator bpkn dorong perintah wenang periksa kapal operator prosedur layar audit mufti cakup kondisi layak kapal pelihara stabilitas kapal kapasitas tumpang muat distribusi muat sistem manifes kompetensi awak kapal alat selamat prosedur hadap cuaca ekstrem investigasi utuh cari salah temu sistem selamat gagal mufti bpkn hasil investigasi komite nasional selamat transportasi knkt dasar baik sistem selamat transportasi laut nasional temu lemah sistem baik rekomendasi investigasi dokumen selesai berita reda mufti informasi selamat bpkn sorot butuh keluarga korban informasi cepat akurat integrasi mufti tangan celaka sedia pusat informasi resmi identitas tumpang korban selamat korban tinggal cari keluarga biar tunggu ketidakpastian hak informasi kondisi anggota keluarga mufti buka informasi situasi darurat layan konsumen keluarga korban bpkn hak hak tumpang keluarga korban perhati sesuai tentu laku hasil investigasi temu lalai langgar standar selamat acd acd
SPORT,motogp aragon selesai nama menang bold riders podium picks marc marquez cepat motogp aragon rider juluk baby alien hasil tang balap motorland aragon minggu menang marc catat hat trick aragon diri podium atas tang edisi balap sirkuit balap saji ubah posisi baris marco bezzecchi awal race pimpin marc ambil alih posisi lap enam pedro acosta rider marc finis acosta puas posisi bezzecchi lengkap podium urut tiga alex marquez gresini racing juang hilang posisi balap baik posisi selesai race urut empat alex hasil kantong poin balap utama total bawa pulang poin pekan aragon finis sprint race alex aku salah race buat hilang gagal podium tambah poin jaga saing musim tebak podium jawab seru aragon lintas gemar motogp uji insting bold riders podium picks kompetisi serta tebak rider finis posisi tiga race selesai prediksi periksa detikers hasil kumpul poin tinggi nung jannah khoirul anam hak voucher nila rp ribu selamat nung jannah khoirul anam hasil baca peluang podium aragon detikers hasil seri motogp uji insting tebak bawa pulang hadiah lo gabung follow bold riders official sponsor gresini racing moto gp team wadah komunitas motor multi genre besar indonesia lo ketemu cinta motor riding bareng aktivitas seru lupa follow instagram boldriders tinggal update motogp konten otomotif info event motor bold riders spirit brotherhood
SPORT,asi games tum pbti taekwondo kontribusi indonesia asi games ketua urus taekwondo indonesia pbti letjen tni richard tampubolon optimismennya cabang olahraga pimpin asi games aichi nagoya jepang ajang multi event olahraga asia resmi buka september tutup oktober presiden ri prabowo subianto resmi lepas kontingen indonesia istana presiden jakarta pusat rabu ketua urus taekwondo indonesia pbti letjen tni richard tampubolon hadir acara sempat prabowo pesan atlet jaga konsistensi latih orang nomor indonesia harap wakil indonesia karakter bangsa kunci utama raih prestasi tinggi konsistensi latih semangat pantang serah harap atlet karakter bangsa indonesia tangguh tanding jepang prabowo pesan motivasi atlet indonesia wakil taekwondo indonesia bawa merah putih aichi nagoya siap evaluasi sambung atlet taekwondo kontribusi maksimal jaya indonesia richard tampubolon asi games aichi nagoya salah panggung taekwondo indonesia hasil menjadibukti keberhasilanpbti bina siap hadap saing level asia
FINANCE,lippo karawaci rombak komisaris tarik juta saham treasuri pt lippo karawaci tbk lpkr umum ubah jajar komisaris turun modal tempat setor tari saham treasuri tetap ambil hasil rapat pegang saham rupslb lpkr hotel aryaduta menteng jakarta jumat kemarin rupslb pegang saham pakat undur anand mar jabat komisaris lpkr undur anand terima persero juli agenda tetap susun dewan komisaris direksi lpkr jabat tutup rupslb tutup rapat pegang saham tahun rupst pegang saham tuju turun modal tempat setor tari saham treasuri saham asal buyback periode alih harga pasar penuh tentu alih minimum tari selesai status saham treasuri tata struktur modal lpkr saham tarik milik nilai nominal rp saham rp putus modal tempat setor persero turun rp bagi saham rp bagi saham tumbuh bisnis lanjut butuh fondasi tata kelola kuat putus rupslb fungsi awas kelola persero jalan efektif dukung strategi tumbuh lpkr jalan bisnis disiplin terap prinsip hati hati orientasi cipta nilai jangka presiden direktur lpkr indra yuwana terang tulis senin susun dewan komisaris direksi lpkr komisaris presiden komisaris komisaris independen prof ir ginandjar kartasasmita komisaris independen bambang soesatyo mba komisaris independen theo sambuaga komisaris kin chan komisaris george raymond zage iii komisaris ketut budi wijaya direksi presiden direktur indra yuwana wakil presiden direktur agus arismunandar direktur marshal martinus tissadharma direktur surya tatang direktur dominique dion leswara direktur david iman santosa direktur fendi santoso
FINANCE,purbaya curiga oknum djp main pabrik baja china kemplang pajak menteri uang purbaya yudhi sadewa curiga oknum lingkung direktorat jenderal pajak djp main periksa pajak usaha curiga muncul pabrik baja china tahu kemplang pajak purbaya usaha bayar wajib penuh purbaya perintah upaya benah terima negara tutup bocor sektor pajak bea cukai paja bea cukai bocor bocor coba tutup sempurna pajak bea cukai main contoh pabrik baja china operasi utama cash basis bayar pajak sekian purbaya rapat komite iv dpd ri kompleks parlemen senin purbaya perintah pegawai pajak periksa usaha usaha periksa kondisi purbaya curiga pegawai pajak main saing fair usaha domestik usaha domestik bayar penuh bayar cash basis uang lari negeri perintah pegawai pajak periksa periksa gampang nyimpulnya main purbaya contoh salah usaha pulogadung periksa turut usaha milik wajib pajak rp miliar nilainy dekat rp triliun sidak pulogadung si sopan gin gin periksa pajak utang minimal rp miliar tekan kenceng atur ketat dekat rp triliun usaha purbaya janji benah bocor bocor komitmen cipta iklim usaha adil usaha domestik cipta lapang kerja gitu gitu baik tingkat dapat fair usaha domestik usaha domestik hidup cipta lapang kerja tutup purbaya acd acd
SPORT,motogp san marino antusiasme bezzecchi balap rumah marco bezzecchi sabar hadap motogp san marino balap aprilia balap sirkuit misano arti khusus lokasi kampung halaman rimini motogp san marino misano september bezzecchi sebut seri beda banding balap grand prix kandang milik ajaib spesial bezzecchi lansir motosan misano rumah bezzecchi sirkuit jarak kilometer rimini lahir saking dekat bezzecchi tinggal rumah kamis pindah motorhome jalan rangkai pekan balap misano wilayah rumah rumah kamis asa milik spesial bezzecchi modal bagus antusiasme bezzecchi seri beri hasil positif hasil kumpul poin saing gelar motogp sulit balap jalan hasil poin motogp aragon bezzecchi posisi tiga klasemen tinggal poin jorge martin pimpin marc marquez posisi selisih poin martin balap misano home race bezzecchi balap italia sempat mangkas jarak rebut gelar dukung percaya juang kim laku usaha baik bezzecchi
SPORT,nikmat seru lari solo run fest beli tiket via brimo lari urban lari kejar catat capai garis finis alam lari kalah nikmat suasana kota kenal budaya lokal cicip kuliner khas daerah alas konsep sportourism mati tren ajang lari arena kompetisi masyarakat urban nikmat destinasi wisata olahraga konsep hadir solo run fest festival lari madu olahraga budaya pariwisata rangkai acara festival ajak serta jajah daya tarik kota solo nikmat alam lari kaya budaya geliat ekonomi kreatif masyarakat konsep serta ajak cetak tempuh baik rasa langsung suasana kota solo sudut pandang beda jalan semangat sportourism gari lari kota ajang kenal sha run solo kembang festival olahraga budaya solo run fest gelar september kota solo jawa rangkai acara race pack collection race village festival september area race village ambil race pack hadir agam aktivitas tarik suasana festival hidup lomba hadir race village festival ajang panas serta kenal suasana solo run fest pasuk lomba utama serta manfaat momen sosial lari nikmat aktivitas dukung sedia panitia pasuk race day september serta ikut kategori lomba sesuai mampu kategori sedia half marathon hm ajar ikut lari latar tingkat alam lari kompetitif mula kompetisi lari unjung nikmat aktivitas dukung umkm bazaar sportswear expo live music performance entertainment stage rangkai acara riah umum menang serta doorprize cultural running festival kuat nuansa khas kota solo ada umkm bazaar daya tarik sendiri sempat serta kenal dukung produk produk lokal hadir bazaar hidup sisi ekonomi kreatif masyarakat solo gelar festival ruang promosi laku usaha sportswear expo hadir butuh olahraga lengkap lengkap lari hadir expo mudah serta butuh lengkap tambah lomba cari lokasi acara tarik lari diskon tiket beli brimo diskon nilai sendiri serta transaksi kanal resmi lari rasa alam proses daftar praktis brimo metode bayar resmi kanal eksklusif beli tiket solo run fest aplikasi serta registrasi digital proses transaksi mudah nyaman mudah akses lari proses daftar rumit ambil festival lari budaya informasi lengkap cek bbri id solorun akd akd
FINANCE,bi kembali dana perban rp alas bank indonesia bi insentif industri perban nasional wajib giro wajib minimum gwm bank oleh tambah insentif bijak insentif likuiditas makroprudensial klm gwm dana minimum wajib simpan bank bentuk rekening giro bi turun tingkat wajib upaya dorong tumbuh ekonomi jaga likuiditas perban nasional bijak likuiditas makroprodensial keluar insentif kurang gwm bank bank gwm nya total perban real nya gwm gubernur bi destry damayanti rapat kerja gabung komite iv dpd ri kompleks parlemen senayan jakarta senin insentif bank sentral kembali gwm milik perban rp triliun dana harap tambah likuiditas dorong salur kredit perban rp triliun uang bank bank salur kredit bi kembali gwm perban rp triliun dana kembali bank alokasi kredit sektor strategis perintah pangan rumah umkm bank terima rp triliun dana kembali gwm nya bank penuh syarat pungkas ahi ara
SPORT,timnas basket putra asi games tang laga latih timnas basket putra indonesia david singleton target tim menang tanding asi games fokus david soal target basket putra asi games aichi nagoya muncul proses jalan tanding target menang tanding target singleton warta singleton laga poin tentu langkah indonesia yudha saputera langsung hadap tuan rumah aichi nagoya september lawan korea selatan esok hari temu arab saudi istirahat hari menang tanding awal turnamen catat lang singleton realistis peta kuat asi games lawan lawan indonesia jepang korea selatan jajar dunia tim hadap peringkat dunia negara level hadir main main tambah skuad garuda optimistis skuadnya saing lingkung kompetisi kelas asia percaya tambah main milik level lingkung kompetisi kali main gabung lester bram vincent prastawa derrick main masuk tim pikir sempat tampil turnamen ajar adaptasi main proses lambat latih karib sapa dave milik alam paham hadap turnamen saing level indonesia lawan tim tim tangguh singleton daftar atlet timnas basket putra asi games derrick michael abraham grahita ali bagir andakara prastawa yudha saputera vincent kosasih hendrick yonga lester prosper dame diagne pandu wiguna fhirdan guntara tonton video juang ratus atlet basket dbl camp mcy aff
SPORT,asi games prabowo janji bonus rp raih emas kontingen indonesia tatap asi games jepang presiden ri prabowo subianto janji bonus rp miliar raih medali emas asi games aichi nagoya jepang ajang multi event olahraga asia resmi buka september tutup oktober prabowo resmi lepas kontingen indonesia istana presiden jakarta pusat rabu momen prabowo pidato bonus atlet raih medali emas lupa lapor erick sea games medali emas rp miliar asi games medali rp miliar prabowo pimpin olahraga kemarin medali perak medali perunggu karier karier cepat sekian pangkat latih latih sambung catat edisi asi games perintah bonus raih emas nomor orang rp perak rp perunggu rp atlet latih asisten latih ganjar bonus perintah latih atlet raih medali emas orang ganda rp perak rp perunggu rp
SPORT,wec sean gelael balap austin start sean gelael team wrt coba raih podium lone star le mans start tujuh keras keras capai posisi start kualifikasi kelas lmgt cota minggu wib kemarin darren leung balap bronze qualifying tuntas posisi alhasil sean balap silver hak tampil hyperpole tancap gas buku menit detik capai posisi tujuh capai baik mobil bmw kelas turun mobil hypercar lmgt start hal mobil kelas lmgt start posisi hasil bagus darren sean lomba besok augusto farfus rilis detiksport austin moga besok bismillah timpal sean race hours cota lone star le mans siar langsung kanal youtube kuy entertainment senin wib
SPORT,jakarta vertical run november asosiasi lari trail indonesia alti dki jakarta gelar jakarta vertical run ambil tema tantang urban lanjut lingkung alti dki bekerjasama cakrawala jakarta kreatif selenggara dukung geely sponsor utama fortesport gelar ajang tower running taraf internasional lomba lari tangga helat minggu november autograph tower kompleks thamrin nine jakarta pusat thamrin nine merupaka gedung tinggi jakarta catat gedung tinggi bahan bumi selatan tinggi meter serta tantang fisik mental takluk anak tangga gedung lantai ketua alti dki jakarta eko putro had prasetyo ajang sensasi olahraga urban beda road run lomba wib lari cepat sempat nikmat momen matahari terbit langit jakarta capai puncak percaya olahraga urban tantang sensasi beda serta moga cipta saing tarik antarpeserta eko putro jumpa pers kamis start sistem wave bagi gelombang wave kategori elite atlet wave kategori open lepas serta detik wave wave lepas menit catat lari negara saing kategori utama elite tower running senior master ajang lari tangga gedung tingkat lazim selenggara kota dunia mati tingkat sulit beda lomba lari jalan raya libat geely sponsor utama kuat sinergi gaya hidup aktif komitmen lanjut lingkung green mobility terap konsep eco friendly event selenggara taruh perhati penuh selamat aman nyaman serta siaga tenaga sehat paramedis ambulans rumah sakit rujuk darurat lomba ajang momen strategis songsong ingat kota jakarta panitia harap selenggara jakarta vertical run gelar skala kepala dinas pemuda olahraga provinsi dki jakarta andri yansyah dukung penuh giat fungsi tolok ukur bina prestasi atlet jakarta vertical run dorong ajang sport tourism rekreasi gengsi serta nikmat indah lanskap kota jakarta titik tinggi jakarta vertical run selenggara vertical running gedung tinggi indonesia serta potensi rekor muri khusus lari kategori elite vertical running oleh poin skor naik peringkat klasemen atlet vertical run internasional
SPORT,jadwal motogp san marino misi marc marquez kejar jorge martin motogp lanjut san marino seri musim gelar misano world circuit marco simoncelli september jorge martin pimpin klasemen motogp unggul gerus marc marquez tampil sempurna aragon marc hasil tang sprint balap utama aragon martin finis sesi hasil marc mangkas jarak martin poin martin koleksi poin marc kumpul poin marco bezzecchi posisi tiga poin balap aragon tang marc tampil dominan raih poin balap utama martin poin data resmi motogp catat marc finis pedro acosta bezzecchi tiga martin sembilan seri sisa saing rebut gelar buka marc marquez jarak menang penuh jorge martin selisih poin bezzecchi coret balap aprilia paut poin marc poin martin balap atas saing ketat paruh musim klasemen motogp klasemen motogp seri aragon motogp san marino gelar misano seri san marino misano world circuit marco simoncelli sirkuit milik kilometer tikung tikung kanan enam tikung kiri balap motogp jadwal lap total jarak kilometer rangkai pekan jumat lanjut kualifikasi sprint sabtu balap utama minggu jadwal lengkap indonesia barat wib jadwal resmi motogp motogp san marino seri kalender misano september
SPORT,asi games timnas basket masuk grup neraka cdm optimistis timnas basket putra indonesia masuk grup neraka asi games cdm todotua pasaribu optimistis timnas basket putra indonesia lakon siap terbang jepang ikut asi games ketua satu bola basket indonesia basi budi djiwandono langsung latih lepas semangat hadir semangat budi cdm todotua pasaribu kawasan jakarta selatan sabtu lolos indonesia asi games rezeki slot buka tahu timnas putra kualifikasi asi games kemarin slot buka indonesia kompetisi asi games aichi nagoya indonesia grup neraka jepang korea selatan arab saudi budi semangat atlet nyala juang mudah tim tim hadap tim tim hebat asia alam atlet milik alam kuat bibit bibit muda kombinasi hadap tim tim budi titip latih atlet baik kompetisi bagus bagus doa hasil baik cdm todotua pasaribu timnas basket putra delegasi indonesia berangkat negeri matahari terbang senin tanding september harap tim basket endorsement positif buka percaya tim basket baik buka asi games kabar todotua todotua aku kali tinjau tim keluarga basi yakin percaya momentum manfaat harap sisi atlet yakin tim bawa pulang medali siap masuk kompleks athlete village siap cdm dukung backup masuk official team cdm stand todotua mcy aff
SPORT,video menang aragon marquez tinggal poin martin marc marquez tampil gila motogp aragon balap ducati sukses ngunci menang tiga untun menang delap motorland aragon marc alex marquez tampil oke finis empat fermin aldeguer hasil finis enam hasil bikin pekan ducati mantap
FINANCE,harga emas antam loyo turun dalam pek harga emas lesu dagang pekan kumulatif minggu penuh harga emas lemah rp ribu gram harga emas level rp gram pekan senin september tutup pekan harga turun tajam level rp gram sabtu september lansir laman logam mulia antam minggu harga emas turun tajam senin level rp gram rabu september kamis september kuat tipis level rp gram lemah esok hari level rp gram capai harga emas jumat september titik rendah pek dagang harga emas alami baik tutup pekan sabtu september harga emas kuat tipis level rp gram harga buyback alami koreksi pek pekan rp gram pekan turun level rp gram harga buyback jual emas antam bel harga sesuai atur menteri uang pmk nomor beli emas batang kena pph potong pajak rendah serta npwp transaksi daftar gera harga emas pek senin september rp selasa september rp rabu september rp kamis september rp jumat september rp sabtu september rp
FINANCE,video purbaya rapat dpd direshuffle angkat telepon scroll tombol klik panah sisi kanan jajah feed video purbaya yudhi sadewa direshuffle jabat menteri uang menkeu ganti suahasil nazara purbaya hadir rapat kerja dpd siang rapat purbaya angkat telepon
SPORT,kejurnas hoki indoor jabar juara putra jatim kampiun sektor putri juara nasional kejurnas hoki indoor jawa barat sukses juara sektor putra tier jawa timur tampil jaya rebut gelar juara sektor putri ajang gor nambo jaya sport centre kota tangerang banten minggu jawa barat kalah tuan rumah banten laga final sektor putra skor adu penalti imbang kejut sektor putri jawa timur sukses henti dominasi jawa barat menang via adu penalti imbang alhamdulillah teknik main main kejurnas hadir main nasional lakon training camp malaysia hadap asi games aichi nagoya gubernur banten andra soni ketua dewan bina federasi hockey indonesia fhi terang pers bina jenjang konsisten olahraga olimpiade mati prestasi dunia mimpi medali bukti raih prestasi back back sea games kamboja sea games thailand andra soni andra soni tampil kuat tim hockey pp fhi hadap tim anggota ofisial serta kejurnas hockey indoor tanding ekshibisi laga final ketua pp fhi mayjen tni purn budi sulistijono tampil jaga gawang tanding tuju erat hubung masyarakat hoki selamat apresiasi tinggi pp fhi fhi banten tanding jalan penuh semangat sportifitas kejurnas ajang ukur kualitas bina erat silaturahmi harap hockey kembang pesat banten maju andra soni hasil lengkap kejurnas hockey indoor putra tier juara jawa barat runner banten skor final penalti peringkat jawa timur kalah jateng putri tier juara jawa timur runner jawa barat skor final penalti peringkat nusa tenggara barat kalah jateng putra tier juara dki jakarta runner kalimantan timur skor final peringkat kalimantan barat kalah ntb penalti putri tier juara dki jakarta runner banten skor final penalti peringkat kalimantan timur kalah yogyakarta
FINANCE,video suahasil arah prabowo lantik menkeu scroll tombol klik panah sisi kanan jajah feed video suahasil nazara resmi lantik menteri uang menkeu ganti purbaya yudhi sadewa suahasil ungkap arah khusus presiden prabowo subianto menkeu suahasil jaga uang negara apbn stabil ekonomi indonesia
FINANCE,holding umi bri catat juta debitur kelas holding ultra mikro umi integrasi pt bank rakyat indonesia persero tbk bri pt gadai pt modal nasional madani pnm genap usia sinergi tiga entitas kembang salah ekosistem daya ekonomi rakyat besar indonesia bentuk holding umi tuju jangkau segmen usaha ultra mikro oleh layan uang formal optimal integrasi skala jangkau layan luas masyarakat akses modal usaha oleh sempat bangun tahan ekonomi keluarga triwulan ii holding umi hasil layan juta debitur aktif kelola juta rekening simpan mikro sinergi strategis dorong juta debitur kelas capai cermin jalan nasabah akses layan biaya luas group ceo bri hery gunardi jalan holding umi integrasi entitas cipta dampak ekonomi luas kuat holding umi topang integrasi unggul entitas bri milik jaring kapabilitas biaya umkm infrastruktur luas gadai milik kompetensi biaya bas gadai ekosistem emas pnm milik kuat daya damping kelompok usaha ultra mikro hery terang tulis minggu integrasi masyarakat oleh layan tahap kembang ekonomi salah infrastruktur bangun kuat sinergi sedia jaring kantor luas triwulan ii kantor bri gadai pnm indonesia holding umi catat milik ribu tenaga pasar ujung tombak lapang hadir mantri bri tenaga pasar gadai ao pnm peran bangun dekat nasabah aktif edukasi uang damping laku usaha kembang kapasitas bisnis hery hasil holding umi ukur ubah kondisi ekonomi nasabah ekosistem hasil besar oleh biaya hasil sungguh usaha tumbuh dapat tingkat mampu tabung akses layan uang luas tingkat sejahtera kelas salah agenda dorong hery pasuk lima transformasi holding umi gerak luas inklusi literasi uang kembang salah satu kuat ekosistem emas fasilitas gadai agustus volume ekosistem emas holding ultra mikro capai ton ekosistem cakup layan gadai biaya bas emas tabung emas transaksi digital bullion services integrasi luas akses masyarakat emas instrumen simpan nilai jangka hery holding umi murni fondasi bangun fase tumbuh fokus masyarakat oleh manfaat ekonomi nyata integrasi tuju holding ultra mikro ekosistem uang skala ekosistem buka jalan masyarakat gerak akses uang daya daya sejahtera kontribusi bri group kuat ekonomi rakyat cipta tumbuh inklusif pungkas hery
SPORT,gelar juara motogp uji tahan marc marquez marc rquez anggap jalan saing gelar juara dunia motogp layak ikut balap uji tahan saran bijak atur kondisi fisik paksa dapat lontar mantan rider honda cal crutchlow nilai marc balap baik motogp kondisi fisik juara tahan dekat sisa musim beda marc alami lengan kanan jalan operasi aku hilang tenaga balap motogp inggris silverstone situasi bikin crutchlow marc kelola rebut gelar endurance race sulit pikir marc balap baik pikir balap kondisi cedera lansir crash net musim marc marquez adaptasi batas fisik lengan kanan motogp aragon marc lengan ganggu harap kondisi baik aragon karakter sirkuit milik tikung kiri situasi marc andal dekat agresif baik konsistensi mampu pilih momen serang cepat crutchlow strategi kunci marc buru gelar menang bisa finis rival utama hindar salah sepenuh pulih operasi jalan pikir jalan juara balap tahan pacu pacu butuh usaha salah biar balap salah crutchlow serang serang silverstone pekan bagus usaha jalan pekan buruk alami balap ai ogura sulit prediksi arah tarung gelar
FINANCE,rombak bijak purbaya suahasil suahasil nazara resmi lantik menteri uang presiden prabowo subianto ganti posisi purbaya yudhi sadewa jabat tahun bendahara negara lantik suahasil tinjau bijak purbaya enggan bicara bilang jalan apbn kontribusi tumbuh ekonomi masyarakat tuh jalan apbn apbn tumbuh ekonomi masyarakat apbn stabil ekonomi masyarakat mesti kantor singkat konfirmasi lantik istana negara jakarta pusat senin suahasil wakil menteri uang lanjut tugas menteri uang amanat kuat uang negara menteri uang institusi negara alas lantik kuat uang negara lanjut laku menteri uang menteri pegawai indonesia tumbuh ekonomi stabil ekonomi indonesia prioritas jalan apbn kredibel jalan apbn percaya komunikasi publik percaya apbn dukung program prioritas perintah suahasil ara
SPORT,gelar basket ljk rambah padel liga jasa uang ljk kenal kompetisi basket rambah padel ljk kali gelar padel tim institusi uang ikut rangkai kompetisi buka wakil ketua dewan komisioner otoritas jasa uang ojk hernawan bekti sasongko milo padel kemang jakarta minggu opening ceremony hadir parade tim tanding eksibisi level eksekutif tanding fase grup giat hadir deputi gubernur bank indonesia solikin juhro jajar pimpin institusi serta serta kelompok utama sektor perban wakil institusi sektor asuransi uang nonbank kelompok regulator lembaga institusi turun tim main putra main putri damping maksimal ofisial total main catat ikut turnamen masuk padel cabang liga jasa uang kembang ikut minat insan jasa uang cabang olahraga semangat bawa berani tanding junjung sportivitas bangun kompak ketua urus ljk insan hasan temu regu tim tanding kategori men doubles women doubles mixed doubles kompetisi fase kualifikasi grup lanjut empat final semifinal rebut tiga final format jenjang hasil fase grup tentu langkah tim babak gugur selenggara dukung perangkat tanding profesional atur level main sistem skor publikasi giat rancang kompetisi format regu tim tampil satu strategi dalam skuad konsistensi tentu harap turnamen kompetitif fair alam tanding nikmat serta ketua laksana ljk padel greatman rajab ljk kali selenggara wadah olahraga regulator laku industri mang penting sektor jasa uang pasuk selenggara delapan tambah padel luas cabang tanding respons minat komunitas olahraga usung tema play bold build bonds ljk padel madu saing sehat sportivitas kompak tim tutup september momentum serah harga apresiasi tim ikut selenggara perdana cabang padel kompetisi ljk padel harap medium efektif kuat konektivitas kolaborasi antarinsan industri jasa uang sportivitas tumbuh tanding disiplin integritas kerja tim sikap hormat cermin nilai nilai butuh bangun ekosistem jasa uang sehat solid lanjut
FINANCE,tani sebab harga cabai lesat tembus rp ribu kg harga cabai alami lonjak cabai rawit merah tembus rp kilogram kg naik harga picu ganggu produksi akibat cuaca ekstrem kurang air ketua asosiasi champion cabai indonesia tunov mondro atmojo tren naik harga rasa tingkat tani tengah agustus turut faktor utama roket harga cabai krisis sedia air picu cuaca panas fenomena el nino sebab naik sebab murni faktor cuaca akibat sedia air habis tanam cabai tani tanam andal tanam eksisting produksi tunov detikcom minggu kondisi cuaca panas sedia air pohon cabai alami gagal bunga henti produksi bunga akibat tani rawat sisa cabai tahan pohon tunov sebut ancam turun produksi tingkat produsen upaya tani tanam kerap gagal bibit hidup pasok air pada cuaca khawatir stok nasional kurang depan turnov perintah salur bantu sumur bor pipanisasi wilayah sentra produksi kendati antisipasi maksimal stok air lahan tanam tanam bantu perintah turun lambat sumur sumur bor pipanisasi untuk tanam cabai wilayah sentra imbuh nada ketua asosiasi agribisnis cabai indonesia aaci abdul hamid naik harga cabai murni sebab ganggu produksi daerah daerah sentra daerah jawa timur jombang diri blitar hasil panen volume lapor minim ganggu produksi akibat cuaca prediksi pengaruh volume panen oktober pasok cukup november volume panen cuaca oktober november abdul detikcom ganggu produksi cipta harga cabai tingkat tani kisar rp rp kilogram sampa pasar induk harga kerek rp rp kilogram sentuh angka rp rp kilogram beli konsumen pasar tingkat tani rp rp kg lihat pasar induk rp rp belanja rp rp pusat informasi harga pangan strategis nasional pihps bank indonesia bi naik tajam cabai merah keriting lesat rp kg cabai rawit merah lonjak level rp kg acd acd
FINANCE,foto bisnis jakarta menkeu suahasil nazara pegawai kemenkeu lanjut tugas jaga apbn tekan bangun lembaga kredibel percaya publik foto bisnis pesan suahasil nazara lantik menkeu lanjut tugas jaga percaya senin sep wib suka artikel artikel simpan
FINANCE,menteri umkm siap bijak khusus hadap atur wajib halal oktober produk makan minum jasa saji restoran wajib kantong sertifikat halal menteri usaha mikro tengah umkm maman abdurrahman bijak khusus umkm hadap atur wajib halal maman badan selenggara jamin produk halal bpjph program bijak self declare program solusi laku usaha mikro bpjph keluar bijak self declare salah mudah teman teman sektor usaha mikro maman temu gedung dpr ri jakarta pusat senin siap lanjut potensi sanksi umkm kantong sertifikat halal bijak dukung beber bijak buka peluang relaksasi kembang lapang pasca oktober koordinasi siap bijak bijak lihat lihat kembang pasca oktober koordinasi bpjph beber maman badan selenggara jamin produk halal bpjph laku usaha mikro umk urus legalitas halal oktober produk makan minum jasa saji restoran wajib kantong sertifikat halal deputi bidang registrasi sertifikasi halal bpjph mamat burhanudin kutip detikhikmah tentu pp nomor tahap kategori produk wajib sertifikat halal oktober makan minum produk olah konsumsi hasil jasa sembelih rumah potong hewan unggas jasa bahan baku tolong bahan baku bahan tambah pangan bahan tolong produk makan minum kosmetik produk awat cantik obat tradisional suplemen obat bahan alam obat kuasi suplemen sehat produk kimiawi rekayasa genetik bahan kimiawi hasil rekayasa genetik barang guna sandang aksesori bekal sehat rumah tangga pkrt alat rumah tangga lengkap ibadah alat tulis lengkap kantor alat sehat kelas risiko
SPORT,avc continental bintang sofyan hadap selandia pasang voli pantai indonesia bintang akbar sofyan rachman sukses kunci status juara grup avc beach continental lenggang mulus babak babak lawan selandia menang telak wakil jepang takahashi ikeda shangluo kamis tutup sempurna fase grup skor tutup laga duel rebut puncak klasemen terang tulis federasi bintang sofyan tampil dominan tanding aman set menang main pasang indonesia jaga set unggul menang wakil jepang tahan rekor sempurna bintang sofyan fase grup hasil menang tanding hilang set temu takahashi ikeda laga tentu puncak klasemen grup pasang koleksi menang hilang set bintang sofyan jaga konsistensi laga aman set buka pasang indonesia tampil solid selesai tanding menang set hadap pasang jepang bintang sofyan raih menang wakil hong kong pui lam chong kei loi tanding buka grup menang set langsung tanding rabu pasang indonesia raih menang kali yakovlev mokhammad kazakhstan kalah skor tanding bintang sofyan kumpul enam menang set kalah hasil posisi atas grup buka jalan fase gugur babak uji tunggu sam dea ben dea selandia lawan takluk bintang sofyan target latih slamet mulyanto juara grup capai bintang sofyan level bintang sofyan main lawan selandia kendur gas menang slamet mcy aff
FINANCE,tips pilih mitra maklon oem mitrapak eramandiri industri personal care home care indonesia prospek positif iring tingkat minta konsumen produk awat tubuh rambut bayi kondisi buka peluang laku usaha bangun merek brand skema maklon oem original equipment manufacturing pilih mitra manufaktur dasar harga kapasitas produksi kualitas produk patuh standar internasional mampu riset komitmen lanjut faktor timbang milik merek perhati pilih usaha maklon personal care home care pkrt bekal sehat rumah tangga pilih mitra milik layan lengkap kembang produksi brand kembang usaha sedia layan mudah proses luncur produk ideal usaha maklon produksi milik mampu riset kembang research development formulasi produk registrasi bpom sertifikasi halal uji stabilitas emas kirim pt mitrapak eramandiri salah usaha terap konsep layan padu usaha contract manufacturing mitrapak sedia layan oem cakup proses kembang produk tahap ide pasar dekat milik merek personal care home care fokus strategi pasar kembang bisnis pasti usaha milik sertifikasi aku internasional sertifikasi indikator proses produksi jalan sesuai standar kualitas aman tata kelola milik brand calon usaha maklon oem milik sertifikasi relevan butuh brand sertifikasi tingkat nasional internasional pt mitrapak eramandiri milik sedex smeta ursa responsible sourcing iso good manufacturing practices gmp kosmetik iso sistem manajemen mutu sertifikasi gmp bpom ri sistem jamin produk halal kombinasi sertifikasi komitmen usaha sistem operasional dokumentasi audit kala sertifikasi bentuk komitmen brand brand percaya end user produk produk karyawan keluarga pt mitrapak eramandiri direktur operasional pt mitrapak eramandiri surabaya firman terang sabtu perhati mampu inovasi alam kembang kategori produk saing industri personal care ketat diferensiasi produk faktor mampu usaha maklon oem riset cipta formulasi ikut tren pasar salah timbang mitrapak eramandiri milik tim kembang kategori produk hair care body care baby care face care home care pkrt bekal sehat rumah tangga mampu usaha bantu brand hadir produk sesuai butuh pasar penuh regulasi laku alam tangan agam kategori produk nilai brand luas portofolio produk pilih usaha milik komitmen esg lanjut komitmen environmental social governance esg perhati rantai pasok industri manufaktur personal care home care milik merek timbang mitra produksi milik peduli lingkung program corporate social responsibility csr tata kelola usaha tanggung komitmen lanjut henti terap standar responsible sourcing peduli korban bencana alam lingkung pabrik wujud program csr lanjut percaya usaha kontribusi positif masyarakat direktur pt mitrapak eramandiri elizabeth giat csr bantu korban gempa cianjur banjir cikarang salur hewan kurban raya idul adha bagi apresiasi tugas bersih kawasan industri jababeka unjung panti asuh panti jompo raya paskah natal pasti usaha milik kapasitas dukung tumbuh bisnis jangka mitra manufaktur penuh butuh produksi dukung tingkat kapasitas bisnis kembang pilih usaha milik fasilitas produksi pada alam tangan skala produksi mitrapak eramandiri milik fasilitas produksi cikarang surabaya dukung laboratorium fasilitas quality control area produksi jenis formulasi instalasi olah limbah infrastruktur usaha jaga konsistensi kualitas akomodasi butuh produksi skala pilih usaha maklon oem cari pabrik produksi barang pilih mitra bisnis dukung tumbuh merek jangka usaha milik layan padu sertifikasi internasional mampu inovasi komitmen esg kapasitas produksi pada fondasi kuat brand saing industri personal care kembang akd ega
SPORT,pukul hoki runtuh umar nurmagomedov umar nurmagomedov telan kalah song yadong lanjut ufc shovel uppercut langsung bikin umar ko sadar pukul hoki ufc fight night nurmagomedov vs song ufc shanghai gelar oriental sports center sabtu duel utama kelas bantam ufc umar nurmagomedov ranking tiga kontra song yadong ranking enam song yadong menang ko ronde shovel uppercut lepas masuk bikin umar langsung sungkur sadar tambah pukul hammer fist rangkum sumber pukul shovel uppercut pukul uppercut tinju teknik tarung mma muay thai pukul layang lintas diagonal derajat rupa gera cangkul sekop khusus pukul shovel uppercut song yadong tarung china laku cantik song yadong lepas pukul tangan kanan putar gelang tangan gelang tangan lurus song lepas jab umar nurmagomedov laku duck rendah tubuh langsung kena hantam shovel uppercut song kuping temple umar langsung jatuh sadar posisi kena pukul alir darah segar song tim baca biasa buruk umar umar suka duck serang lancar single leg takedown song timing eksekusi latih rudy hernandez bilang menang upper cut percaya laku song umar hindar perhati laku tutup song lihat video khabib nurmagomedov nikmat pensiun makan halal
FINANCE,ktt brics prabowo kaya mineral ri presiden prabowo subianto negara ubah rentan peluang dorong sejahtera masyarakat bagi indonesia upaya turut indonesia negara pulau letak cincin api aktif indonesia hidup potensi bencana alam naik muka laut cuaca ekstrem gunung rap aktif rentan prabowo indonesia milik kaya alam deret mineral kritis sumber daya baru hutan rimbun paru paru dunia darat laut simpan fondasi mineral unsur tanah jarang sumber daya baru teknologi bersih teknologi hutan napas dunia papar prabowo pidato ktt brics minggu turut laku negara anggota brics negara brics milik signifikan mineral sumber daya energi dunia milik fondasi green century bencana bencana hubung erat ubah iklim tahan bangun nasional papar prabowo turut satu sumber daya beda nyata dunia satu sumber daya kapasitas produktif mampu teknologi pasar gabung brics beda nyata vital dunia prabowo acd acd
FINANCE,suahasil bos bea cukai buru laku aktivitas ilegal menteri uang menkeu suahasil nazara pimpin lanjut tindak giat ilegal direktorat jenderal bea cukai direktur jenderal bea cukai djaka budhi utama kendor laksana tindak aktivitas ilegal tindak rokok ilegal rokok ilegal jaka jaka pake baju putih jaka gempur sepakat suahasil kantor menteri uang jakarta senin suahasil direktorat jenderal bea cukai kerja tingkat tindak aktivitas langgar ilegal jaka teman teman teman teman direktorat jenderal bea cukai pantau tangkap giat giat ilegal kuat lanjut ilegal rokok tangan sambung fdl fdl
SPORT,kampiun motogp menang tenang saing rebut gelar juara dunia motogp ketat general manager ducati corse gigi dall igna gelar juara tentu balap jaga tenang konsistensi musim dall igna analis saing motogp wawancara sky italia turut kondisi mental mampu hindar salah faktor tentu juara dunia juara dunia menang tenang musim pikir kumpul poin hindar salah dall igna lansir motosan saing musim sengit balap depan ducati aprilia kondisi dall igna nilai konsistensi koleksi menang banyak sembilan seri sisa sejarah tang balap menang konsisten stabil penting salah dall igna balap jaga oleh poin minimal salah milik peluang besar juara hasil finis konsisten harga paksa menang saing buka salah beda buru gelar motogp mampu jaga kepala dingin seri yakin dall igna kunci utama
FINANCE,usaha dorong kur mudah sasar laku usaha dorong akses kredit usaha rakyat kur mudah transparan sasar mudah biaya nilai usaha muda umkm tingkat kapasitas usaha buka lapang kerja ketua bpp himpun usaha muda indonesia hipmi ade jona prasetyo kur salah instrumen perintah luas akses biaya dunia usaha laksana kuat jangkau laku usaha milik potensi kembang kur salah tangga usaha kelas usaha muda milik usaha pasar kembang besar kapasitas butuh akses biaya pada usaha tumbuh lapang kerja cipta ade jona senin turut prinsip hati hati salur biaya laku usaha butuh informasi mudah paham syarat proses mekanisme aju kur dukung bpp hipmi kanal aspirasi damping kur jaring hipmi daerah kanal ruang laku usaha alam masuk kendala akses biaya kur hipmi milik jaring usaha daerah dengar langsung alami akses biaya soal kesiap usaha administrasi bantu arah butuh komunikasi hipmi jembatan ade jona masuk terima telaah peta ulang daerah hasil meta masuk kuat ekosistem kur ade jona langkah cari salah perintah lembaga salur turut kolaborasi perintah perban dunia usaha program biaya jalan efektif semangat cari solusi perintah dukung kur lembaga uang jalan salur prinsip hati hati hipmi bantu sisi kesiap alam usaha lapang akses biaya harap ikut kembang usaha ade jona tantang indonesia lahir usaha usaha tumbuh milik sempat kembang usaha usaha kelas kapasitas ekonomi bangun buka usaha luas produksi serap tenaga kerja cipta nilai hipmi dorong perintah ekosistem biaya tutup ade jona fdl fdl
SPORT,kelas yoga yoga outdoor cocok beginner orang urung coba yoga mikir lentur paham gera yoga proses jago pose susah kelas outdoor santai ground grow yoga buka kelas ramah mula gelar ren caf cipayung jakarta timur minggu september wib wib suasana outdoor santai bikin takut salah gera nilai orang kelas fokus mindful movement serta ajak selaras napas gera pelan pelan tekan langsung sempurna cocok banget nonton video yoga media sosial berani coba langsung siap simpel serta bawa yoga mat pakai olahraga nyaman pakai gerak saran bawa tumbler handuk sunglasses nyaman sesi ruang buka serta goodie bag registrasi venue bonus tambah alam yoga ajang olahraga ringan momen ketemu orang minat wellness gaya hidup sadar mikirin alat mahal modal utama niat yoga mat alas yoga takut salah gera kelas desain titik instruktur pandu step step buru buru biar ragu bikin tunda langsung aman slotmu detikevent
FINANCE,ihsg lemah sambut pekan indeks harga saham gabung ihsg pagi buka zona merah ihsg pantau turun level kutip rti senin ihsg wib level turun poin gera ihsg buka level level tinggi rendah volume transaksi catat miliar saham turnover rp triliun frekuensi transaksi kali saham kuat saham lemah saham alami ubah indeks saham asia nikkei pantau anjlok hang seng lemah shanghai composite index turun acd acd
FINANCE,purbaya geram usaha asing hina atur ri hantam menteri uang purbaya yudhi sadewa aku hina usaha asing nila remeh atur indonesia sebut usaha anggap atur indonesia selesai bayar orang usaha usaha tuh hina bilang gin guna ikut atur indonesia orang indonesia ubah bayar selesai purbaya rapat komite iv dpd ri kompleks parlemen jakarta senin purbaya kompromi praktik eks ketua dewan komisioner lembaga jamin simpan lps ambil tindak hantam gitu gitu ketawa ketawa hati ajar kompromi purbaya ungkap purbaya upaya benah kerja jajar paja kumpul terima negara purbaya aku proses timbul ribut laku izin baik pajak kerja mengupulkan pajak ribut purbaya benah tingkat terima negara cipta saing adil usaha domestik purbaya laku usaha negeri kembang buka lapang kerja acd acd
FINANCE,pfi mega life sabet harga human capital pfi mega life sabet harga ajang stellar workplace award capai usaha bidang human capital harga komitmen usaha bangun lingkung kerja dorong libat komitmen puas karyawan ajang pt pfi mega life insurance raih best small enterprise stellar employee engagement stellar workplace recognition employee commitment stellar workplace recognition employee satisfaction harga jalan pfi mega life bangun budaya kerja orientasi capai bisnis alam tumbuh karyawan ubah dunia kerja dinamis usaha tuntut cipta lingkung kerja produktif bangun ikat karyawan organisasi salah fokus stellar workplace award angkat tema blended workforce human machine driving employee engagement tema sorot imbang peran manusia teknologi cipta lingkung kerja adaptif pusat manusia jalan pfi mega life employee engagement bangun workplace positif dona tamba chief hr pfi mega life employee experience salah fondasi bangun budaya usaha engagement aktif karyawan libat kerja dengar harga milik sempat kembang karyawan jalan usaha kontribusi makna dona terang senin dona capai lepas kontribusi insan pfi mega life kolaborasi lintas fungsi peran pimpin upaya usaha dengar suara karyawan proses bangun lingkung kerja sehat lanjut harga milik makna hasil kolaborasi karyawan pimpin pfi mega life harga usaha individu bangun budaya kerja positif cipta lingkung orang tumbuh dampak baik dona harga best small enterprise stellar employee engagement cermin apresiasi libat karyawan pfi mega life aku kategori employee commitment employee satisfaction aspek alam karyawan lingkung kerja tiga bangun workplace positif butuh bijak program butuh libat usaha pimpin karyawan cipta budaya rasa hari pfi mega life harga tuju dorong baik dona komitmen jalan jalan usaha bangun human capital ruang karyawan kembang kolaborasi kontribusi optimal pfi mega life raih gold award indonesia human capital awards ihca apresiasi komitmen usaha kelola human capital lanjut kerja makna individu kerja milik arti beda jadi ruang kembang kejar aspirasi bangun karier dampak pfi mega life bangun workplace makna ruang individu temu cipta makna kerja laku stellar workplace award apresiasi jalan ingat hasil usaha bangun capai bisnis orang orang balik individu libat harga milik ruang kembang cipta jalan makna ara
FINANCE,danantara genggam saham bursa efek badan kelola investasi bpi daya anagata nusantara danantara kabar genggam saham milik bursa efek indonesia bei otoritas jasa uang ojk terbit atur demutualisasi bursa efek demutualisasi bei salah mandat undang undang uu kembang kuat sektor uang sk uu lembaga negara pegang saham bei bpi danantara menteri uang kemenkeu bank indonesia bi dokumen terima detikcom demutualisasi bei skema hak mes efek hmetd right issue aksi danantara genggam lembar tara saham bei lembar saham bei genggam anggota bursa ab lembar saham genggam non anggota bursa lembar saham treasuri dokumen harga nominal saham bei patok rp lembar harga sifat right issue selenggara total pegang saham tingkat dim ps anggota bursa ps non ab spab cabut pt wanteg sekuritas pt yugen tumbuh sekuritas pt ekuator swarna sekuritas pt paramitra alfa sekuritas dokumen bei temu pegang saham bahas demutualisasi tanggal juni danantara aju minat beli saham bei juli direksi bei gelar temu danantara agustus bei tunjuk retainer lawyer konsultan bisnis advisory bantu bei proses demutualisasi temu bei danantara kick due diligence tanggal agustus proses due diligence laksana agustus september proses final final report tulis dokumen detikcom senin dim informasi tunjuk konsultan valuasi konsultan hukum konsultan strategi bisnis rangka due diligence surat tanggal agustus laksana temu bi diskusi teknis rencana demutualisasi bursa efek indonesia tanggal september kembang susun rancang pojk demutualisasi dokumenter bei terima draft rpojk agustus laksana bahas tanggap rpojk rapat direksi bei tanggal agustus laksana konsultasi publik minta tanggap tulis rpojk pegang saham bursa efek tanggal agustus forum danantara bi ape hadir bei ojk tanggap rpojk surat nomor bei hkm tanggal agustus perihal tanggap bursa rpojk pegang saham bursa efek informasi kini rpojk bahas kemenkum ri ahi ara
SPORT,panas timnas basket taiwan jelang asi games jelang asi games timnas basket putra terbang taiwan ikut fiba challenger ajang bentuk mental kaohsiung taiwan september timnas basket indonesia kuat main total delapan nama latih siap tahap empat nama almando davin nepa bait halmaheranno aprianto lolaru hady erick ibrahim junior daffa dhoifullah berangkat kaohsiung bawa nama tim balige main aymane arip richard kornelius susul gabung scrimmage tim klub lokal taiwan september kaohsiung tim balige juang babak kualifikasi gabung grup tim shibuya jepang tim phoenix amerika serikat shibuya tim profesional kuat main jepang rekrut latvia kristaps gluditis zigmars raimo main senior usia tahun phoenix usa isi main matang usia kualfikasi grup balige isi main muda usia wakil ketua program badan tim nasional btn dpp basi general manager timnas putra derry primasta octa kirim main muda sesuai regulasi asi games batas usia maksimal basket alam rasa atmosfer tanding ajang internasional butuh main bentuk karakter main asi games derry terang tim balige kuat main usia muda kirim ajang tuju bentuk mental tanding ambil alam rasa atmosfer tanding level internasional derry tekan hasil nomor utama proses hasil tanding proses bentuk tim paham main jalan strategi main training camp nasional asi games hasil maksimal asi games timnas basket putra gabung pool indonesia saing lawan qatar taiwan bahrain komposisi main baik proses training camp jalan pimpin coach donnda ubah positif fiba batam challenger mari dukung anak anak muda prestasi indonesia wakil kancah global basket ultimately baik asi games derry mcy aff
FINANCE,bapanas masyarakat lapor pungli bansos badan pangan nasional bapanas masyarakat adu hotline bapanas nomor website ppid badanpangan go id susul lapor duga pungut terima bantu pangan daerah salur juli september direktur distribusi cadang pangan bapanas rachmi widiriani toleransi praktik pungut bentuk kpm nama sumbang sukarela dalih bantu pangan beras salur perintah keluarga terima manfaat kpm terima utuh volume potong bentuk bantu pangan hak penuh kpm terima utuh volume kondisi potong peser jajar daerah damping aparat desa tugas salur pungut alas lapor tindak lanjut perum bulog perintah daerah rachmi terang kutip minggu perintah menindaklanjuti duga pungut lapang proses distribusi koordinasi perum bulog laksana salur perintah daerah perintah daerah telusur benar lapor duga pungut tuntas bapanas buka ruang adu masyarakat kanal whistleblowing system wbs resmi lembaga kpm masyarakat temu indikasi simpang salur bantu pangan kuat monitoring evaluasi langsung titik titik salur proses tertib transparan utuh tangan terima imbau masyarakat ragu lapor temu indikasi pungut simpang lapang rachmi program bantu pangan beras tahap sasar kpm indonesia masuk kategori desil data tunggal sosial ekonomi nasional dtsen menteri sosial beda skema salur tahap kilogram alokasi juli agustus september kali rapel salur kilogram beras kpm total tugas salur cadang pangan perintah cpp program capai ton beras indonesia target salur rampung september sebut proses distribusi september jalan daerah pantau giat monitoring evaluasi perum bulog perintah daerah rachmi tekan bantu pangan beras program bantu sosial perintah biaya tanggung negara pungut bentuk sah kena kpm ambil bantu kantor desa lurah titik distribusi acd acd
SPORT,debut rok cup indonesia barra ghaisan toreh catat positif barra ghaisan zeinatma kembang positif musim debut eshark rok cup indonesia turun kelas mini rok balap muda indonesia koleksi podium jalan proses adaptasi musim balap usia kuat avenue rising star racing team tampil round adaptasi dengangokartbaru seri barra finis posisi tingkat peringkat seri performa barra tonjol seri raih posisi kategori mini newbie peringkat tiga mini rok rising star pasuk seri barra podium juara kategori mini newbie runner mini rok performa lanjut seri september raih posisi mini newbie posisi mini rok posisi empat mini rok rising star musim proses ajar barra seri alam tantang ayah barra jeffri ardiatma awak media jeffri barra perhati didik barra catat siswa kelas smp labschool cirendeu barra fokus sekolah harap baik barra selesai musim pertama kelas mini rok barra proyeksi kelas junior rok eshark rok cup indonesia jadwal ikut seri rok cup asia macau malaysia thailand
FINANCE,transmart full day sale beli sepeda murah pesta diskon tajuk transmart full day sale sapa langgan setia transmart gelar tawar produk diskon gede gede aneka sepeda diskon langgan kartu kredit bank mega kartu kredit bank mega syariah promo gerai transmart indonesia toko buka tutup wib khusus diskon aneka sepeda khusus pulau jawa harga sepeda banderol harga promo rp harga normal rp harga murah transaksi pakai kartu kredit bank mega kartu kredit bank mega syariah rp langgan hemat total rp ribu beli pulau jawa produk aneka sepeda jual harga promo rp harga rp transaksi kartu kredit bank mega kartu kredit bank mega syariah langgan bawa pulang harga sale rp langgan hemat rp ribu kartu kredit bank mega khawatir unit buka instan sedia gerai cibubur central park lupa rapat transmart full day sale nikmat diskon besar acd acd
SPORT,marc marquez jorge martin lawan jorge martin gentar marc marquez dekat klasemen motogp balap aprilia lawan sang juara tahan marc raih menang sprint motogp aragon martin finis unggul puncak klasemen pangkas poin marco bezzecchi intai tinggal poin martin martin aku aprilia sulit aragon jadi absen balap cedera alas alas balap ikut cepat martin motogp com sulit coba jaga sederhana ubah motor butuh bantu martin nilai hasil turun saing musim penuh martin incar bangkit misano suka karakter sirkuit aprilia kompetitif juara balap aprilia balap buruk misano trek suka milik grip pikir aprilia gaya bangkit cepat martin takut marc susul jarak poin marc rival dekat martin martin percaya pikir marco marc kandidat juara analis saing bezzecchi marquez proses ajar pimpin gila senang pikir tahan pimpin marc susul martin harap alam balap modal hadap saing pikir balap bagus harap ajar balap bantu tarung
FINANCE,integrasi bri gadai pnm hasil dorong juta umkm kelas bentuk september holding ultra mikro umi integrasi pt bank rakyat indonesia persero tbk bri pt gadai pt modal nasional madani pnm kembang salah ekosistem daya ekonomi rakyat besar indonesia luas akses biaya holding umi hasil bangun ekosistem uang integrasi biaya simpan transaksi daya damping usaha bentuk aset masyarakat ekosistem emas bentuk holding umi berangkat tantang jangkau segmen usaha ultra mikro oleh layan uang formal optimal integrasi bri gadai pnm skala jangkau layan luas masyarakat akses modal oleh sempat tingkat kapasitas usaha bangun tahan ekonomi keluarga triwulan ii holding umi hasil layan juta debitur aktif kelola juta rekening simpan mikro sinergi dorong juta debitur kelas cermin jalan nasabah segmen akses layan biaya luas group ceo bri hery gunardi jalan holding umi integrasi entitas kuat beda cipta dampak ekonomi luas kuat holding umi topang integrasikeunggulan entitas bri milik jaring kapabilitas biaya umkm infrastruktur luas gadai milik kompetensi biaya bas gadai ekosistem emas pnm milik kuat daya damping kelompok usaha ultra mikro hery terang tulis minggu integrasi masyarakat oleh layan butuh tahap kembang ekonomi laku usaha oleh damping biaya ultra mikro tumbuh oleh akses biaya kapasitas manfaat layan transaksi simpan investasi layan uang salah infrastruktur bangun kuat integrasi jaring kantor luas triwulan ii kantor bri gadai pnm masyarakat akses butuh uang ekosistem holding umi catat milik ribu tenaga pasar ujung tombak jangkau damping masyarakat tingkat komunitas hadir mantri bri tenaga pasar gadai account officer ao pnm peran luas akses biaya layan uang bangun dekat nasabah paham butuh karakteristik usaha edukasi uang damping laku usaha kembang kapasitas usaha jalan salah ukur hasil holding umi besar biaya salur mampu ekosistem cipta mobilitas ekonomi triwulan ii juta debitur kelas capai gambar akses biaya serta daya damping buka jalan laku usaha tingkat skala kapasitas usaha hery hasil holding umi ukur ubah kondisi ekonomi nasabah ekosistem hasil besar oleh biaya hasil sungguh usaha tumbuh dapat tingkat mampu tabung akses layan uang luas tingkat sejahtera hery kelas salah agenda dorong sambung pasuk lima transformasi holding umi gerak tahap luas inklusi literasi uang kembang salah satu kuat ekosistem emas gadai agustus ekosistem emas holding umi capai ton kapabilitas gadai kembang ekosistem emas cakup layan gadai biaya bas emas tabung emas transaksi emas digital bullion services integrasi luas akses masyarakat emas instrumen simpan nilai bentuk aset jangka kembang kembang holding umi masyarakat butuh akses modal dorong tahap bangun biasa tabung kuat tahan uang milik aset hery holding umi fondasi bangun fase tumbuh skala ekosistem bentuk fokus masyarakat oleh manfaat ekonomi integrasi bri gadai pnm tuju holding ultra mikro ekosistem uang skala ekosistem buka jalan masyarakat gerak akses uang daya daya sejahtera hery kontribusi bri group kuat ekonomi rakyat cipta tumbuh inklusif pungkas
FINANCE,elnusa petrofin armada personel distribusi bbm makassar pt elnusa petrofin epn terjun awak mobil tangki amt tambah puluh armada lintas daerah langkah antisipasi tingkat butuh bahan bakar minyak bbm bentuk koordinasi dukung elnusa petrofin pt pertamina patra niaga manager corporate communication relation pt elnusa petrofin putiarsa bagus wibowo operasional usaha fokus salur bbm fasilitas depot masyarakat cepat rata wujud nyata dukung pertamina patra niaga elnusa petrofin siaga awak mobil tangki wilayah makassar formasi cakup personel reguler kuat puluh personel bantu tambah putiarsa terang tulis minggu epn operasi total mobil tangki kapasitas muat cakup mobil tangki bantu kendari kolaka donggala unit mobil tangki spot charter putiarsa tambah armada operasi cepat kirim bbm fasilitas depot spbu sisi armada total mobil tangki kapasitas muat operasi jalur distribusi mobil tangki bantu wilayah kendari kolaka donggala unit mobil tangki spot charter khusus operasi mangkas kirim lead time spbu sambung putiarsa optimalisasi salur tambah awak bantu wilayah operasional elnusa petrofin personel asal wilayah indonesia sumatera kalimantan kawasan timur indonesia bitung jayapura tambah personel siap dukung ritase distribusi jalan jam aktivitas distribusi tingkat epn tempat aspek selamat kerja prioritas hadap siklus logistik tuntut waspada usaha pantau kondisi operasional awak lapang lancar salur imbang atur rotasi kerja struktur skema tugas libur penuh pola operasional tambah personel terap jaga stamina awak cegah risiko lelah fatigue rit antar awak wajib jalan periksa sehat fit work standar operasional operasional bisnis utama elnusa petrofin manajemen distribusi energi transportasi bbm depot kelola fasilitas spbu pertamina patra niaga elnusa petrofin optimal armada lapang salur bbm wilayah makassar jalan lancar langkah mitigasi logistik jalan jam nonstop masyarakat imbau tenang beli bbm sesuai butuh hari normal sedia pasok spbu jaga
SPORT,atlet satu kunci maju olahraga nasional maju olahraga negara mampu atlet fakto pengaruh sistem bina sport science infrastruktur kompetisi tata kelola bijak lanjut faktor salah bahas bedah buku bangun otot negeri kertas karya sadik algadri gelar gedung serbaguna gbk jakarta sabtu forum temu tokoh latar beda akademisi wartawan senior olahraga praktisi insan olahraga akademisi filsuf rocky gerung bedah isi buku olahraga indonesia milik atlet atlet bakat butuh ekosistem olahraga kuat profesional bas ilmu tahu lanjut sadik percaya prestasi internasional lahir atlet hebat prestasi butuh ekosistem kuat sambung buku bangun otot negeri kertas sadik mantan atlet judo nasional indonesia coba bongkar belenggu olahraga indonesia atlet atlet indonesia diri sejajar atlet baik dunia lengkap kompetisi gembira kuat hitung rocky indonesia maju olahraga buku rujuk kelola olahraga indonesia tumpuk regulasi terbit undang undang produksi jargon jargon teknokrat megah sport science long term athlete development produk mutakhir desain olahraga nasional dbon rocky buku bangun otot negeri kertas gagas brilian solusi tingkat prestasi olahraga nasional indonesia pungkas
SPORT,derrick michael wujud mimpi tampil asi games mata derrick michael xzavierro binar bicara asi games wujud mimpi kecil kali tonton asi games gelar jakarta asi games jakarta mimpi sma gelora karno tonton suasana bagus tonton derrick temu jakarta selatan sabtu ayal mimpi wujud derrick aku antusias klub naung saga ballooners izin kuat indonesia antusias banget kali tampil asi games salah impi main asi games asi games derrick kawan kawan langsung hadap tantang lawan tuan rumah aichi nagoya september alih alih gentar derrick semangat derrick biasa atmosfer basket jepang rasa jersey merah putih main lawan jepang arena salah arena besar league excited main derrick semangat rekan rekan jepang dukung penuh asi games oh iya teman teman jepang league tim dukung kemarin latih bulan bilang tonton tanding laku baik dukung asal jepang dukung salah main untung saga dukung penuh indonesia basket usia beber target pribadi debut asi games target pribadi pasti menang banyak kontribusi bagus bagus tim moga menang tanding lolos grup derrick masyarakat indonesia butuh dukung full support dukung mcy aff
FINANCE,harga minyak tembus us barel harga minyak dunia lesat arab saudi tutup east west pipeline jalur kirim minyak lewat selat hormuz lansir cnbc senin dagang minggu harga minyak west texas intermediate wti us barel harga minyak brent kerek level us barel tutup east west pipeline rusak akibat serang drone luncur irak kamis perintah arab saudi ungkap tingkat rusa pipa jalur henti operasi serang imbas agenda diplomatik kawasan temu iran negara negara arab teluk sedia gelar senin om bahas situasi selat hormuz tunda capai sepakat temu regional jadwal besok sala tunda komitmen dorong dialog dukung stabilitas kerja jangka kawasan menteri negeri om badr albusaidi minggu kondisi aman selat hormuz reda kapal tanker serang minggu alami bakar hebat lapor united kingdom maritime trade operations center east west pipeline milik kapasitas juta barel minyak jalur bentang lintas arab saudi hubung kawasan hasil minyak teluk sia terminal ekspor pesisir laut merah ada pipa perang iran ganggu pasok minyak saudi manfaat alih kirim minyak kawasan teluk rebut kendali selat hormuz iran amerika serikat ceo saudi aramco amin nasser sebut pipa peran jaga stabilitas pasar minyak banding lepas cadang minyak strategis besar pimpin nyata nasser papar kerja usaha agustus tekan arab saudi kelompok kelompok senjata sekutu iran pekan kelompok houthi yaman serang fasilitas energi aset sipil saudi lapor media perintah saudi serang sebab orang luka houthi lapor rebut pulau rim selat bab el mandeb kuasa kota labuh mokha pesisir barat yaman kuasa wilayah posisi houthi kuat ganggu lintas minyak bab el mandeb salah akses hubung laut merah selatan pasar global houthi umum embargo maritim arab saudi juli simak video wapres harga minyak iran tembak kapal selat hormuz acd acd
SPORT,marc marquez sirkuit mandalika buruk buat rider ducati marc marquez saing titel juara dunia motogp marquez aku khawatir balap mandalika sukses sapu seri aragon bawa marquez dekat puncak klasemen motogp jorge martin koleksi poin superstar balap motor spanyol huni peringkat tinggal poin marco bezzecchi intai posisi tiga raup poin sisi juara motogp milik sembilan seri sisa total balap motogp indonesia gelar sirkuit mandalika tempat putar oktober marc marquez pikir saing gelar jorge martin bezzecchi balap usia fokus lakon balap balap waspada balap mandalika sejarah indonesia buruk buat memori buruk ceplos juara dunia motogp tujuh kali lansir crash sirkuit sirkuit balap balap mari pulih tenaga balap fokus misano motogp mandalika bak kutu marc marquez mantan rider honda gresini finis edisi balap motogp mandalika edisi marquez tabrak marco bezzecchi alami patah tulang selangka cedera ganggu
SPORT,men world tennis championship nathan barki perempatfinal tenis indonesia nathan barki laju perempatfinal amman mineral men world tennis championship rafalentino ali da costa ethan david zapp tembus semifinal tanding babak seri iv lapang bal beach country club kamis nathan temu kompatriot anthony susanto duel wakil tuan rumah imbang kejar kejar poin skor kuat set pasuk game kali deuce nathan patah servis anthony tutup set menang tempo menit set nathan awat medis akibat lengan kanan sakit alhasil tenis putus mundur nathan hak tiket perempatfinal menang nathan prihatin kondisi anthony harap anthony cepat pulih sedih menang anthony henti cedera harap tahan performa fokus laga laga nathan rilis detiksport nomor tunggal putra rafalentino serah set langsung tempo jam menit wakil india karan singh gagal tebus rafalentino sempurna turun ganda putra ethan david zapp singkir unggul isaac becroft reece falck selandia motivasi main beban rafalentino usia ethan tarung menang jam menit gembira menang nyang kalah unggul upaya tampil beban laga main ethan amin rafalentino rafalentino ethan david temu unggul empat sebastian grundtvic jorgensen ryotaro taguchi semifinal sebastian ryotaro kalah leo borg eric ahren swedia skor super tiebreak mrp bay
SPORT,gtwce sean gelael gagal poin jerman balap gt world challenge europe gtwce jerman pahit sean gelael af corse gagal poin balap putar empat endurance cup sirkuit nurburgring minggu malam wib sean lilou wadoux arthur leclerc start impresif posisi hasil buruk kualifikasi mobil ferrari kendara sean lawan nurburgring mobil nomor nomor af corse finis tiga belgia selesai balap posisi paut menit banding sang menang tim comtoyou racing af corse ubah urut selisih menit detik menang mobil ferrari kalah detik lap mobil tim balance performance bop handicap besar rilis karakter sirkuit beda banding spa francorchamps ferrari daya cengkram mobil ada safety car sc bantu dekat jarak mobil tolong jam balap nurburgring sc kali masuk trek menetralisir lomba tim mercedes amg team mann filter juara gtwce endurance cup balap pamungkas gtwce gelar sirkuit algarve portimao portugal tarik pekan bareng putar fia wec barcelona spanyol kompromi race gtwce sabtu fia wec minggu
FINANCE,hitung data uang excel yuk kuasa rumus orang bidang akuntansi excel salah tools olah data uang catat transaksi hitung angka rekap susun lapor excel data paham rumus fungsi excel andal hitung manual kerja salah masuk hitung data mudah hitung excel bantu analisis excel milik fungsi butuh akuntansi uang rumus analysis hasil kondisi skenario uang paham fungsi excel manfaat hitung data bantu proses analisis sayang guna excel biasa fungsi fungsi rumus dasar bingung olah data uang butuh spesifik ajar excel relevan kerja akuntansi tingkat mampu excel butuh accounting finance excel accounting accelerator program reguler batch pilih program bahas guna excel akuntansi uang formula olah data pivot table data validation analisis uang buat dashboard lapor serta ajar latih studi guna excel paham teori program online zoom kali temu september wib olah data uang excel manual rumus yuk tingkat mampu excel mu butuh akuntansi uang daftar detikevent ikut kelas hns hns
FINANCE,bbm subsidi bahlil harga dunia naik menteri energi sumber daya mineral esdm bahlil lahadalia perintah naik harga bbm subsidi harga minyak dunia tingkat tajam bahlil langkah tahan harga bbm subsidi jaga daya beli masyarakat alhamdulillah komitmen harga subsidi desember harga dunia naik laku bahlil acara innovation technology social environmental awards intechsea jakarta senin bahlil harga minyak dunia capai us barel harga minyak dunia januari september kisar us barel angka asumsi harga minyak anggar dapat belanja negara apbn level us barel target apbn us barel bayang subsidi putar otak presiden urus energi urus hajat hidup orang rumus bijak kondisi global pasti harga jaga bahlil langkah perintah aman pasok bbm beli minyak negara rusia langkah beli minyak rusia hubung diplomatik bahlil indonesia negara merdeka jalan politik negeri bebas aktif inti bahlil indonesia cari sumber minyak negara barang harga murah urus laut laut langit barang harga murah bahlil cadang bbm nasional standar minimum nasional umum stok bbm standar minimum nasional standar minimum nasional hrp fdl
SPORT,men world tennis championship rafalentino anthony babak tenis indonesia susul nathan barki lolos babak seri iv men world tennis championship rafalentino da costa anthony susanto tanding babak lapang bal beach country club nusa rabu rafalentino hadap shanker heisnam india tinggal set rafalentino goyah sama skor menang skor hasil comeback set bikin rafalentino pacu semangat menang mudah set skor jam menit rafalentino aku kaget pola main lawan set tekan gaya lawan temu celah serang kaget lawan agresif tekan salah redam serang serang kejar defisit poin sama skor motivasi percaya tang tanding rafalentino rilis detiksport tenis indonesia lolos anthony susanto kalah hitesh chauhan set langsung sayang anthony hadap nathan barki rebut tiket perempatfinal kamis tenis indonesia gagal lolos gunawan trismuwantara tenis jalur kualifikasi kalah karan singh unggul empat set langsung kalah set gunawan lawan keras skor imbang set tenang alam karan usia hasil patah servis gunawan gim tutup laga skor
FINANCE,menkeu ganti purbaya suahasil pasar khawatir menteri uang suahasil nazara pesan pasar lantik presiden prabowo subianto ganti purbaya yudhi sadewa laku pasar khawatir arah kelola uang negara suahasil nilai tunjuk menteri uang ubah kelola uang negara wakil menteri uang suahasil nilai investor milik logika masuk akal mudah bawa sentimen lihat pasar logika sila sila ubah lanjut aja ubah lanjut teman teman menteri uang lanjut jaga uang negara suahasil lantik istana negara jakarta pusat senin suahasil lanjut tugas jaga uang negara apbn tumbuh ekonomi stabil ekonomi amanat kuat menteri uang institusi negara alas lantik kuat uang negara lanjut laku menteri uang menteri pegawai indonesia tumbuh ekonomi stabil ekonomi indonesia prioritas jalan apbn kredibel jalan apbn percaya komunikasi publik percaya apbn dukung program prioritas perintah suahasil ara
FINANCE,ri dorong pakai mata uang lokal brics hadap ketidakpastian global bank indonesia bi dorong guna mata uang lokal transaksi local currency transaction lct tingkat konektivitas bayar lintas negara anggota negara brics ketidakpastian global temu menteri uang gubernur bank sentral brics nd brics finance ministers central bank governors meeting brics fmcbg september mumbai india delegasi indonesia hadir gubernur bank indonesia destry damayanti wakil menteri uang juda agung temu cakup pimpin bank sentral menteri uang negara anggota brics indonesia brasil rusia india tiongkok afrika selatan mesir uea ethiopia iran destry jaga stabilitas kuat sumber tumbuh hadap tegang geopolitik fragmentasi ekonomi bi dorong kuat kerja konkret brics guna mata uang lokal transaksi konektivitas bayar lintas negara indonesia peluang strategi brics ubah tantang tahan kuat kerja konkret transaksi mata uang lokal konektivitas bayar lintas negara perhati tahap bangun prioritas nasional negara destry terang minggu temu negara negara anggota brics pakat komitmen kuat kerja ekonomi uang tingkat tahan hadap tantang global sepakat rumus pasca bahas isu strategi kuat tahan tumbuh transformasi digital ai konektivitas bayar lintas negara guna mata uang lokal tahan siber uang lanjut brics tekan kuat arsitektur uang global reformasi tata kelola imf kuat suara representasi negara kembang jalan sepakat tekan indonesia jadi agam karakteristik negara anggota kuat bangun kerja lengkap hasil nilai rangkai temu mumbai destry temu bilateral gubernur reserve bank india rbi sanjay malhotra temu bahas cepat kerjasama local currency transaction lct indonesia india local currency bilateral swap arrangement lcbsa konektivitas bayar qr antarnegara kerja salah langkah terjemah komitmen brics konektivitas ekonomi uang manfaat negara temu brics fmcbg pakat nyata refleksi komitmen hadap tantang ekonomi global indonesia pandang jaga ruang dialog bangun jembatan fragmentasi global sinergi bank indonesia perintah indonesia kontribusi agenda kerja internasional hasil langkah langkah konkret inklusif jalan prioritas nasional dukung tahan ekonomi uang indonesia simak video prabowo ajak ubah rentan kuat ekonomi ktt brics acd acd
SPORT,timnas basket gelombang asi games timnas basket putra indonesia rombong kontingen merah putih terbang nagoya asi games moga timnas basket tolak nagoya senin malam terbang surabaya transit singapura nagoya jepang yudha saputera berangkat tanding sisih grup kamis buka asi games september kontingen tanding cdm indonesia todotua pasaribu harap khusus harap tim basket endorsement positif buka percaya tim basket baik buka asi games kabar cdm indonesia todotua pasaribu warta temu kawasan jakarta selatan turut momentum manfaat timnas lolos basket indonesia asi games slot buka rombong slot masuk cdm kali tim keluarga basi timnas basket indonesia kabar nagoya selasa langsung masuk kompleks athlete village adaptasi cdm tim sambut timnas basket putra siap masuk kompleks athlete village siap cdm dukung backup masuk official team cdm stand todotua berangkat kontingen sebut kloter kait atur berangkat cabor tanding indonesia ikut cabang olahraga jadirata berangkat tanding cabor rombong masuk maksimal kloter pungkas todotua mcy aff
SPORT,hasil china masters sabar reza menang laju perempatfinal sabar karyaman gutaman mohammad reza pahlevi isfahani laju perempatfinal china masters sabar reza kalah daniel ludgaard mads vestergaard babak bwf super china masters temu sabar reza lundgaard vestergaard denmark tanding gelar court shenzen arena kamis malam wib sabar reza rebut poin lundgaard vestergaard sama duduk sabar reza pimpin angka capai interval unggul pasang indonesia unggul angka lundgaard vestergaard rebut angka untun sama duduk sabar rerza lepas tekan jauh sabar reza capai game point unggul sabar reza tutup gim unggul main positif sabar reza pasuk gim sabar reza mampi jaga unggul angka lundgaard vestergaard unggul interval sabar reza jauh kejar poin capai match point bola lundgaard vestergaard menang sabar reza hasil antar sabar reza lolos perempatfinal china masters sabar reza satu wakil indonesia sisa jonathan christie leo rolly carnando daniel marthin ali faathir rayhan devin artha wahyudi singkir sabar reza laju perempatfinal menang skor kembar ganda denmark badminton indonesia inabadminton september nice work sabrez badmintonindonesia chinamasters pic twitter com ivemnqnriz
FINANCE,menhub kmp virgo transport overload layar menteri hubung dudy purwagandhi kmp virgo transport lebih muat dudy duga muncul kapal alami insiden maut lebih muat layar informasi terima kapasitas kapal isi maksimal tekan sabar tunggu investigasi komisi nasional selamat transportasi knkt sebab celaka kmp virgo transport layar kondisi overload tunggu investigasi knkt sebab celaka kapal dudy terang resmi senin knkt turun lapang investigasi paralel knkt kumpul data spesifikasi kapal wawancara tumpang kru selamat cari tumpang kmp virgo transport celaka air laut jawa pasuk tumpang selamat hasil temu tim gabung orang orang nyata tinggal dunia dudy personel gabung operasi cari tambah personel harap proses cari tumpang optimal temu tumpang selamat dudy tumpang selamat butuh tangan medis tumpang rujuk rumah sakit tumpang selamat kondisi serah operator layar antar rumah ara
FINANCE,biang kerok harga cabai tembus rp ribu kg harga cabai rawit tingkat konsumen alami naik tembus rp kilogram lonjak harga picu cuaca panas esktrem menggangu sedia air pusat informasi harga pangan strategis nasional pihps bank indonesia bi naik tajam cabai merah keriting lesat rp kg cabai rawit merah lonjak level rp kg ketua asosiasi champion cabai indonesia tunov mondro atmojo tren naik harga rasa tingkat tani tengah agustus turut faktor utama roket harga cabai krisis sedia air picu cuaca panas fenomena el nino sebab naik sebab murni faktor cuaca akibat sedia air habis tanam cabai tani tanam andal tanam eksisting produksi tunov detikcom minggu kondisi cuaca panas sedia air pohon cabai alami gagal bunga henti produksi bunga akibat tani rawat sisa cabai tahan pohon tunov sebut ancam turun produksi tingkat produsen upaya tani tanam kerap gagal bibit hidup pasok air pada cuaca khawatir stok nasional kurang depan turnov perintah salur bantu sumur bor pipanisasi wilayah sentra produksi kendati antisipasi maksimal stok air lahan tanam tanam bantu perintah turun lambat sumur sumur bor pipanisasi untuk tanam cabai wilayah sentra imbuh nada ketua asosiasi agribisnis cabai indonesia aaci abdul hamid naik harga cabai murni sebab ganggu produksi daerah daerah sentra daerah jawa timur jombang diri blitar hasil panen volume lapor minim ganggu produksi akibat cuaca prediksi pengaruh volume panen oktober pasok cukup november volume panen cuaca oktober november abdul detikcom ganggu produksi cipta harga cabai tingkat tani kisar rp rp kilogram sampa pasar induk harga kerek rp rp kilogram sentuh angka rp rp kilogram beli konsumen pasar tingkat tani rp rp kg lihat pasar induk rp rp belanja rp rp upaya redam harga cabai tanggap fluktuasi harga cabai badan pangan nasional upaya mobilisasi stok daerah surplus daerah defisit salah satu program fasilitas distribusi pangan fdp program laksana perintah kolaboratif champion cabai ampuh tekan harga cabai deputi sedia stabilisasi pangan badan pangan nasional bapanas gusti ketut astawa upaya atas fluktuasi harga cabai terap bapanas menteri tani tan jalin koneksi fdp jalan sasar daerah alami dinamika harga fluktuatif cabai rawit informasi diri dinamika harga pasok respons koneksi teman teman tan wilayah dukung fdp ketut terang kutip minggu libat tani champion cabai bina tan pegang andil upaya penstabilan harga cabai rawit berkat kolaborasi erat pasok cabai rawit harga jangkau guyur daerah fluktuasi faktor tekan harga daerah jawa harga relatif jangkau fdp wilayah wilayah harga undang tani champion bantu distribusi wilayah wilayah harga relatif ketut catat bapanas fdp cabai rawit laksana triwulan total capai kilogram kg mobilisasi stok cabai rawit enrekang sulawesi selatan pasar induk kramat jati jakarta kg lombok lombok timur nusa tenggara barat kg kg implikasi positif april turun inflasi komponen harga gejolak volatile food inflasi pangan reda tekan harga pangan agama nasional hbkn ramadan idulfitri cabai rawit salah sumbang deflasi april sisi rapat koordinasi bapanas tani cabai ungkap faktor sebab fluktuasi harga cabai rawit faktor pengaruh kemarau panjang organisme ganggu tanam opt trips kutu kebul alih tanam komoditas kendati upaya tan sektor hulu yakin atas tantang direktur sayur tanam obat sto tan sudi mardianto produksi cabai rawit nasional aman cabai rawit nasional produksi september ribu ton jawa timur banyuwangi standing crop hektare sampang hektare produksi ribu urai sudi daerah jawa pusat tanggung brebes magelang produksi relatif rendah tanam atas potensi naik jelang natal sambung sudi sudi tani cabai rawit bina tan dukung program penstabilan harga perintah program fdp laksana guyur daerah alami harga cabai rawit fluktuasi lihat video pramono harga cabai intervensi turun acd acd
SPORT,hasil china masters sabar reza menang gim langsung sabar karyaman gutama moh reza pahlevi isfahani lolos babak china masters singkir wakil korea kang min hyuk ki ju menang straight game sabar reza hadap kang ki shenzhen arena guangdong rabu sore wib butuh menit sudah lawan kang ki tanding jalan ketat gim sabar reza unggul kang ki interval lepas interval kang ki balik unggul sabar reza posisi kejar posisi tinggal sabar reza rebut angka untun salip kang ki sama duduk sabar reza tenang poin poin krusial rebut angka untun aman gim sabar reza tampil dominan gim unggul sabar reza biar kang ki kembang main sabar reza jaga unggul kunci menang skor babak sabar reza hadap wakil denmark daniel lundgaard mads vestegaard
SPORT,dki jakarta gelar pon pantai november koni dki jakarta jelang pon salah satu tuan rumah pon pantai november rangka wujud misi juara pon koni dki dinas pemuda olahraga spora dprd urus cabor kolaborasi matang siap dekat kolaborasi wujud laksana pekan olahraga nasional pon pantai gelar ancol jakarta november ajang nasional perdana kolaborasi koni pusat pemprov dki koni dki jakarta pt bangun jaya ancol ketua koni provinsi dki jakarta hidayat humaid pon pantai ajang tingkat prestasi olahraga harap gerak ekonomi masyarakat umkm kawasan ancol hidayat press gathering media tema gerak jakarta juara jakarta kamis hadir kepala dinas pemuda olahraga spora dki jakarta andri yansyah sekretaris koni dki aminulah wakil ketua fatchul anas wakil ketua anondo eko bendahara hadameon aritonang pon pantai prestasi giat olahraga nasional gerak ekonomi masyarakat umkm lokasi guru fakultas ilmu olahraga sehat fikk universitas negeri jakarta unj terang media hidaya gerak jakarta juara komitmen koni dki wujud harap warga jakarta rindu juara pon koni gerak pr tantang wujud juara sambung pon pantai ancol tanding cabang olahraga disiplin akuatik bola basket bola voli pantai bola tangan pantai layar modern pentathlon rugby pantai selam laut teqball triathlon visitasi pon pantai ancol koni pusat spora koni dki cabor tinjau lokasi tanding veneu waketum koni dki jakarta fatchul anas anas pantai festival lokasi akuatik renang air buka selam laut kawasan lagoon bola voli pantai layar beach city international stadium bcis venue triathlon teqball bola tangan pantai bola basket beach pool rugby pantai modern pentathlon akuatik polo air venue pakat anas
FINANCE,bahlil pasti cadang bbm menteri energi sumber daya mineral esdm bahlil lahadalia stok bahan bakar minyak bbm nasional kondisi aman stok bbm nasional batas minimal batas cadang minimal bbm nasional rentang bahlil merespon antre kendara spbu makassar umum stok bbm standar minimum nasional standar minimum nasional bahlil acara innovation technology social environmental awards intechsea jakarta senin bahlil kondisi antre kendara makassar fenomena alih shifting masyarakat bbm nonsubsidi bbm subsidi geser beda harga bbm nonsubsidi bbm subsidi orang pakai subisidi shifting subsidi harga lonjak makassar unhas masuk makassar bahlil acara sesi talkshow innovation technology social environmental awards intechsea jakarta senin cek cadang nasional logic antre sambung bahlil bahlil bilang kondisi antre kendara spbu makassar parah duga kendara modifikasi isi bbm subsidi dukung polisi menindaklanjuti duga tolong kerja polisi shifting mobil mobil pajero mobil mobil truk bikin tangki gede liter ton isi minyak situ bahlil hati model tunggu menteri esdm langit bos bahlil bahlil indikasi antre rekayasa motor mobil kosong tangki bensin sengaja antre indikasi sengaja motor mobil antre tangki kosong antre isi liter liter liter bahlil hrp hns
SPORT,spesial jakarta international jakarta international pasuk edisi spesial event gelar sama raya olahraga nasional sukses rangkai milo activ indonesia race yogyakarta medan bandung surabaya ikut serta gelar acara puncak ajang lari jakarta international minggu selenggara gelora karno jakarta minggu ajang lari ikut serta partisipasi kategori open closed family run edisi kali tepat raya haornas jatuh september menteri pemuda olahraga republik indonesia erick thohir apresiasi nestle milo komitmen gelar ajang jakarta wujud nyata usaha upaya sehat hidup bangsa ekosistem olahraga wujud masyarakat indonesia sehat aktif olahraga kolaborasi kuat apresiasi komitmen nestle milo konsisten hadir program giat dukung partisipasi masyarakat olahraga milo activ indonesia race jakarta international inisiatif jalan upaya budaya olahraga masyarakat harap sinergi perintah sektor swasta komunitas masyarakat kuat bangun ekosistem olahraga inklusif lanjut dampak positif indonesia erick rilis detiksport brand komitmen dorong gaya hidup aktif nestle milo sadar peran olahraga bantu masyarakat jaga sehat bangun nilai nilai karakter positif hidup sukses selenggara rangkai milo activ indonesia race kota antusias bawa semangat kota milo activ indonesia race jakarta international harap ajang inspirasi masyarakat usia latar aktif nikmat olahraga bawa semangat energitanpabatas hidup hari marketing manager beverages confectionery business unit pt nestle indonesia alaa shaaban jakarta international hadir kategori open buka lari indonesia serta negara dunia hadir serta internasional komitmen hadir wadah olahraga inklusif temu masyarakat semangat olahraga lari gaya hidup aktif jakarta international nestle milo dorong partisipasi masyarakat luas olahraga kontribusi kuat posisi jakarta salah destinasi dinamis selenggara ajang olahraga internasional lari jarak cepat konsistensi berani tantang komunitas dukung milo activ indonesia race jakarta international sempat tarik temu lari latar lari internasional harap masyarakat inspirasi lari jadi olahraga gaya hidup papar giat olahraga lari shanada jzen menteri pemuda olahraga kemenpora nestle milo kolaborasi dukung indonesia sports summit iss wadah olahraga skala nasional temu mang penting olahraga kuat kolaborasi dorong maju ekosistem olahraga indonesia race pack collection rpc jakarta selenggara iss tuju bangun antusiasme erat koneksi lari komunitas olahraga mang penting jelang lomba
SPORT,ktm suka antusiasme luca marini ktm alas rekrut luca marini tech motogp balap italia nilai bawa alam bantu ktm kembang motor era marini tinggal honda hrc musim gabung tech pindah resmi umum agustus salah proyek tech ktm direktur motorsport ktm pit beirer tari marini proyek ktm salah faktor putus senang gabung luca tari milik beirer lansir crash net ktm antusiasme satu timbang marini anggap mampu butuh bantu kembang motor bicara orang orang sosok hebat bantu motor beirer ktm marini bantu kembang motor motogp pasuk era kapasitas mesin turun cc cc serta ubah regulasi teknis guna ban pirelli ktm proyek uji mesin rancang era regulasi tech proyek ktm situasi alam balap beirer ktm sengaja cari kombinasi balap alam balap muda tech komitmen balap muda balap alam milik balap muda tim rookie tim motogp kuat kelas tim utama ktm nilai kombinasi marini balap muda formula ideal putus rekrut marini respons positif balap kuat ktm beirer sebut balap ktm mampu marini bantu kembang motor senang luca bantu kembang motor krs yna
SPORT,crutchlow pilih ai ogura favorit marc marquez alas cal crutchlow prediksi tarik kandidat juara motogp marc marquez sebut nama ai ogura crutchlow nilai marc balap baik grid pilih favorit ogura pilih marc pilih ai ogura crutchlow lansir motosan ogura tampil alami cedera balap trackhouse aprilia raih podium enam seri menang motogp belanda ogura alami cedera tangan latih jepang absen aragon dampak klasemen seri aragon turun posisi poin crutchlow suka ogura balap crutchlow alas teknis pilih karakter ogura dan pedrosa aspek bobot tubuh ogura berat kg salah balap ringan grid motogp crutchlow kondisi ogura milik unggul kelola ban suka kendara motor satu kurang butuh cepat balap crutchlow dan pedrosa bobot tubuh ogura cenderung langsung maksimal ban balap konsekuensi butuh cepat baik kondisi untung jelang balap ai aktif ban balap tahap balap hemat ban cadang banding balap panas langsung pacu crutchlow crutchlow puji jorge martin puncak klasemen motogp crutchlow konsistensi faktor rebut gelar musim martin sebut rider relatif konsisten jorge martin satu balap konsisten menang butuh crutchlow
SPORT,hasil china masters sabar reza wakil indonesia habis sabar karyaman gutama moh reza pahlevi isfahani singkir china masters kalah nur mohd azriyn ayub tan wee kiong wakil indonesia habis ajang sabar karyaman gutama moh reza pahlevi isfahanimenghadapi nur mohd azriyn ayub tan wee kiong malaysia perempatfinal china masters tanding gelar court shenzen arena jumat malam wib sabar reza awal gim tinggal unggul enam kejar duduk kuat sabar reza balik pimpin duduk sabar reza unggul interval situasi ubah lepas interval azriyn tan tampil agresif bikin kuat pasang malaysia momentum jauh sabar reza tinggal gagal dulang angka sabar reza usaha bangkit nipis jarak angka tinggal poin duduk telah azriyn tan jaga unggul sabar reza kalah gim sabar reza ulang salah gim gim unggul sabar reza jaga unggul azriyn tan bikin skor kuat sabar reza balik tinggal sabar reza bangkit unggul interval gim sabar reza konsisten jaga unggul interval sabar reza aman gim skor laga tentu gim tiga due sengit gim tiga skor sabar reza unggul azriyn tan dulang angka untun skor imbang sabar reza unggul tipis interval gim tiga lepas interval azriyn tan tara angka laga ketat sabar reza angka unggul pukul ukur tan net kembali sabar lebar bikin duduk kuat reza salah serve poin krusial azriyn tan match poin ganda indonesia net bikin kalah gim tiga sabar reza singkir china masters singkir sabar reza bikin wakil indonesia habis ajang
FINANCE,purbaya kunci dorong sejahtera warga ri ekonomi tumbuh menteri uang menkeu purbaya yudhi sadewa jamin sejahtera masyarakat cepat tumbuh ekonomi level susul salah anggota dewan wakil rakyat dpr perintah dorong sejahtera masyarakat purbaya tumbuh ekonomi indonesia capai pimpin presiden susilo bambang yudhoyono sby periode produk domestik bruto pdb kapita tumbuh kali lipat lihat jalan sby tumbuh pdb kapita kali lipat purbaya rapat kerja gabung komite iv dpd ri kompleks parlemen senayan jakarta senin periode pimpin tren tumbuh ekonomi indonesia turun kisar perintah dorong tumbuh ekonomi jalur dorong arah prospek tumbuh asumsi pdb kapita tingkat signifikan terang purbaya tumbuh dorong sejahtera rakyat cepat sebut langkah alas presiden prabowo subianto cipta target tumbuh ekonomi situ sejahtera cepat tumbuh lambat alas prabowo cipta cipta tumbuh cepat masyarakat sejahtera pungkas ahi ara
SPORT,mangkuluhur cup golf olahraga golf salah olahraga papan dunia adu mampu golf rambah sektor bisnis orang golf cari keringat prestasi sarana strategis bangun jaring bisnis latih mental jaga sehat turnamen golf gelar indonesia atlet main amatir nikmat salah satu inventra platform trading forex cfd lisensi bappebti badan awas dagang jangka komoditi kuat engagement jaring inventra sponsor mangkuluhur cup turnamen golf ikut serta wilayah indonesia new kuta golf bal agustus serta bisnis jadi turnamen salah turnamen golf komunitas serta besar gelar new kuta golf golf pilih alas olahraga identik kalang bisnis profesional golf titik temu alami komunitas olahraga komunitas bisnis ruang relevan invetra kenal calon trader mitra kanal digital turnamen invetra hadir logo banner usaha buka booth interaktif kenal edukasi serta putar aplikasi trading invetra lengkap merchandise eksklusif unjung booth nilai serta tarik jalan trading nya invetra hadir promo daftar nila dolar khusus serta turnamen jadi partisipasi mangkuluhur cup pintu masuk langsung calon trader kenal platform invetra tournament golf mangkuluhur cup sempat kenal invetra kalang profesional hadir latar ajang efektif bangun koneksi langsung calon trader mitra bisnis lengkap hadir kanal digital jufri ramadhan surat direktur pt invetra teknologi jangka rilis detiksport darma mangkuluhur hutomo komisaris utama pt intra golflink resorts apresiasi libat invetra sponsor utama hadir invetra sponsor utama dimensi turnamen temu komunitas olahraga komunitas profesional bisnis partisipasi serta besar antusiasme masyarakat harap kolaborasi nilai positif kembang komunitas industri indonesia darma depan event mangkuluhur cup potensi gelar ajang adu mahir main golf bangun relasi bisnis
SPORT,china masters singkir unggul leo daniel leo rolly carnando daniel marthin laju babak china masters leo daniel kalah unggul kim ho seo seung jae leo rolly carnando daniel marthin lawan unggul kim ho seo seung jae korea selatan babak china masters laga court shenzhen arena selasa leo daniel tinggal gim bangkit kejar tinggal poin skor ganda tukar poin kim seo unggul interval gim leo daniel tara angka lepas interval skor kejar kejar poin kim seo momentum jauh angka kim seo ambang tutup gim unggul leo daniel tampil tawan poin poin krusial dulang angka untun balik situasi leo daniel aman gim menang laga jalan sengit gim kejar kejar poin skor ketat leo daniel angka pimpin interval gim lepas interval situasi balik leo daniel tinggal kejar skor kuat skor kuat leo daniel mental poin krusial leo daniel tang aman gim leo daniel laju babak leo daniel ikut jejak ali faathir rayhan devin artha wahyudi ali faathir rayhan devin artha wahyudi kalah unggul malaysia goh sze fei nur izzuddin fathir devin babak goh izzudin retired mundur kalah gim
SPORT,buku eks judoka tuang buah pikir maju olahraga nasional eks judoka nasional sadik algadri rilis buku buah pikir maju olahraga indonesia olahraga tanah air kendala buku judul bangun otot negeri kertas tulis sadik buku rilis agustus fragmentasi bijak publik indonesia lemah tata kelola regulasi organisasi organisasi olahraga ilusi politik anggar infrastruktur kompetisi terap sport science kembang sumber daya manusia isi acara bedah buku gelar gedung serbaguna gelora karno gbk jakarta sabtu hadir acara rocky gerung wartawan senior olahraga asro kamal rok guru universitas didik indonesia upi prof yunyun yudiana sadik ungkap proses tulis buku makan enam atur keluar mang bijak lantik presiden ri pilih prabowo subianto oktober picu sebut spesifik atur sadik khawatir bahaya olahraga olahraga prestasi milik garis undang undang olympic charter dalam garis atur perintah campur politik olahraga atur proses olahraga konsekuensi sanksi sadik rilis terima detiksport bahas podcast gelisah kondisi olahraga indonesia sadik tuang buku atlet judo era tekan etika olahraga gelisah dasar marah marah masuk akal proses laku orang orang organisasi olahraga paham etika olahraga etika harga sadik event titik kembang negara indonesia sukses selenggara asi games jepang china korea selatan ubah ajang piala dunia olimpiade jepang selenggara olimpiade kalah perang negara bangkit sadik harap asi games indonesia momentum asi games pasuk anggar bicara sadik harap buku bangun otot negeri kertas henti karya kritisi olahraga buku dorong ubah buka berani aku harap besar ubah berani berani aku sadik marah aku salah aku berani salah maju ubah pikir jernih kerja mudah pria masuk jajar urus koni pusat
SPORT,men world tennis championship karan singh juara seri iv selesai seri iv men world tennis championship tenis india karan singh jaya nomor tunggal putra tanding final lapang bal beach country nusa minggu karan hadap lawan isaac becroft juara seri agustus saji karakter main beda tarung seru tarik karan gaya tenang lawan lincah isaac selandia karan menang set pasuk set intensitas tanding tempo isaac upaya balas kalah set karan respons susul susul angka laga tuntas babak tiebreak kuat sabar lincah tutup area lapang serang lawan karan tang babak skor tiebreak karan senang main raih gelar seri iv gelar lewat duel jam menit kontra isaac nilai lawan tangguh bangga baik ajang bal lawan isaac becroft main gelar tambah motivasi tampil seri karan rilis detiksport karan hak hadiah uang usd tambah poin atp isaac usd trofi serah hadiah heru gunawan area business team leader bni kanwil denpasar damping ketua pelti periode rildo ananda anwar titf world tennis tour amman mineral men world tennis championship langsung seri senin tenis babak kualifikasi rebut delapan slot babak utama
FINANCE,serbu tidur banting harga transmart full day sale pesta diskon transmart full day sale sapa langgan hari penuh transmart diskon limpah langgan setia tidur diskon tambah diskon kartu kredit bank mega kartu kredit bank mega syariah diskon buka toko wib spesial beli produk airland ottawa set banderol harga promo rp harga rp juta harga murah kartu kredit bank mega kartu kredit bank mega syariah rp beli hemat rp juta diskon laku jakarta khusus pulau jawa produk airland ottawa set tawar harga promo rp harga normal tidur rp juta harga murah kartu kredit bank mega kartu kredit bank mega syariah rp beli hemat rp juta kartu kredit bank mega khawatir unit buka instan sedia gerai cibubur central park tunggu rapat transmart dekat nikmat diskon limpah khusus transmart full day sale acd acd
FINANCE,bahlil biang kerok antre kendara spbu makassar menteri energi sumber daya mineral esdm bahlil lahadalia angkat bicara antre kendara spbu makassar bahlil ban antre langka bahan bakar minyak bbm pasal bahlil cadang bbm nasional standar minimum nasional kondisi antre fenomena alih shifting masyarakat bbm nonsubsidi bbm subsidi geser harga beda harga bbm nonsubsidi bbm subsidi orang pakai subisidi shifting subsidi harga lonjak makassar unhas masuk makassar bahlil acara sesi talkshow innovation technology social environmental awards intechsea jakarta senin cek cadang nasional logik antre sambung bahlil bahlil bilang kondisi antre kendara spbu makassar parah duga kendara modifikasi isi bbm subsidi dukung polisi menindaklanjuti duga tolong kerja polisi shifting mobil mobil pajero mobil mobil truk bikin tangki gede liter ton isi minyak situ bahlil hati model tunggu menteri esdm langit bos bahli bahlil indikasi antre rekayasa motor mobil kosong tangki bensin sengaja antre indikasi sengaja motor mobil antre tangki kosong antre isi liter liter liter hrp fdl
FINANCE,kronologi kapal virgo hilang kontak laut jawa insiden maut dunia layar indonesia kmp virgo transport hilang kontak air laut jawa kmp virgo transport kapal jenis roro tumpang bendera indonesia ukur gt kapal nakhoda arief yunianto operasi pt virgo karya shipping insiden maut kmp virgo transport bawa total orang kru mitra kerja kapal tumpang dewasa anak anak sopir kernet kapal bawa unit kendara ditjen hubung laut menteri hubung ksop kelas banjarmasin buka buka kronologi jadi maut kmp virgo transport kepala kantor ksop banjarmasin heri purwanto ulanya kapal tolak labuh surabaya september lt tuju labuh banjarmasin kapal alami kondisi listing miring hilang kontak air masalembo laut jawa tanggal september lt respons cepat lapor insiden alami kmp virgo transport wilayah air masalembo fokus prioritas utama selamat kapal kerah operasi selamat koordinasi heri purwanto terang resmi minggu kantor ksop kelas banjarmasin langsung langkah langkah tangan darurat salah satu diri posko terminal tumpang bandarmasih labuh trisakti banjarmasin posko tuju tangan bangun koordinasi intensif basarnas bup pt pelindo kantor distrik navigasi banjarmasin vts pandu pt pelindo iii banjarmasin agen kapal keluarga upaya evakuasi tanggulang lapang langsung laksana unsur sar gabung basarnas banjarmasin bantu kapal kapal lokasi jadi km hai da mt ha tb tcp distrik navigasi tipe kelas ii banjarmasin kerah kapal negara navigasi kn kunyit bantu proses evakuasi sisi menteri hubung dudy purwagandhi komisi nasional selamat transportasi knkt langsung terjun investigasi sebab insiden sebab musibah perintah investigasi proses laksana knkt sesuai wenang dudy terang video minggu sore sempat knkt profesional independen basis data fakta hasil investigasi dasar baik selenggara selamat layar acd acd
FINANCE,kemplang pajak rugi negara rp bos konsultan tambang tangkap kantor wilayah direktorat jenderal pajak kanwil djp jakarta pusat sidik pegawai negeri sipil ppns paja serah direktur utama pt gr inisial adw serta barang bukti jaksa negeri jakarta pusat serah berkas perkara sidi nyata lengkap jaksa dki jakarta rabu serah sangka barang bukti tahap ii perkara tindak pidana bidang paja sangka inisial adw direktur utama pt gr pt gr badan usaha gerak bidang jasa konsultan tambang bor eksplorasi daftar kpp pratama jakarta tanah abang sangka adw pt gr duga sengaja surat pemberitahuan pajak tambah nilai ppn ppn isi lengkap pajak februari desember kurun pt gr mungut ppn usaha mitra lawan transaksi serah jasa kena pajak total nilai transaksi dasar kena pajak dpp capai rp miliar ppn pungut langgan duga setor kas negara operasional usaha bayar pasok lunas utang usaha hasil sidi hitung ahli buat sangka adw akibat rugi dapat negara rp tulis kanwil djp terang minggu perkara sidik pegawai negeri sipil kanwil djp jakarta pusat sita uang rp uang sita pulih rugi dapat negara perkara aquo buat sangka adw jerat pasal ayat huruf undang undang nomor tentu tata paja uu kup ubah uu tetap perpu cipta kerja undang undang jo uu sesuai pidana sangka ancam sanksi pidana penjara enam denda kali pajak utang bayar hasil tangan perkara tahap limpah hasil kerja keras sinergi intensif ppns kanwil djp jakarta pusat jaksa dki jakarta koordinasi awas korwas ppns polda metro jaya acd acd
FINANCE,heboh kabar pungli bansos bapanas buka suara badan pangan nasional bapanas angkat bicara lapor duga pungut terima bantu pangan daerah salur juli september bapanas perintah menindaklanjuti duga pungut lapang proses distribusi direktur distribusi cadang pangan bapanas rachmi widiriani toleransi praktik pungut bentuk kpm nama sumbang sukarela dalih bantu pangan beras salur perintah keluarga terima manfaat kpm terima utuh volume potong bentuk bantu pangan hak penuh kpm terima utuh volume kondisi potong peser jajar daerah damping aparat desa tugas salur pungut alas lapor tindak lanjut perum bulog perintah daerah rachmi terang kutip minggu koordinasi perum bulog laksana salur perintah daerah perintah daerah telusur benar lapor duga pungut tuntas bapanas buka ruang adu masyarakat kanal whistleblowing system wbs resmi lembaga kpm masyarakat temu indikasi simpang salur bantu pangan masyarakat adu hotline bapanas nomor website ppid badanpangan go id kuat monitoring evaluasi langsung titik titik salur proses tertib transparan utuh tangan terima imbau masyarakat ragu lapor temu indikasi pungut simpang lapang rachmi program bantu pangan beras tahap sasar kpm indonesia masuk kategori desil data tunggal sosial ekonomi nasional dtsen menteri sosial beda skema salur tahap kilogram alokasi juli agustus september kali rapel salur kilogram beras kpm total tugas salur cadang pangan perintah cpp program capai ton beras indonesia target salur rampung september sebut proses distribusi september jalan daerah pantau giat monitoring evaluasi perum bulog perintah daerah rachmi tekan bantu pangan beras program bantu sosial perintah biaya tanggung negara pungut bentuk sah kena kpm ambil bantu kantor desa lurah titik distribusi acd acd
FINANCE,diri lpei kuat peran policy bank dukung ekspor nasional lembaga biaya ekspor indonesia lpei indonesia eximbank genap usia institusi transformasi kuat peran policy bank tunjang bijak perintah dorong ekspor nasional langkah transformasi lpei arah langsung kuat tata kelola lembaga kapasitas biaya tingkat isi senjang pasar sepenuh layan lembaga uang komersial lpei tugas lengkap ekosistem biaya ekspor tingkat daya saing laku usaha menteri uang purbaya yudhi sadewa lpei sektor unggul dampak globalisasi tekstil sepatu baja sulit pinjam lembaga biaya ekspor coba bicara industri tekstil furniture coba tawar bunga biaya murah tinggi lihat kpi dapat bunga lpei turun efektif harap laku usaha tentu parameter kerja purbaya terang tulis minggu direktur eksekutif lpei sukatmo padmosukarso sebut arah peran lembaga lpei orientasi nilai biaya depan dampak sosial ekonomi nasional nilai bawa henti biaya rumus beyond financing developmental impact sustainability sukatmo kiprah dukung lpei proyek strategis negeri garap kontraktor indonesia bantu biaya salur proyek malaysia amerika serikat timor leste arab saudi buka pasar nontradisional sukses ekspor pesawat pt dirgantara indonesia nepal senegal filipina lpei amanah khusus kuat sektor padat karya tingkat ketidakpastian dagang akibat dinamika geopolitik ekonomi global lpei dukung sektor butuh intervensi bijak sesuai mandat countercyclical lembaga papar sukatmo sukatmo transformasi lembaga arah peran lpei rasa ekosistem ekspor jangkau butuh laku usaha penuh mekanisme pasar semangat karya makna dukung lpei manfaat nyata eksportir ekonomi indonesia terang agent development dampak sosial ekonomi fasilitas biaya lpei catat capai kali rupiah salur juni capai kontribusi kurang miskin daya masyarakat tanah air lpei apresiasi laku usaha inovatif anugerah indonesia eximbank export champion award
FINANCE,profil suahasil nazara menteri uang ganti purbaya suahasil nazara resmi lantik menteri uang ganti purbaya yudhi sadewa lantik presiden prabowo subianto istana negara jakarta pusat senin sisa jabat informasi situs resmi menteri uang jalan karier suahasil raih gelar sarjana ekonomi universitas indonesia ui lanjut studi cornell university amerika serikat oleh gelar master science sc senpat jabat dosen fakultas ekonomi bisnis universitas ui sembari selesai program doktoral university illinois urbana champaign raih gelar doctor philosophy ph bidang ekonomi raih gelar guru bidang ilmu ekonomi sempat lingkung akademik suahasil jabat kepala program studi pascasarjana ilmu ekonomi kepala lembaga demografi ketua departemen ilmu ekonomi sama suahasil catat kerap libat ambil putus bijak publik peran anggota tim asistensi menteri uang bidang desentralisasi fiskal wakil ketua komite awas laksana otonomi daerah koordinator pokja bijak sekretariat tim nasional cepat tanggulang miskin anggota dewan komite ekonomi nasional singkat cerita karier suahasil kembang menteri uang tugas kepala badan bijak fiskal definitif oktober oktober percaya wakil menteri uang kabinet indonesia maju damping menteri uang sri mulyani rumus laksana bijak fiskal nasional suahasil nazara percaya jabat wakil menteri uang kabinet merah putih lantik oktober lantik menteri uang ganti purbaya igo fdl
FINANCE,tan gandeng ugm brin kuat hilir hortikultura ekspor menteri tani tan gandeng badan riset inovasi nasional brin fakultas teknologi tani universitas gadjah mada ftp ugm laku usaha kuat hilir komoditas hortikultura kolaborasi tingkat daya saing kerja ekspor produk hortikultura indonesia agenda strategis bahas dalam temu kolaborasi kuat ekspor hilir komoditas hortikultura giat ruang rapat fakultas teknologi tani ftp ugm yogyakarta kamis temu langkah nyata cepat integrasi sektor tani hulu hilir direktur hilir hasil hortikultura tan freddy lumban gaol sebut tingkat ekspor butuh kerja lintas lembaga kuat hilir genjot angka produksi aspek krusial mutu kontinuitas pasok penuh syarat ketat negara tuju mutlak perhati freddy hilir komoditas hortikultura jalan integrasi rantai pasok hulu hilir sedia bahan baku penuh standar terap teknologi pascapanen laku karantina penetrasi pasar ekspor freddy terang tulis minggu kolaborasi lintas instansi arah tantang komoditas hortikultura segar indonesia pasar global kendala utama lazim durasi simpan konsistensi mutu bahan baku penuh regulasi fitosanitari negara tuju ekspor forum brin papar kembang teknologi iradiasi fitosanitari electron beam cikarang teknologi canggih siap tangan komoditas unggul mangga salak buah naga langkah preventif jamin komoditas ekspor bebas organisme ganggu tumbuh terap teknologi modern dukung susun pedoman nasional tingkat kapasitas inspektur kuat sistem jamin mutu produk hortikultura indonesia penuh standar karantina internasional tangan produk segar hilir rambah manfaat teknologi olah canggih freeze drying metode ering nilai ampuh tingkat nilai komoditas umur simpan produk panjang signifikan kurang kualitas nutrisi produk olah bahan nangka durian salak nanas pisang hasil tembus pasar ekspor negara tuju cakup malaysia singapura uni emirat arab inggris arab saudi capai positif besar peluang produk hortikultura olah raja etalase internasional sisi akademis ftp ugm pegang peran riset analisis kandung nutrisi senyawa fungsional riset komprehensif arah hasil karakterisasi produk unggul hasil riset andal dongkrak nilai jual komoditas indonesia pasar global menindaklanjuti temu tan mitra pakat langkah cepat lapang salah satu tinjau langsung fasilitas teknologi iradiasi milik pt oneject indonesia tim brin integrasi rantai pasok identifikasi komoditas prioritas kelompok tani potensial langkah teknis yakin sanggup pasti mutu lacak produk transparan hulu hilir tan mitra harap ekosistem hilir hortikultura inovatif orientasi ekspor produk hortikultura indonesia target saing kompetitif global penuh butuh pasar domestik
SPORT,pol acosta menang balap juara dunia ekspektasi pedro acosta tang balap alih alih saing rebut titel juara dunia rider motogp pol espargaro khawatir acosta gadang gadang bintang motogp rider juluk si hiu mazarron modal gelar juara dunia kelas moto moto rookie baik balap grand prix lakon kelas primer acosta kali finis podium menang acosta mentok finis capa delapan kali aragon pek dipungkiri pedro acosta hadap tuntut tang balap grand prix acosta alam plus senjata tunggang pabrikan ktm pol espargaro balap uji ktm acosta cepat lambat tang grand prix juara dunia balap san marino austria yakin sempat bagus acosta sepenuh harap cepat misano austria sirkuit sirkuit tampil bagus level pedro level sempurna tingkat balap rasa adik kandung aleix espargaro marca rasa menang tap jalur rasa obsesi pedro tang balap tang titel juara dunia pol espargaro acosta
FINANCE,kemenhub usaha langgar atur odol menteri hubung kemenhub badan usaha kendara deteksi langgar angkut barang uji coba electronic traffic law enforcement etle hub uji coba agustus september direktur jenderal hubung darat kemenhub aan suhanan badan usaha langgar deteksi capai total kendara langgar angkut barang etle hub gambar level badan usaha evaluasi top badan usaha hasil deteksi deteksi data inisial aan acara evaluasi terap etle hub awas kendara dimensi muat kantor kemenhub jakarta senin aan merinci nama nama lengkap badan usaha deteksi langgar aan inisial data menteri hubung pt sil badan usaha frekuensi deteksi tinggi uji coba etle hub kali pt ss kali cv ske kali pt sa kali cv smj kali pt mka catat deteksi susul pt tos deteksi pt fgs deteksi pt bpt deteksi cv gj deteksi aan langgar sumatera titik sumatera jawa sumatera kemenhub panggil badan usaha panggil informasi ingat temu langgar kendara benah angkut barang upaya laku panggil panggil sanksi pidana panggil informasi usaha deteksi langgar titik titik elak bukti foto ajar operator panggil harap operator angkut barang baik data muat milik barang baik kerjasamanya tarif harap clear kendara dimension sambung hrp fdl
FINANCE,suahasil nasib ombak jabat era purbaya menteri uang suahasil nazara buka buka nasib ombak jabat purbaya yudhi sadewa suahasil ganti purbaya menteri uang lantik presiden prabowo subianto nasib ombak purbaya suahasil putus menteri uang landas atur lomba lihat kemarin lantik minggu lihat lantik putus menteri uang tindak lanjut situ beber suahasil lantik istana negara jakarta pusat senin ombak ratus jabat lingkung menteri uang kemenkeu kamis september purbaya ombak jabat pimpin pratama jabat administrator jabat awas jabat fungsional jabat unit organisasi non eselon kemenkeu banyak ombak ditjen bea cukai ditjen pajak purabaya ubah jabat proses organisasi kemenkeu adaptif ombak ratus jabat salah posisi purbaya ganti suahasil suahasil menep kabar internal menteri aman masalah aman aman konfirmasi ribut ribut ombak jabat simak video purbaya resmi serah jabat menkeu suahasil ara
SPORT,bilal hasan bikin legenda ufc kagum bilal hasan debut ufc menang ko legenda ufc henry cejudo bikin kagum ufc fight night nurmagomedov vs song ufc shanghai gelar oriental sports center sabtu bilal hasan jalan laga debut hadap tarung peru nilson rojas kelas flyweight tarung rekor bilal menang ronde pukul lurus kanan masuk sempurna bilal hasan rekor menang dunia mma tarung indonesia debut ufc mulus bikin henry cejudo kagum bilal lepas pukul jab tangan kiri turun bum pukul kanan lurus arah sosial media anak daya tarik tunjuk bukti oktagon henry cejudo legenda ufc sabet gelar kelas flyweight bantam weight cejudo puji bilal hasan menang ko detik indoninja menang tarung india mridul saikia rebut kontrak ufc dana white contender series dwcs season agustus menang ko detik nama bilal hasan cejudo dana white kes kelas flyweight tarung hebat sabar aksi aksi sambung simak video menlu bicara alas pasang ring ufc halaman gedung putih
FINANCE,purbaya aku dana tiga bpd cekak gegara tkd pangkas menteri uang menkeu purbaya yudhi sadewa sebut dana kelola dana tiga dpk bank bangun daerah bpd turun signifikan kondisi imbas bijak perintah pusat mangkas transfer daerah tkd monitor kondisi dana tiga bpd turun signifikan transfer daerah kurang purbaya rapat kerja gabung komite iv dpd ri kompleks parlemen senayan jakarta senin purbaya aku monitor kondisi dpk perban daerah aku resah ganggu sistem perban purbaya jabat ketua komite stabilitas sistem uang kssk tempat saldo anggar sal bpd bank jakarta bank jatim perintah tempat sal himpun perban milik negara himbara pikir oke naruh uang himbara gimana coba coba bpd taruh bank jenis bpd dki jawa timur dki rp triliun jawa timur rp triliun perintah pusat rencana pindah salur gaji aparatur sipil negara asn bank bank himbara purbaya bijak risiko bank bangun daerah bpd bangkrut purbaya aku heran muncul informasi konfirmasi langsung menteri negeri mendagri tito karnavian isu pindah salur gaji asn pagi kaget menteri negeri bijak akang bikin bilang kang barangkali tua sih duit panggil kang biar duit kaget menteri bijak ngerti bank bpd jatuh pungkas ahi ara
FINANCE,dagang pasar nangka bungur ramai ramai tutup kios lapak lapak kios bangun pasar nangka bungur mayor jakarta pusat lengang mati suri dagang pilih tutup kios alih gelar dagang pinggir jalan pasar sambung hidup pantau detikcom lokasi senin pasar nangka bungur jl kalibaru timur simpang jl kalibaru timur jalan unjung mudah deret lapak lapak dagang kanan kiri jenis lapak dagang sayur daging ayam sapi bumbu masak buah perlu hari singkat jenis barang dagang pasar pinggir jalan matahari puncak unjung silih ganti motor henti lapak lapak pinggir jalan beli produk langsung tinggal area pasar kondisi beda kawasan bangun pasar nangka bungur bangun pasar diri bangun bahan beton cat tutup pintu masuk utama pasar bangun pasar tampung dagang pasar renovasi sekian lapak kios buka sisa tutup permanen beda kondisi lapak jalan lorong lorong pasar tampung sepi orang lintas unjung pasar belanja lapak lapak pinggir jalan enggan masuk bangun pasar sungguh kondisi parah pasuk bangun utama pasar lorong lorong bangun lengang mayoritas kios apit jalan setapak lantai keramik putih tutup rapat rolling door besi bangun pasar tingkat lapak buka lantai dasar lapak sayur lapak sembako lapak sepatu tumbler lapak produk cantik lapak perabot rumah tangga sisa lantai isi toko emas tempat kios lapak pakai tas area pasar basah isi dagang sapi tutup los los daging daging ayam ikan narita dagang produk cantik buka kios bangun pasar nangka bungur kondisi gambar sulit dagang resmi bangun pasar nangka bungur tahan saing dagang jual sisi jalan orang jual sepi kasihan dah lapak pindah sisa tutup pasar igo fdl
FINANCE,suahasil menteri uang prabowo apbn sehat kredibel suahasil nazara presiden prabowo subianto ganti purbaya yudhi sadewa menteri uang suahasil arah khusus prabowo jaga sehat uang negara arah khusus presiden jaga uang negara jaga sehat jaga kredibilitas uang negara suahasil lantik istana negara jakarta pusat senin suahasil tugas apbn jalan program program prioritas perintah sehat kredibel apbn uang negara jalan program program prioritas perintah apbn nya sehat apbn nya sehat kredibel apbn percaya suahasil suahasil wakil menteri uang lanjut tugas jaga apbn tumbuh ekonomi stabil ekonomi indonesia amanat kuat uang negara menteri uang institusi negara alas lantik kuat uang negara lanjut laku menteri uang menteri pegawai indonesia tumbuh ekonomi stabil ekonomi indonesia prioritas jalan apbn kredibel jalan apbn percaya komunikasi publik percaya apbn dukung program prioritas perintah suahasil ara
FINANCE,prabowo institusi uang global tanggap negara kembang presiden prabowo subianto institusi uang internasional transformasi ubah rangka tanggap butuh negara negara kembang prabowo institusi institusi sedia akses sumber modal sumber daya negara negara kembang maju institusi uang internasional transformasi institusi institusi tanggap butuh negara negara kembang prabowo pidato brics summit india kutip minggu sisi brics kuat kapasitas kontribusi tahan global aliansi ekonomi mobilisasi sumber daya kuat kapasitas negara negara kembang anggota mobilisasi sumber daya infrastruktur bangun kuat kapasitas global south biaya depan prabowo singgung pepatah indonesia satu teguh pecah runtuh pepatah turut pesan negara kembang aliansi brics jaga solidaritas arif sederhana cermin semangat satu negara negara global south asia afrika dekade bandung pungkas prabowo acd acd
FINANCE,harga cabai rawit pedas tembus rp ribu kg harga cabai lonjak harga cabai rawit merah tembus harga rp kg pusat informasi harga pangan strategis nasional pihps bank indonesia bi naik tajam catat cabai merah keriting lesat rp kg cabai rawit merah lonjak level rp kg tanggap fluktuasi harga cabai badan pangan nasional upaya mobilisasi stok daerah surplus daerah defisit salah satu program fasilitas distribusi pangan fdp program laksana perintah kolaboratif champion cabai ampuh tekan harga cabai deputi sedia stabilisasi pangan badan pangan nasional bapanas gusti ketut astawa upaya atas fluktuasi harga cabai terap bapanas menteri tani tan jalin koneksi fdp jalan sasar daerah alami dinamika harga fluktuatif cabai rawit informasi diri dinamika harga pasok respons koneksi teman teman tan wilayah dukung fdp ketut terang kutip minggu libat tani champion cabai bina tan pegang andil upaya penstabilan harga cabai rawit berkat kolaborasi erat pasok cabai rawit harga jangkau guyur daerah fluktuasi faktor tekan harga daerah jawa harga relatif jangkau fdp wilayah wilayah harga undang tani champion bantu distribusi wilayah wilayah harga relatif ketut catat bapanas fdp cabai rawit laksana triwulan total capai kilogram kg mobilisasi stok cabai rawit enrekang sulawesi selatan pasar induk kramat jati jakarta kg lombok lombok timur nusa tenggara barat kg kg implikasi positif april turun inflasi komponen harga gejolak volatile food inflasi pangan reda tekan harga pangan agama nasional hbkn ramadan idulfitri cabai rawit salah sumbang deflasi april sisi rapat koordinasi bapanas tani cabai ungkap faktor sebab fluktuasi harga cabai rawit faktor pengaruh kemarau panjang organisme ganggu tanam opt trips kutu kebul alih tanam komoditas kendati upaya tan sektor hulu yakin atas tantang direktur sayur tanam obat sto tan sudi mardianto produksi cabai rawit nasional aman cabai rawit nasional produksi september ribu ton jawa timur banyuwangi standing crop hektare sampang hektare produksi ribu urai sudi daerah jawa pusat tanggung brebes magelang produksi relatif rendah tanam atas potensi naik jelang natal sambung sudi sudi tani cabai rawit bina tan dukung program penstabilan harga perintah program fdp laksana guyur daerah alami harga cabai rawit fluktuasi anda program perintah distribusi wilayah wilayah butuh produksi bantu kendali daerah daerah harga cabai rawit prinsip bantu suplai daerah daerah harga sudi daftar harga pangan pihps beras kualitas super rp kg harga beras kualitas super ii rp kg harga beras kualitas rp kg turun beras kualitas ii rp kg beras medium rp kg harga beras medium ii rp kg gula pasir lokal rp kg harga minyak goreng curah rp kg minyak goreng kemas merek rp kg turun minyak goreng merek rp kg telur ayam ras segar rp kg turun cabai merah rp kg cabai merah keriting kg cabai rawit hijau rp kg cabai rawit merah rp kg daging ayam ras segar rp kg turun daging sapi kualitas rp kg daging sapi kualitas rp kg bawang merah ukur rp kg turun bawang putih ukur rp kg gula pasir kualitas premium rp kg
SPORT,tum koi atlet layan nagoya ketua komite olimpiade indonesia koi raja sapta oktohari atlet layan nagoya jepang kondisi kota nagoya terpa banjir akibat ratus atlet asi games jepang evakuasi inap prakira cuaca hujan tanding asi games september buka resmi multievent tahun september hubung noc jepang koordinasi laku khusus nagoya tim cdm intensif komunikasi perintah mapun loc aichi nagoya okto temu wisma serba gbk rabu insyaallah upaya pasti atlet layan banjir wilayah asi games fakta indonesia terpa tantang bakar kalimantan banjir sumatra gunung erupsi titik indonesia okto harap tantang atlet prestasi olahraga indonesia atlet tantang prestasi harap prestasi kuat semangat masyarakat indonesia hadap tantang hadap bangsa tantang tantang jawab menang okto okto nilai tim cdm milik rencana cadang situasi hadap timnas basket dampak banjir nagoya kali cdm olimpiade situasi kondisi plan todotua padaribu olahraga basket pede masalah cari solusi baik atlet skema berangkat tim asi games kloter skema maksimal sesuai kemarin berangkat airport tutup cari solusi komunikasi atlet ofisial tuju skema laksana utama layan atlet tampil maksimal okto
FINANCE,kapal tanker pertamina evakuasi korban kapal virgo transport kapal tanker mt mauhau milik pt pertamina patra niaga bantu proses cari selamat korban kmp virgo transport kapal tenggelam air laut jawa mt mauhau layar banjarmasin tuban terima informasi jadi radio vhf kapal tenggelam wilayah layar nakhoda awak kapal mt mauhau respons lokasi bantu proses evakuasi korban lapor orang hasil evakuasi mt mauhau nakhoda kmp virgo transport salah korban lapor alami luka kaki tangan awak kapal mt mauhau vp corporate communication pt pertamina patra niaga kitty andhora aksi selamat bentuk profesionalisme peduli komitmen insan pertamina utama selamat bantu situasi darurat wilayah operasi layar terima informasi kapal tenggelam nakhoda crew mt mauhau ambil langkah bantu proses selamat selamat jiwa prioritas utama syukur korban hasil evakuasi kapal kitty terang minggu proses mt mauhau koordinasi basarnas banjarmasin tim basarnas gerak lokasi jadi lanjut proses cari evakuasi kapal tb tcp kmp haidar bantu proses selamat kitty pertamina patra niaga koordinasi pantau kembang proses evakuasi awak mt mauhau korban selamat tangan makan minum bantu sesuai butuh tunggu proses evakuasi koordinasi basarnas libat fokus korban evakuasi tangan dukung proses cari korban tutup kitty mt mauhau kapal milik pertamina patra niaga jadi jalan tuban komitmen selamat layar peduli sosial pertamina patra niaga senantiasa dorong awak kapal kerja respons baik hadap kondisi darurat laut acd acd
FINANCE,kmp virgo transport kapal bekas usaha praktik wajar kmp virgo transport tenggelam laut jawa kapal bekas operasi jepang kapal layan ferry kurushima layan rute kokura matsuyama juni operasional jepang kapal pindah indonesia pt virgo karya shipping vks ubah kapal virgo transport jalan rute surabaya banjarmasin juli ketua dewan pimpin pusat gabung usaha nasional angkut sungai dpp gapasdap khoiri soetomo guna kapal bekas pre owned vessel praktik wajar indonesia negara industri layar guna kapal bekas pre owned vessel praktik wajar indonesia negara khoiri detikcom senin lanjut kapal rancang milik umur operasional turut ukur selamat kapal mata umur kapal bekas nilai kondisi kapal laik layar laut penuh tentu selamat atur uu nomor layar pp nomor selenggara bidang layar tentu wajib klasifikasi kapal bendera indonesia kondisi aktual kapal laik laut rawat penuh tentu selamat prinsip sederhana kapal bekas selamat bekas standar kelaiklautan awat periksa awas maksimal khoiri syarat ketat operasi kapal bekas kapal bekas operasi indonesia khoiri prinsip tahap penuh tentu impor pabean negeri penuh syarat ukur daftar milik guna bendera indonesiam kapal bekas jalan periksa masuk klasifikasi badan klasifikasi aku kapal nyata lulus periksa struktur lambung mesin instalasi listrik sistem kedap air alat navigasi komunikasi lengkap selamat kapal bekas milik dokumen stabilitas garis muat sah modifikasi ubah konstruksi ramp door oleh tuju teknis hitung pengaruh kuat stabilitas kapal kapal milik sertifikat selamat cegah cemar manajemen selamat awak awak kapal kompetensi penuh tentu kapal wajib jalan survei periksa kala oleh surat tuju layar syahbandar berangkat tua usia kapal periksa struktur lelah material korosi sistem kedap air pelihara riwayat modifikasi ketat sifat administratif papar khoiri khoiri tekan korelasi langsung usia kapal status kapal bekas seaworthiness kelai kapal layar virgo transport khoiri status kapal bekas usia kapal tua langsung simpul sebab celaka paham mudah simpul bahasa jawa gebyah uyah khoiri khusus sebab insiden kmp virgo transport khoiri ajak tunggu hasil investigasi resmi knkt dahulu investigasi simpul sebab dukung data periksa teknis lengkap
SPORT,wec paruh musim team wrt pede fia world endurance championship pasuk paruh musim team wrt percaya raih hasil bagus balap muncul menang beda team wrt bmw takluk seri buka imola garage mclaren finis spa tim geber corvette tang balap le mans sao paulo tf sport racing team turkey tf sport pimpin klasemen unggul poin tim juara tahan kelas lmgt bend manthey porsche unggul selisih poin lumayan tf sport menang le mans poin ganda lebih manthey peringkat tim posisi selisih poin gambar betapa saing lmgt buka musim tarik tatap putar fia wec lone star le mans hours cota pekan kali tim menang kelas absen porsche penske lanjut program hypercar tim united autosports menang cota sean gelael darren leung marino sato absen program lmgt pilih fokus partner operasional mclaren tampil hypercar mobil mclaren lmgt manajemen pindah tim garage operasi mobil nomor sean darren satu ingat menang kali cerita beda kendara bmw augusto farfus team wrt musim libur fokus tantang berat hadap tulis akun resmi team wrt race hours cota siar langsung livestreaming kanal youtube kuy entertainment senin wib
FINANCE,kuasa pajak latih brevet pajak latih pajak kali temu kenal istilah dasar bikin percaya praktik langsung lapang latih singkat cocok kenal kerja bidang paja latih brevet pajak ab sertifikasi ctt ccp smart class batch ambil dekat beda durasi program kali temu tambah kali uji praktik uji teori september desember senin selasa wib online zoom teori praktik lapor materi cakup tentu tata paja pph potong mungut pph orang pribadi badan ppn ppnbm bea meterai pajak daerah akuntansi paja tax planning periksa sidi pajak serta langsung praktik isi tahun pakai aplikasi coretaxify ajar teori kertas durasi cocok staf administrasi uang accounting finance officer tax staff laku umkm business owner kuasa paja istilah tarik kelas pajak daftar diri detikevent hns hns
FINANCE,km virgo transport usia kelai kapal evaluasi celaka km virgo transport air laut jawa muncul perhati kondisi kapal kapal tua operasi kapal alami modifikasi remaja anggota komisi dpr ri sudjatmiko menteri hubung kemenhub evaluasi audit selamat transportasi laut periksa nilai cakup kondisi kapal sistem selamat usaha milik operator kapal sudjatmiko kapal usia tua alami modifikasi periksa turut modifikasi remaja sisi administratif kondisi teknis kelaiklautan kapal kapal tua modifikasi remaja anggap kapal layak teknis selamat sudjatmiko terang senin evaluasi dahulu hasil investigasi celaka km virgo transport jadi nilai bahan evaluasi sistem awas kapal usaha layar sudjatmiko periksa dokumen sertifikat kapal laku kemenhub kondisi fisik kapal sistem selamat mesin stabilitas kapasitas angkut alat selamat kompetensi awak kapal sistem pelihara dokumen lengkap perintah kondisi riil kapal kapal usia tua alami modifikasi periksa sorot kapal alami ubah konstruksi fungsi kapasitas konfigurasi ubah turut ikut periksa teknis kait stabilitas distribusi beban mampu manuver aspek selamat pasti kapal alami ubah modifikasi periksa teknis kapal aman operasi modifikasi ikut awas pada sudjatmiko audit milik operator kapal kapal tumpang kapal kargo audit nilai gambar kondisi armada layar identifikasi kapal operator milik risiko audit kapal tumpang kapal kargo periksa milik operator kapal penuh standar selamat turut periksa cakup usaha milik operator kapal periksa pelihara kapal sistem manajemen selamat kompetensi awak kapal kesiap kapal layar audit kapal usaha maintenance sistem manajemen selamat kompetensi awak kapal usaha kapal layak layar sudjatmiko nilai awas kapal timbang tingkat risiko kapal usaha periksa administratif kala kemenhub nilai milik sistem awas bas data muat usia kapal riwayat awat modifikasi milik operator hasil periksa rekam jejak celaka perintah database kapal tua milik operator periksa modifikasi rekam jejak selamat situ perintah tentu kapal awas ketat sudjatmiko terap sanksi sesuai tingkat langgar temu kapal laik berangkat usaha bukti bandel ulang kali langgar tentu selamat ragu sanksi sanksi henti operasional cabut dokumen izin relevan sesuai tentu atur undang undang temu langgar berat selamat manusia kalah penting bisnis kejar target operasional jadwal berangkat untung usaha aspek selamat kompromi sudjatmiko harap celaka km virgo transport ujung investigasi kapal bahan evaluasi sistem selamat layar utama proses cari tolong evakuasi korban maksimal investigasi transparan temu lemah sistem awas baik sudjatmiko transportasi laut konektivitas indonesia aspek selamat jalan sedia layan transportasi laut butuh transportasi laut kuat efisien selamat negosiasi tunggu celaka awas ketat audit kapal operator usaha bandel sanksi selamat tumpang awak kapal masyarakat prioritas utama pungkas sudjatmiko kemenhub miko jaga stamina kapal mumpuni milik kapal operasi fisik kapal dokumen rutin kece fisik mesin alat madam portable permanen lupa alat selamat sekoci pelampung pasti kapal milik fungsi alat rembes air fungsi teknis tutup km virgo transport kapal jenis roll roll ro ro bangun shin kurushima onishi shipyard imabari jepang kapal milik meter lebar meter tonase kotor ton kapal pindah indonesia operasi nama km virgo transport juli kapal layan rute surabaya banjarmasin pulang pergi september km virgo transport lapor hilang kontak balik air laut jawa layar surabaya banjarmasin kapal bawa orang orang hasil selamat proses cari tumpang igo fdl
SPORT,francesco bagnaia titik rendah francesco bagnaia aku titik rendah karier jatuh motogp sulit saing papan anyar francesco bagnaia jatuh motogp aragon sesi sprint race finis bagnaia jatuh kali balap sesi utama bagnaia duduk peringkat delap klasemen motogp poin podium kali tang balap utama sulit terima salah titik rendah karier francesco bagnaia lansir sky italia data rasa kendali motor sambung bawa motor coba manuver agresif jatuh laju pelan jatuh cetus francesco bagnaia juang tutup musim motogp manis musim musim ducati musim pindah aprilia untung data sedia milik sadar mampu data data rider ducati laku mudah papar mampu hilang tampil sesuai harap tutup pecco lihat video crash bagnaia ogura warna menang fernandez silverstone
FINANCE,video menkeu suahasil janji lanjut gempur barang ilegal scroll tombol klik panah sisi kanan jajah feed video sempat suahasil tindak giat ilegal lanjut turut barang ilegal tangan rokok barang ilegal tonton video
SPORT,wrt lone star le mans start bagus pupus harap sean gelael rekan rekan team wrt raih podium lone star le mans kendala teknis bikin gagal poin raih posisi start tujuh kualifikasi kelas lmgt sean percaya hadap balap cota senin wib posisi strip penalti af cose balap trek basah darren leung starting driver langsung lesat posisi enam urut empat start leung saing ketat balap inggris tahan leung mundur atur mesti masuk pit problem teknis deteksi roda mobil bmw gt kendara masalah mesti ganti ganti butuh menit sean ambil alih balap leung sean buat team wrt tinggal lap mobil depan kelas lmgt tuntas juang sean leung augusto farfus laga finis hasil harap hasil balap terkadang sean rilis detiksport balap lone start le mans hours cota penuh drama safety car sc full course yellow fcy berulangkali mesti laku menetralisir lomba kelas lmgt milik tim heart racing team ferrari pecah telur kelas hypercar mobil nomor putar fia wec gelar sirkuit fuji jepang september
SPORT,nova widianto tangan ganda campur pelatnas pbsi nova widianto tangan tim ganda campur pelatnas pbsi selasa hadir nova umum pbsi laman media sosial federasi bulutangkis indonesia good luck coach nova tulis pbsi nova resmi kepala latih ganda campur pelatnas agustus percaya tangan sektor kali duduk posisi kepala bidang bina prestasi pelatnas pbsi eng hian alam rekam jejak nova alas kembali sang mantan main pelatnas nova sosok milik alam paham sektor ganda atlet latih eng hian ganda campur indonesia upaya saing level tinggi pbsi harap hadir nova energi sektor harap hadir bawa energi tingkat kualitas bina kuat daya saing pasang pasang ganda campur indonesia antar raih prestasi baik turnamen internasional eng hian kali nova tangan ganda campur pelatnas kembali nova lapang pelatnas periode tangan sektor ganda campur nova asisten latih damping richard mainaky kepala latih richard undur nova percaya latih kepala ganda campur tugas bangun sektor aktif atlet nova salah main ganda campur baik milik indonesia liliyana natsir nova raih gelar juara dunia sembah medali perak olimpiade beijing nomor ganda campur pensiun atlet nova lanjut kiprah latih kontribusi lahir pasang pasang prestasi level dunia alam lanjut tangan ganda campur malaysia nova cetak sejarah bawa chen tang jie ee wei juara dunia capai gelar juara dunia pasang ganda campur malaysia nova pelatnas pbsi tugas benah tingkat daya saing ganda campur indonesia
FINANCE,alat masak obral transmart full day sale serbu pesta diskon transmart full day sale sapa langgan setia hari penuh diskon tebar produk butuh rumah tangga lengkap masak spesial diskon tambah diskon bayar kartu bank mega bank mega syariah diskon buka toko lengkap masak panci teflon merek maxim maspion tawar harga promo rp unit harga asli rp unit murah pakai kartu kredit bank mega bank mega syariah rp unit beli hemat rp juta kartu kredit bank mega khawatir unit buka instan sedia gerai cibubur central park lupa rapat transmart full day sale nikmat diskon besar acd acd
FINANCE,ri tahun impor beras jagung prabowo eksportir presiden prabowo subianto tahun indonesia importir bahan pangan biji biji beras jagung indonesia perlahan ubah indonesia negara eksportir beras produk negeri ekspor negara indonesia turut tingkat dukung negara butuh tambah bahan pangan ekspor indonesia tahun importir besar biji biji beras jagung eksportir tingkat dukung dunia prabowo pidato ktt brics minggu turut ekonomi hijau peluang kuat posisi negara kembang anggota brics rantai pasok global brics rantai pasok tugas hubung optimal kuat sumber nilai prabowo sisi turut negara dorong tumbuh ekonomi jangkau juta masyarakat bangsa tangguh capai bangun sifat inklusif kombinasi inovasi kuat kolektif kuat ampuh ubah langka kapasitas papar prabowo acd acd
SPORT,abdul kadir karding tum perbasasi singgung bina prestasi abdul kadir karding tum serikat baseball softball indonesia pb perbasasi periode singgung bina prestasi abdul kadir karding pilih aklamasi ketua urus serikat baseball softball indonesia pb perbasasi pilih karding langkah urus fokus konsolidasi organisasi fondasi bangun ekosistem baseball softball indonesia kuat solid solid kuat bangun target target prestasi karding sambut tangerang senin karding usung agenda modernisasi kolaborasi kuat tata kelola organisasi salah langkah dorong bangun basis data bina baseball softball indonesia perbasasi kuat sistem bina atlet jenjang bina jenjang kalah masyarakat cinta baseball softball tingkat popularitas olahraga karding dorong bentuk klub klub baseball softball kerja perintah daerah sektor swasta nilai jaring milik urus mang penting manfaat luas basis bina tingkat partisipasi masyarakat karding target perbasasi tingkat prestasi indonesia kompetisi sebut bawa baseball softball indonesia masuk jajar level kompetisi bangun fondasi organisasi kuat target prestasi sea games asi games olimpiade dana jaring organisasi model bina ekosistem baseball softball karding aku dana salah tantang utama kelola organisasi olahraga perbasasi cari alternatif dana kuat kolaborasi program bina kembang organisasi jalan lanjut buka ruang libat luas unsur struktur organisasi perbasasi turut bangun organisasi butuh kerja urus urus daerah komunitas atlet mang penting rekonsiliasi bangun target cipta ekosistem baseball softball organisasi kuat prestasi indonesia tingkat dunia karding harap libat ekosistem baseball softball bagus perbasasi kuat prestasi indonesia tingkat dunia pungkas lihat video badan karantina indonesia pimpin kadir karding
FINANCE,ekonomi global ri dorong negara kembang aktif negosiasi menteri koordinator bidang ekonomi airlangga hartarto negara negara kembang proses bentuk negosiasi tata kelola global airlangga negara kembang terima tentu tetap airlangga reformasi sistem multilateral tingkat fragmentasi ekonomi global ketidakpastian dagang tantang rantai pasok indonesia dorong sistem dagang multilateral buka inklusif transparan bas atur ruang bangun pada negara kembang keikutsertaan aktif negara negara kembang proses reformasi krusial proses negosiasi tentu tetap terap indonesia ambil peran aktif bentuk tata kelola global inklusif representative adil airlangga terang minggu airlangga damping presiden prabowo subianto hadir konferensi tingkat ktt brics bharat mandapam new delhi india sabtu alam asean salah contoh kerja regional kontribusi bangun tahan dinamika geopolitik geoekonomi asean wadah negara negara kawasan kuat dialog kerja jaga stabilitas tumbuh ekonomi regional momentum substansi strategis bahas brics kuat kerangka institusional brics ekonomi dagang uang internasional damai aman energi tahan pangan tani digitalisasi teknologi ubah iklim lingkung bidang ekonomi bahas cakup kuat kerja uang kembang mekanisme local currency settlement lcs upaya bangun rantai pasok global tangguh kuat sistem dagang buka inklusif transparan bas atur acd acd
SPORT,pebulutangkis indonesia asi games satu bulutangkis indonesia pbsi umum daftar main bawa asi games jonatan christie salah satu daftar nama bagi pebulutangkis putra pebulutangkis putri putus ambil evaluasi dalam aspek nilai performa kini kondisi fisik butuh teknis tim nama nama main pilih tetap skuad proses evaluasi performa kondisi fisik teknis main butuh tim tentu komposisi sesuai target asi games kepala bidang bina prestasi pbsi eng hian terang resmi bawa nama asi games aichi nagoya nama tampil nomor orang fokus tambah dalam skuad nomor regu nomor orang jonatan christie alwi farhan tumpu nomor regu moh zaki ubaidillah muhamad yusuf jad tumpu tim putri sektor orang regu asi games september oktober cabor bulutangkis hari upacara buka nomor regu tanding september nomor orang september cabor bulutangkis gelar ichinomiya city municipal gymnasium fokus utama nomor regu main tampil maksimal kontribusi baik tim putra putri sambung eng hian daftar pebulutangkis putra jonatan christie alwi farhan moh zaki ubaidillah muhamad yusuf fajar alfian muhammad shohibul fikri leo rolly carnando daniel marthin nikolaus joaquin amri syahnawi daftar pebulutangkis putri putri kusuma wardani thalita ramadhani wiryawan ni kadek dhinda amartya pratiwi mutiara ayu puspitasari rachel allessya rose febi setianingrum febriana dwipuji kusuma meilysa trias puspitasari siti fadia silva ramadhanti nita violina marwah
SPORT,kolaborasi npc kemenpora genjot bina atlet disabilitas menteri pemuda olahraga kemenpora komitmen dukung bina tingkat prestasi atlet disabilitas indonesia dukung kerja koordinasi lanjut komite paralimpiade nasional indonesia npc indonesia siap multi event keikutsertaan juara internasional deputi bidang tingkat prestasi olahraga kemenpora surono perintah perhati serius atlet atlet disabilitas kuat olahraga nasional kemenpora bangga dukung atlet atlet disabilitas indonesia milik kerja npc indonesia upaya tingkat prestasi olahraga disabilitas nasional surono terang media salah bukti hasil sinergi capai kontingen indonesia asean games thailand indonesia hasil raih medali emas medali perak medali perunggu tempat peringkat klasemen lebih target medali emas prestasi bangga target emas atlet atlet target bina perintah npc indonesia latih ekosistem olahraga disabilitas hasil nyata sambung surono surono kerja kemenpora npc indonesia level nasional cakup koordinasi daerah dukung partisipasi indonesia agenda olahraga disabilitas internasional kerja cakup agenda asean games asi games agenda olahraga internasional dalam keikutsertaan atlet tunarungu deaflympics prinsip program siap rencana partisipasi indonesia dampak maksimal prestasi nasional khusus bina atlet tunarungu surono perintah proses bina keikutsertaan kompetisi internasional jalan organisasi milik legitimasi sesuai tentu federasi internasional hadap npc indonesia icsd international committee sports deaf khusus atlet tuna rungu organisasi kumpul atlet tunarungu indonesia patrin aku internasional patrin aku perintah konteks tata kelola perintah dukung fasilitas organisasi milik legitimasi sesuai tentu organisasi olahraga internasional surono juara internasional ikut atlet ajang kompetisi tempat strategi bina jangka juara dunia ikut prinsip proses try kumpul poin peringkat kejar kualifikasi paralimpiade keikutsertaan juara konteks kompetisi kontribusi target prestasi indonesia dasar surono tekan tentu juara single event ikut atlet konsolidasi rencana npc indonesia kemenpora surono tata kelola bina olahraga disabilitas jalan atur regulasi organisasi olahraga internasional relevan koordinasi patuh statuta international paralympic committee ipc khusus olahraga tunarungu tentu bylaws icsd bina anggar dukung perintah arah efektif efisien transparan sasar surono perintah bicara dukung atlet ikut kompetisi bangun ekosistem bina lanjut komitmen kemenpora npc indonesia konsisten dukung perintah proses bina fasilitas latih pusat latih berangkat kompetisi internasional harga prestasi atlet salah bentuk dukung bangun kembang paralympic training center indonesia karanganyar jawa fasilitas bina atlet atlet paralimpiade indonesia kemenpora dorong fasilitas jaga kualitas lanjut fasilitas baik asia tenggara dukung fasilitas bina perintah dukung biaya keikutsertaan kontingen indonesia ajang internasional asean games asi games dukung biaya berangkat keikutsertaan atlet multi event internasional asean games perintah bonus bentuk harga prestasi atlet bonus salur langsung terima kerja bank rakyat indonesia total harga raih medali capai rp miliar surono
SPORT,jawa timur juara kejurnas panah tradisional gelar juara nasional kejurnas fespati tampil juara jawa timur kejurnas fespati kompetisi manah usia gelar villa bukit tidar kota malang agustus gelar federasi seni panah tradisional fespati total serta provinsi indonesia kategori lomba tanding ajar hunting ajar jemparing ajar jarak meter atlet panah tradisional serta perempuan laki laki hba horse back archery kategori junior putra open putri senior putra total serta ribu lebih edisi klaten jawa ikut serta naik tren positif panah tradisional minat sertifikat menang rasi pupresnas pusat prestasi nasional institusi tri didik dasar tengah republik indonesia aku resmi ajang talenta prestasi serta didik malang pilih lokasi selenggara kejurnas malang peringkat utama kota industri pariwisata jawa timur harap gelar kejurnas bawa dampak positif naik income usaha umkm industri pariwisata kota malang slogan fespati negeri kejurnas rencana helat provinsi dki jakarta jawa barat banten imran taufik ketua fespati sebut kejurnas seleksi manah muda bela indonesia kancah internasional
SPORT,tum koni pusat sambut positif juara pacu kuda aceh ketua komite olahraga nasional indonesia koni pusat letjen tni purn marciano norman saksi tanding pacu kuda lapang haji muhammad hasan gayo blang bebangka aceh juara pacu kuda hut ri selenggara konfederasi nasional satu olahraga kuda indonesia kn pordasi giat kolaborasi urus pusat fn pordasi pacu urus provinsi fn pordasi pacu aceh atlet tanding tanggal agustus partisipan juara kabupaten aceh kabupaten bener riah kabupaten gayo lues prestasi bagus pekan olahraga nasional pon xxi juara mari rawat lahir atlet atlet olahraga kuda aceh kelak wakil indonesia event event internasional marciano marciano nilai juara pacu kuda kali bawa agam dampak positif bina atlet kuda pacu manfaat fasilitas venue waris pon ekonomi masyarakat hibur masyarakat atautrauma healingatas kondisi bencana hadap ajang lanjut tradisi pacu kuda lekat budaya masyarakat aceh sarana bina sambung atlet atlet kuda pacu songsong pekan olahraga nasional pon xxii sumba nusa tenggara timur marciano wadah bina marciano sorot manfaat sarana prasarana pasca pon lapang hasan gayo belang bebangka pon xxi aceh sumut nila salah arena pacu kuda baik indonesia animo masyarakat bukti venue tinggal pon manfaat lanjut daerah hadir wakil keluarga koni pusat taung koni provinsi koni kabupaten kota induk cabang olahraga organisasi fungsional bukti hadir gandeng tangan bangkit masyarakat aceh wujud indonesia daulat adil makmur tema hut ri marciano bangga hormat tinggi perintah daerah masyarakat aceh kabupaten aceh ajak mang penting maju olahraga nasional mari keras olahraga indonesia bicara olahraga bicara merah putih lelah karya indonesia tutup marciano
FINANCE,pertamina pakai sistem ganjil genap urai antre spbu makassar antre kendara spbu kota makassar sulawesi selatan lapor landai pt pertamina patra niaga upaya optimalisasi pasok layan bbm perintah provinsi sulawesi selatan salah bentuk kolaborasi perintah provinsi sulawesi selatan laku sistem ganjil genap isi bbm spbu atur bantu atur antre kendara dukung lancar layan masyarakat lapang antre spbu makassar tahap landai langkah kuat pasok layan kolaborasi perintah provinsi sulawesi selatan dukung lancar layan bbm masyarakat kitty andhora vp corporate communication pertamina patra niaga terang minggu sisi operasional pertamina patra niaga kuat pasok distribusi mobil tangki operasi jam spbu makassar operasi jam akses layan luas masyarakat optimalisasi layan tambah nozzle bbm subsidi operator spbu pertamina patra niaga tambah titik distribusi operasi unit spbu modular dukung penuh butuh bbm masyarakat langkah laku pasok layan jalan optimal pantau kondisi lapang sesuai sesuai butuh masyarakat oleh bbm lancar kitty pertamina patra niaga paham bbm butuh masyarakat tunjang mobilitas aktivitas hari optimalisasi pasok distribusi layan lanjut sesuai kondisi lapang apresiasi dukung perintah provinsi sulawesi selatan masyarakat ikut tentu arah tugas lapang kolaborasi harap dukung lancar layan bbm masyarakat makassar pertamina patra niaga upaya layan baik distribusi bbm jalan optimal butuh masyarakat penuh aktivitas hari jalan lancar tutup kitty acd acd
SPORT,asi games tum koi tekan kolaborasi jelang asi games dukung atlet indonesia alir momentum ingat jalan podium hasil kolaborasi ketua komite olimpiade indonesia noc indonesia raja sapta oktohari tekan lanjut dukung atlet jalan podium bangun singkat atlet butuh dukung konsisten proses siap tanding bawa merah putih okto terang tulis selasa okto kolaborasi perintah federasi dunia usaha masyarakat kunci bangun ekosistem olahraga kuat dunia usaha federasi perintah masyarakat mang penting gerak bicara medali bangun ekosistem olahraga lanjut harap kolaborasi tumbuh dampak positif atlet olahraga indonesia lantas apresiasi hadir damping juang atlet olimpiade paris sea games asi games nada direktur pt tim indonesia emas richard sam bera nilai konsistensi dukung bahan bakar mental atlet richard sebut asi games aichi nagoya panggung bukti proses jalan atlet keras siap dukung penuh tanding percaya bawa semangat merah putih atlet panjat tebing veddriq leonardo terima kasih dukung masyarakat swasta atlet terima kasih dukung masyarakat indonesia damping jalan dukung motivasi tambah baik mohon doa dukung juang maksimal bawa hasil baik merah putih asi games raih medali emas olimpiade mcy aff
FINANCE,pertamina batas beli bbm maksimal liter spbu modular makassar pt pertamina patra niaga langkah kuat layan distribusi bbm tempat spbu modular kawasan center point indonesia cpi masjid kubah makassar spbu modular layan beli pertalite kendara roda isi maksimal liter pjs area manager communication relation csr pertamina patra niaga regional sulawesi okky aditya wibowo laksana beli bbm jenis pertalite kendara roda laku sistem ganjil genap nomor polisi kendara khusus kendara ojek online ojol laku sistem ganjil genap okky selesai tempat hasil kolaborasi perintah provinsi sulawesi selatan tambah titik layan bantu urai konsentrasi kendara spbu eksisting tambah spbu modular pertamina patra niaga kuat layan rekonfigurasi spbu tambah nozzle operator operasi spbu jam distribusi bbm jaga sedia pasok lancar layan masyarakat langkah kondisi antre spbu makassar kembang kondisi antre spbu makassar landai kuat layan tambah titik isi operasi spbu jam tambah nozzle operator distribusi bbm jalan apresiasi dukung perintah provinsi sulawesi selatan masyarakat ikut atur lapang okky terang tulis senin direktur utama pt pertamina persero simon aloysius mantiri hadir langsung makassar langkah tangan kuat layan jalan lapang hadir kuat awas butuh tangan ditindaklanjuti stakeholder daerah perintah provinsi sulawesi selatan dinas esdm dukung langkah tangan lapang sedia lokasi fasilitas dukung titik layan tambah pertamina patra niaga regional sulawesi pantau kondisi spbu evaluasi layan distribusi bbm sesuai kembang lapang perintah provinsi sulawesi selatan stakeholder pertamina komitmen kuat layan masyarakat oleh bbm lancar jalan aktivitas hari masyarakat oleh informasi lapor layan salur bbm pertamina contact center pcc hrp fdl
FINANCE,mglv bidik dana rp triliun rights issue siap proyek data center market overview dagang saham bursa efek indonesia bei jumat lemah ihsg turun posisi saham catat kuat sraj saham naik besar susul casa ammn byan koreksi bbca turun bbri lemah tekan transaksi investor asing pasar reguler investor asing catat net sell rp miliar hitung pasar posisi net sell catat rp miliar sektor saham sektor lemah consumer non cyclicals sektor turun healthcare sektor naik tinggi tumbuh bursa saham amerika serikat gerak positif dagang dow jones level tambah nasdaq kuat level pasar offshore etf eido msci indonesia catat turun kembang indeks etf emas global ammn masuk gdxj emas masuk gdx ammn brms emiten emas indonesia alami ubah komposisi indeks baru kondisi tambah katalis rebalancing etf emas global batas dagang offshore etf eido msci indonesia alami koreksi berita emiten pt timah tbk tins tins luas pasar ekspor produk timah india salah pasar kembang kontribusi jual tins tingkat india persero sasar pasar vietnam filipina inggris tins ekspansi kawasan timur target dukung tingkat produksi tins tambah kapal produksi kuat aman izin usaha tambang iup langkah kejar target produksi ton timah jual ton persero aju revisi rkap target uang banding target pasuk fokus tins arah cari cadang eksplorasi kembang timah primer logam tanah jarang pt radiant utama interinsco tbk ruis ruis besar porsi bisnis sektor minyak gas migas salah perhati persero kembang bisnis geothermal energi baru ebt geothermal ebt sumbang portofolio ruis kontribusi target tingkat diversifikasi ruis sasar energi persero kembang portofolio bidang petrokimia power electricity industri dukung salah proyek garap solar pv total kapasitas instalasi capai mw sisi oleh kontrak ruis buku proyek semester nilai proyek capai rp triliun nilai kontrak aktif persero tembus rp triliun pt nexai digital infrastruktur tbk mglv mglv aksi rights issue pmhmetd rasio aksi persero terbit maksimal juta saham saham tara modal tempat setor penuh laksana pmhmetd harga laksana tetap rp saham harga mglv potensi oleh dana rp triliun dana dukung butuh kembang infrastruktur data center rp triliun tempat setor modal pt nextier gena center dana bangun fasilitas data center kawasan industri padu batang rp miliar pt nextier askara center kembang fasilitas data center jababeka cikarang mglv alokasi rp miliar ambil alih piutang pt nextier datamate center ndc entitas anak sisa dana rights issue butuh modal kerja persero aksi pegang saham utama ndc milik saham komitmen ambil hmetd hak capai juta hmetd nilai rp triliun sisi pegang saham hak rights issue alami lus maksimal jadwal dagang laksana hmetd november cum right pasar reguler negosiasi jadwal oktober recording date tetap november rekomendasi saham brms buy tp sl antm buy tp sl kija buy tp sl elit buy tp sl irsx buy tp sl disclaimer analisis rekomendasi saham artikel sifat informatif aja beli jual saham ang ang
SPORT,kalah perempatfinal avc beach continental bintang sofyan jalan bintang akbar sofyan rachman avc beach continental perempatfinal main maksimal tanding shangluo china sabtu pasang voli pantai indonesia kalah wakil australia thomas hodges ben hood bintang sofyan angin rebut set buka hodges hood balik tang set tiket semifinal gagal kalah bintang sofyan tampil turnamen pasuk empat final menang hilang set latih timnas voli pantai indonesia slamet mulyanto anak anaknta main maksimal tama mohon maaf empat final anak anak maksimal slamet kutipam cepat sabtu set anak anak main bagus start bagus leading lawan bikin ulah mancing emosi lambat main kali protes wasit kartu kuning anak anak pengaruh slamet nilai lawan milik postur tubuh overblok nya sulit henti lawan overblok susah henti jam terbang bicara ketat gin lawan pengaruh tempo antisipasi anak anak anak anak cepat bentuk main slamet set tiga imbang lawan aku tampil alam jam terbang bicara salah main kali tampil olimpiade slamet harap alam tampil avc beach continental jadi bekal asi games aichi nagoya september oktober anak anak konsisten pengaruh lawan tampil asi games slamet mcy aff
SPORT,arwana jaya onic sport juara ipl season selesai musim bri indonesia pingpong league ipl arwana jaya onic sport tampil juara grand final season hadir format kompetisi tuntut konsistensi tim selenggara agustus main atrium trans studio mall ciubur depok format grand final tim kategori elite putera elite puter temu hasil tentu total raih poin tim rangkai tanding khusus kategori elite puter temu sesi tanding ganda kategori elite putera tanding sesi ganda saing elite putera ketat tanding arwana jaya hasil kumpul poin juara hasil capai istimewa arwana jaya hasil ambil alih tahta onic sport juara ipl season pilar arwana jaya muhammad bima abdi negara sebut hasil rebut gelar juara tahan capai tim syukur juara onic juara season kualitas bagus rebut gelar capai spesial main baik usaha jaga fokus tanding bima rilis detiksport sistem tanding menang poin kalah poin lengah target menang tanding kumpul poin kompak mental tim kunci onic sport tampil juara kategori elite puter raih poin onic sport unggul sukun kudus posisi poin arwana jaya posisi tiga poin jasa raharja putera posisi empat poin main onic sport cindy marcella aku bangga bawa tim raih gelar juara elite puter cindy konsistensi kunci menang onic sport turnamen pasti senang bangga juara jalan grand final mudah tim kualitas bagus usaha jaga fokus dukung mampu baik tanding papar cindy jaga fokus tanding tanding tanding nilai syukur jaga konsistensi hasil baik sambung grand final indonesian pingpong league season hadir ketua ipl petrus reinhard golose sekretaris jenderal ipl yon mardiyono jajar urus indonesian pingpong league petrus grand final momentum atlet hasil kerja keras musim grand final panggung atlet hasil kerja keras musim ipl kompetisi ruang atlet kembang prestasi alam tanding level tinggi petrus
FINANCE,prabowo ktt brics dagang mata uang senjata presiden prabowo subianto pesan fenomena jadi dagang sistem uang senjata negara negara perang senjata intervensi roda ekonomi mewanti wanti dagang mata uang jadi senjata jenis jatuh nyata seru prabowo forum brics summit india dagang mata uang jadi senjata prabowo video pidato siar sekretariat presiden kutip minggu ajak institusi institusi uang global sedia akses sumber modal sumber daya negara negara kembang maju institusi uang internasional transformasi institusi institusi tanggap butuh negara negara kembang prabowo turut negara brics wakil populasi kuat ekonomi global kuat turut pupuk negeri negara gabung kuat negeri rakyat mampu penuh butuh pangan rakyat jamin pasok energi butuh didik anak anak sempat hidup sejahtera beber prabowo bangun bangsa tangguh mandiri tekan negara negara brics dikte alat kuat tangguh dsn mandiri dikte kuat tangguh mandiri pungkas prabowo acd acd
SPORT,men world tennis championship gunawan tembus babak utama seri iv wakil indonesia lolos babak utama seri amman mineral men world tennis championship gunawan trismuwantara tanding final kualifikasi lapang bal beach country club nusa senin gunawan hadap haruto ishikawa jepang tenis tarung ketat set jam menit tiket babak utama menang balas set format super tie break set tiga tentu menang gunawan tang set tentu skor salah set poin fokus sisa game babak super tie menang gunawan rilis detiksport tanding lapang performa impresif ethan david zapp gagal lanjut temu unggul tiga india shanker heisnam keluar main baik lawan keras set tenis takluk tempo jam menit gunawan tani main indonesia masuk babak utama fasilitas wild card anthony susanto nathan barki rafalentino ali da costa turun nomor tunggal juara hadiah total ribu dolar indonesia enam wakil nomor ganda gunawan trismuwantara kareem abdul hakim rafalentino ali dacosta ethan david zapp anthony susanto gandeng main jepang ren nakamura
SPORT,ngedadak padel padel ajang reuni padel gaya hidup masyarakat urban indonesia olahraga padel ajang reuni alumni fakultas hukum fh universitas trisakti angkat minggu kemarin lokasi hq padel tennis pesanggrahan jakarta selatan giat gathering kemas bentuk turnamen padel tajuk ngedadak padel alumni fh trisakti boleh bawa pasang saing tanding nomor campur turnamen padel ikut fixed partners mixed partners bagi grup serta tampil antusias kompetitif inti jaga silaturahmi angkat fh trisakti giat kumpul kumpul salah satu padel padel gari laki laki perempuan salah panitia mega ruhapy terang media giat ajang silaturahmi panitia serius selenggara acara podium juara peringkat runner tiga siap menang hak harga medali hadiah arie pujianto salah alumni motor gerak aktivitas olahraga kalang alumni fh universitas trisakti sebut angkat golong aktif gelar giat giat olahraga padel yakin arie pilih silaturahmi alumni laki laki perempuan partisipasi zaman kuliah udah akur alhamdulillah hubung coba main padel istri main arie mudah mudah turnamen padel perdana angkat mau angkat fh trisakti pasti seru fh trisakti gathering sambung arie sebut alumni angkat fh trisakti rencana gelar turnamen padel depan ada asha beach club resort pulau payung pulau ribu padel arie alumni fh trisakti gabung klub sepak bola inkracht sakti fc jadwal ikut juara dunia advokat mundiavocat bal april mundiavocat salah fokus inkracht sakti fc basicnya lawyer lulus trisakti buka peluang ajak main adi fc arie arie jabat kapten tim inkracht sakti fc hadap mundiavocat skuad bentuk november tim konsentrasi siap inkracht sakti fc latih profesional kenal kalang olahraga futsal mario silitonga mario kali kali bawa tim advokat indonesia kompetisi juara dunia sepak bola advokat tangan dingin alam mario harap bawa inkracht sakti fc capai prestasi bangga mundiavocat negara unggul asia thailand iran jepang bawa tim sepak bola advokat indonesia peringkat tiga mario agenda dekat inkracht sakti fc gelar tanding panas hadap mantan main profesional malaysia sabah fc jakarta september
FINANCE,video reshuffle kabinet suahasil ganti purbaya menkeu scroll tombol klik panah sisi kanan jajah feed video
SPORT,bagnaia kena mental bos ducati fokus manajer tim ducati davide tardozzi lontar kritik tajam francesco bagnaia motogp aragon turut bagnaia cepat aspek psikologis khusus percaya fokus mental bagnaia jalan pekan sulit aragon balap italia gagal performa harap ducati jatuh balap ducati harap bagnaia finis motorland aragon ekspektasi penuh tardozzi sebut tim coba ubah sesi panas hasil sesuai harap harap bagnaia nyata coba panas hasil milik percaya pacu motor temu atas tardozzi tnt sports tardozzi nilai bagnaia sentuh aspek psikologis turut mampu bagnaia laju cepat ragu dekat hadap situasi sulit batas performa pikir psikologis dekat terkadang batas performa ragu cepat lewat batas tipis percaya tutup mata tantang nyata tardozzi sorot bagnaia tinggal ducati musim kuat aprilia racing ducati pedro acosta rekan tim marc marquez musim krs bay
FINANCE,suahasil pegawai menteri uang kredibel menteri uang suahasil nazara pesan pegawai menteri uang kemenkeu lantik presiden prabowo subianto ganti purbaya yudhi sadewa suahasil pegawai kemenkeu lanjut kerja tugas jalan percaya pegawai kemenkeu tugas jabat menteri uang wakil menteri uang teman teman menteri uang bilang udah kenal ngerti tugas lanjut kerja menteri uang kredibel percaya bangga masyarakat indonesia suahasil kantor menteri uang jakarta senin suahasil sore pimpin menteri uang arah presiden prabowo subianto jaga uang negara tumbuh ekonomi indonesia lanjut kerja menteri uang solid lanjut kerja menteri uang ubah ubah lanjut giat lanjut aktivitas lanjut tugas fungsi menteri uang jaga apbn tumbuh ekonomi stabil ekonomi terang hrp fdl
FINANCE,pasar sambut suahasil ganti purbaya menkeu laku pasar modal domestik respons positif lantik suahasil nazara menteri uang menkeu ganti purbaya yudhi sadewa cermin gera indeks harga saham gabung ihsg hasil balik turun tajam imbas naik harga minyak dunia data rti business ihsg lemah level jelang tutup dagang sore senin ihsg kuat level tinggi intraday level suahasil resmi jabat menkeu tutup dagang ihsg lemah tipis level balik gera ihsg kuat dorong respons positif laku pasar ubah jabat menkeu ganti menteri uang purbaya yudhi sadewa suahasil nazara respons pasar cenderung positif ukur euforia senior market analyst mirae asset sekuritas naf aji gusta detikcom senin naf suahasil sosok pasar jabat wakil menteri uang turut posisi lanjut bijak fiskal laku pasar cermat dampak ganti menkeu pasti konsistensi kredibilitas bijak fiskal utama cakup kelola apbn defisit terima negara belanja perintah koordinasi fiskal moneter kuat ihsg jelang tutup mata diatribusikan ganti menkeu sentimen geopolitik harga minyak dominant market driver muncul katalis domestik ganti menkeu counterbalance sentimen negatif global naf nilai pasar nilai kabinet kuat koordinasi ekonomi jaga disiplin fiskal cepat stimulus produktif potensi katalis positif lanjut ihsg amat pasar modal elandry pratama nilai reshuffle sentimen positif gera ihsg turut suahasil unsur lanjut kelola fiskal risiko ubah bijak drastis relatif batas nilai gera ihsg koreksi balik kuat risk appetite investor pulih cepat ketidakpastian politik reda turut kuat ihsg sinyal pasar respons positif ekspektasi transisi bijak jalan relatif mulus rebound ihsg jelang tutup market sentiment respons positif pasti reshuffle suahasil nazara resmi lantik menteri uang ganti purbaya turut kuat sepenuh anggap ubah tren ganti menkeu pasar cermat arah bijak suahasil disiplin fiskal defisit apbn kelola utang koordinasi bijak fiskal moneter transisi jalan mulus arah bijak kredibel bantu jaga confidence investor buka ruang capital flow masuk pasar domestik pungkas ahi ara
SPORT,motogp aprilia kian motivasi kalah marc marquez rider ducati marc marquez dominasi motogp aragon aprilia motivasi kalah baby alien buru gelar juara dunia marc marquez tang sprint race main race motogp aragon pekan balap tembus posisi klasemen motogp raih poin marc marquez tinggal jarak angka jago aprilia jorge martin raih angka marc marquez lewat marco bezzecchi unggul poin bos aprilia massimo rivola aku marc marquez rider kuat motogp aprilia semangat kalah marc marquez sisa musim langkah langkah juang balap lawan saing marquez salah balap kuat sejarah hormat coba kalah motivasi serah rivola gp one ajar marc sulit menang ambil risiko konsistensi penting bawa pulang menang kuat laku ajar sikap motogp september balap motogp san marino gelar
FINANCE,purbaya pemda banyak simpan duit bank alas menteri uang purbaya yudhi sadewa perintah daerah pemda simpan uang bank pemda belanja anggar dampak ekonomi banyak taruh uang perban dampak ekonomi optimal uang rupiah tempat daerah dampak maksimal ekonomi purbaya rapat komite iv kompleks parlemen jakarta senin purbaya kondisi uang daerah agustus relatif purbaya catat dana milik perintah daerah capai rp triliun tekan dana eksekusi manfaat rasa masyarakat purbaya perintah pusat pantau kondisi uang daerah mangkas transfer daerah tkd menteri uang tkd potong dirjen imbang uang monitor kondisi uang daerah indikasi ganggu daerah fungsi gara gara uang tolong kasih hadap presiden baik purbaya contoh perintah pusat salur bantu rp triliun daerah butuh agustus turut dana transfer daerah hitung transfer daerah uang daerah sedia daerah ganggu monitor tambah inovatif financing daerah kondisi tutup purbaya acd acd
FINANCE,gera rupiah vs dolar suahasil ganti purbaya nilai tukar rupiah lemah dolar amerika serikat dagang sore kamis mata uang paman sam gerak rentang rp presiden prabowo subianto lantik suahasil nazara menteri uang menkeu ganti purbaya yudhi sadewa wib data bloomberg dolar kuat rp dagang sore dagang pagi dolar lemah level data google finance dolar kuat level rp sore mata uang paman sam catat gerak level rp panel gera google finance data rti business dolar gerak level rp kuat dagang pek rti catat kuat dolar rupiah informasi suahasil menkeu putus presiden henti angkat kabinet merah putih sisa jabat lantik langsung prabowo ganti purbaya jabat menkeu setia undang undang dasar negara republik indonesia jalan atur undang undang lurus lurus darmabakti bangsa negara jalan tugas jabat junjung etika jabat baik penuh tanggung prabowo sumpah jabat ikut suahasil simak video purbaya dolar rp jelek ahi ara
SPORT,pordasi optimal lapang hasan gayo olahraga kuda konfederasi nasional satu olahraga kuda indonesia kn pordasi dukung perintah kabupaten aceh pordasi sempat manfaat lapang pacu kuda hasan gayo salah pusat giat olahraga kuda pacu budaya kuda manah ihaaf indonesian horseback archery federation potensi dukung bupati aceh drs hail yoga jamu ketua presidium konfederasi nasional pordasi triwatty marciano tum koni pusat letjen tni purn marciano norman tum koni aceh pon yaya waketum ii pp fn pordasi pacu andi fauzan tokoh olahraga aceh jamu makan malam gelar pendopo bupati aceh malam tanggal agustus jamu makan malam bahas kembang manfaat lapang pacu kuda hasan gayo kembang lapang pacu kuda hasan gayo venue waris pekan olahraga nasional pon xxi aceh sumut dorong kembang sport industry sports tourism daerah dampak positif ekonomi masyarakat tanding olahraga kuda rutin lapang pacu kuda hasan gayo harap tumbuh sport industry sports tourism gerak ekonomi tingkat sejahtera masyarakat kabupaten aceh ketua presidium konfederasi nasional pordasi triwatty turut manfaat rasa ternak kuda laku umkm kawasan giat olahraga potensi lapang hasan gayo kembang venue pacu kuda lapang kuda manah standar internasional teknis fasilitas venue hasan gayo standar nasional kembang lapang kuda manah standar internasional guna produktif manfaat luas triwatty kembang harap kuat ekosistem olahraga kuda aceh pacu kuda kuda manah erat kait olahraga sunnah islam selenggara tanding ada venue aktif harap dukung bina atlet komunitas olahraga kuda ternak kuda sektor ekonomi masyarakat
SPORT,tum koi menpora kukuh tim indonesia asi games ketua komite olimpiade indonesia koi raja sapta oktohari menpora erick thohir kukuh tim indonesia asi games aichi nagoya aksi laksana kukuh wisma serba gelora karno gbk rabu indonesia kirim atlet ofisial cabang olahraga bismillahirrahmanirrahim tim indonesia asi games aichi nagoya kukuh okto sempat menpora erick thohir hadir pesan harap atlet cabang olahraga tampil multievent besar asia indonesia kibar merah putih manca negara emas dahulu tepuk tangan buka erick puas lihat negara tetangga asi games kumpul emas bicara besar negara indonesia besar asi games segi duduk politik ekonomi natang hadir asi games kibar merah putih banyak asi games ajak menpora usia atlet hadir medali emas seraya atlet tangan serempak bukti bukti juang tinggal hidup hari keluarga letih tangis cedera tinggal erick potensi medali tantang potensi perunggu tantang perak potensi perak tantang emas potensi emas saing ketat negara investasi olahraga kemenpora berintropeksi ubah pola pikir arah presiden ri prabowo subianto olahraga duta bangsa cermin hidup bangsa asi games pantau dekat olimpiade tinggal siap pelatnas sinambung indeks prestasi main main anggar bawa hukum main main erick harap atlet satu komitmen jumpa presiden ri prabowo subianto harap satu komitmen ketemu presiden bulat tekad negara besar asia tenggara patut rebut emas banyak salam olahraga erick simak video bicara kesiap atlet asi games mensesneg siap
FINANCE,salur kur tembus rp triliun terima juta debitur menteri usaha mikro tengah umkm lapor realisasi salur kredit usaha rakyat kur capai rp triliun september realisasi tara total target salur kur capai rp triliun realisasi kur september capai rp triliun target rp triliun sekretaris menteri umkm loto srinaita ginting rapat dengar dapat komisi vii dpr jakarta senin loto salur kur september jangkau juta debitur debitur total realisasi kur salur sektor produksi capai rp triliun target loto sebut salur sektor produksi lampau target tetap bijak kur luas akses biaya sektor ekonomi kreatif manfaat kaya intelektual agun tambah bunga efektif sektor produksi orientasi ekspor longgar batas frekuensi akad akumulasi pinjam sektor produksi orientasi ekspor loto kendati loto nilai tumbuh kredit umkm tinggal banding kredit perban porsi kredit umkm total kredit perban turun januari april beber tantang akses biaya umkm rendah akses kredit pinjam riwayat kredit negatif slik turun layak kredit debitur sempit akses biaya formal tingkat bunga kredit umkm relatif tingkat bunga kredit perban rea hns
SPORT,marc marquez pukul rider rider aprilia rider ducati marc marquez petik menang ganda motogp aragon baby alien pukul telak balap balap aprilia sirkuit aragon pekan marc marquez juara sprint race main race motogp aragon tambah poin penuh seri motogp balap spanyol baik posisi klasemen marc marquez posisi klasemen motogp raih poin jarak poin jorge martin balap aprilia puncak klasemen motogp amat motogp carlo pernat nilai marc marquez nobat raja sachsenring aragon aragon marc marquez catat hat trick marc marquez raja sachsenring raja aragon ragu aprilia kembang pesat motor motor juara balap tangguh martin bezzecchi papan klasemen pernat kabar gp one marc hajar motogp september motogp san marino misano saji marc marquez menang misano
SPORT,dokter kira kondisi lengan marc marquez persen marc marquez adaptasi kondisi lengan kanan normal dokter operasi samuel antuna ungkap kuat lengan persen antu kondisi dampak cedera operasi jalan marc celaka motogp indonesia titik buruk kondisi lengan kanan celaka indonesia balap rasa sakit keluh celaka ubah antuna el periodico lansir motosan marc rumit saraf radial lengan tekan serpih tulang kondisi buat hilang kendali lengan posisi motor kontribusi celaka jalan operasi atas kondisi baik kuat lengan kanan lengan kiri milik latissimus dorsi kuat mekanis ganggu laku teres major utama hilang kuat bisep antuna lengan batas kuat bisep kuat persen kapasitas antuna marc hilang otot otot trisep latissimus dorsi teres major pektoralis mayor dampak operasi alami ubah atrofi kondisi lengan kanan marc milik kuat lengan kiri balap ducati adaptasi batas fisik kompetitif motogp
SPORT,bal gelar turnamen catur internasional oktober bal tuan rumah turnamen catur level internasional oktober adu tangkas turnamen tuju genjot pariwisata pulau dewata turnamen nama catur bal fide rated kapal api chess festival gelar hotel ululani uluwatu bal oktober november ajang gagas ketua urus cabang satu catur indonesia pengprov cas kabupaten muna sulawesi tenggara jalaluddin madjinuhu dukung pb cas klub jayakarta muda jakarta total hadiah rp juta rp juta sang juara serta rencana ikut ajang negeri indonesia atlet atlet jawa timur bal sulawesi tenggara nusa tenggara barat nusa tenggara timur daftar jalaludin serta sesuai daya tampung ballroom hotel ululani bal arena tanding harap serta lolos syarat sesuai atur fide calon serta surat fide ikut turnamen negeri daerah konfirmasi jawa timur catur bal catur sulawesi tenggara catur ntt ntb jalaludin rilis detiksport turnamen kategori challenger serta catur milik elo rating sambung pilih pulau bal selenggara turnamen catur level international pulau jawa dampak positif pariwisata bal turnamen pilih bal destinasi wisata letak serta pulau kalimantan sulawesi indonesia timur ambil papar jalaludin turnamen catur taraf international fide rated indonesia kali gelar turnamen kapal api chess festival turnamen taraf international tanah air harap negeri cari poin elo rating serta negeri libur bal turnamen buka sukses depan jadi kalender tahun titel ubah open jalaludin
FINANCE,wamenko pangan kelola lingkung biaya investasi wakil menteri koordinator bidang pangan republik indonesia hanif faisol nurofiq ajang environmental social innovation awards ensia bal hanif dunia usaha kelola lingkung strategi bisnis biaya keluar usaha sambut sesuai fokus inovasi khusus ensia angkat isu strategis tahan pangan kelola sampah ekonomi sirkular transisi energi bersih aspek respons tantang ubah iklim butuh efisiensi sumber daya kurang emisi ketidakpastian global kembang dunia usaha kelola lingkung biaya investasi cipta efisiensi nilai ekonomi lanjut bisnis terang tulis senin salah contoh olah sampah energi listrik psel skema ubah kelola sampah sumber energi cipta nilai ekonomi hanif dekat terap sektor pangan kurang food loss food waste tingkat efisiensi pascapanen kembang ekonomi sirkular turut inovasi lingkung hasil manfaat luas henti terap usaha inovasi bukti dampak direplikasi luas kolaborasi perintah dunia usaha akademisi lembaga riset masyarakat transformasi nasional indonesia tangguh sosial lanjut lingkung mandiri energi kuat tahan pangan hanif dorong usaha tingkat inovasi lingkung penuh tentu compliance beyond compliance arah jalan program nilai peringkat kerja usaha kelola lingkung hidup proper ensia selenggara pt sucofindo persero angkat tema innovation sustainable business resilient community ajang angkat isu khusus tahan pangan kelola sampah ekonomi sirkular transisi energi bersih direktur utama pt sucofindo persero sandry pasambuna ensia salah wadah usaha inovasi jalan tukar praktik laku usaha ensia sempat usaha komitmen capai inovasi mang penting oleh aku inovasi jalan serta ruang bagi praktik baik luas jejaring kuat reputasi usaha aspek lanjut usaha ikut proper apresiasi ensia salah nilai dukung aspek harga nasional nilai proper hijau emas sandry butuh inovasi relevan ubah kondisi global ketidakpastian geopolitik potensi ganggu rantai pasok risiko bencana ekologis akibat ubah iklim harap ensia kembang platform inovasi lanjut inklusif dampak rangkul usaha komunitas local hero libat hadir inovasi tantang lingkung sosial nyata penting inovasi hadir ensia henti harga direplikasi manfaat lanjut masyarakat lingkung bangun indonesia ensia catat usaha partisipasi paper local hero tingkat banding ikut usaha paper ensia catat partisipasi usaha paper local hero tingkat signifikan banding ikut usaha paper capai tinggi komitmen dunia usaha hadir inovasi dukung lanjut lingkung sosial bisnis tutup fdl fdl
SPORT,hasil china masters leo daniel kena comeback keok leo rolly carnando daniel marthin kandas babak china masters leo rolly kalah takumi nomura yuichi shimogami rubber game babak bwf super china masters nomor ganda putra temu leo daniel nomura shimogami duel gelar court arena shenzen kamis sore wib leo daniel tancap gas gim jaga unggul angka nomura shimogami capai interval unggul laju leo daniel bendung raih angka untun pimpin leo daniel tutup gim unggul leo daniel raih angka untun pasuk gim sama nomura shimogami susul susul poin duduk imbang leo daniel lepas tekan raih unggul nomura shimogami sama duduk nomura shimogami manfaat momentum raih poin poin pasang jepang balik unggul paksa duel rubber game saing sengit gim tiga leo daniel unggul angka sama nomura shimogami nomura shimogami balik unggul capai interval unggul leo daniel kejar susul susul angka duduk imbang nomura shimogami pasuk match point unggul bola kembali daniel marthin menang nomura shimogami
