Kategori,PC1,PC2,PC3,PC4,PC5,PC6,PC7,PC8,PC9,PC10,PC11,PC12,PC13,PC14,PC15,PC16,PC17,PC18,PC19,PC20,PC21,PC22,PC23,PC24,PC25,PC26,PC27,PC28,PC29,PC30,PC31,PC32,PC33,PC34,PC35,PC36,PC37,PC38,PC39,PC40,PC41,PC42,PC43,PC44,PC45,PC46,PC47,PC48,PC49,PC50
FINANCE,-0.02013334739303381,0.10791909269946313,-0.13623744638004415,0.3984292788011282,0.5789310584094904,0.08975788874637106,-0.022390328066174487,0.08173420729149215,0.0110608579192322,0.02257673737325045,0.015216285440116498,0.005800194447800547,0.04729148220929732,-0.000507840338873494,-0.0055509464769119676,-0.02850999804932331,-0.005022623291917843,-0.023593917806692868,-0.0002996783530088833,0.0037027207336914054,-0.015910464187244257,-0.007133070878772053,-0.011765913101316314,0.011791157132589379,-0.022568685093780582,0.004091000472745585,-0.010905271903660411,0.042782844621301594,0.016354090048147057,-0.018320261619522892,0.012814682592054377,-0.009915759096978416,-0.03822823438061788,0.015094561175230671,-0.03264495391045793,0.0797882335507822,0.052058558292408616,0.04919648978933713,0.1111217956690424,-0.13493581110620384,-0.08299024805721661,0.027263431702062087,-0.06694431363465156,-0.035317519714688064,0.015268604417334752,-0.0842640573394493,0.022766239762464124,-0.06967439411899094,-0.048596473297987275,0.04072692714943263
SPORT,-0.12799922340246708,-0.048190253731586086,-0.17752683943263653,-0.511743817983997,0.2454947502363355,-0.14224750508445258,-0.025792800805429325,0.13773002740485862,-0.12184061224954694,-0.02082658146141705,0.005922911361816493,-0.004430463008071448,0.018629057313409768,-0.0019136520127595866,0.011448268121333389,-0.02360104890965881,0.008977801151792544,0.027307660585591045,-0.02893339543174763,0.029788212464029438,0.004391362891216527,-0.015530426553306933,-0.01285588053565531,-0.0013029066897606726,0.001829972442406857,-0.020243677253986975,-0.0031831867452024377,-0.03144025455178664,-0.029066822590771427,0.025540305739544418,-0.0820760985765229,-0.03727709194512166,0.01188784799417495,0.03956604451262539,0.07081163824273538,0.055700270734923306,-0.03870352834183655,-0.028058456137329244,0.005320277288895665,-0.023727513502662997,-0.033694060888381124,-0.043470469263272436,0.0822341922771056,-0.002872981536399872,-0.02141644749112709,-0.004021334394738294,-0.0016091932758810418,0.07505591671405959,-0.06832992850042799,0.07607462039141935
SPORT,-0.07246956962508685,-0.02764713858735541,-0.10054853013848898,-0.1320750905344922,0.037313459000476154,0.011670654643914797,0.0623154961756071,-0.40173904107479147,0.5423341776430235,-0.155851440726577,0.2490563277106971,0.06510307420578115,0.11021080014027324,0.04260441627841426,0.02188414439035273,-0.10515942707090913,-0.026719801312733892,0.08516891121178001,-0.03638150146688631,-0.10897959472874895,0.05062894979899081,0.09796000188699891,0.07910265756063391,0.08709659360772125,0.08036439730924165,0.010666204729926009,-0.032900386590248326,0.04619338294984922,0.14090837144207963,0.07082260048111369,-0.0412974665294463,0.08917121325500037,-0.2162818993339399,0.038625747510031574,0.04952802983472958,0.03217283306564919,-0.06433723888884911,-0.02908023882619823,-0.01583335953551065,-0.017930596657158723,-0.006416666513354655,-0.0020739979033410757,-0.006091253022171503,0.002718898844240496,-0.005106300578718149,0.0002155278302254523,0.015670570079419445,0.019407447865331426,0.004654725433857477,0.007474705409749559
FINANCE,-0.007391262739764798,0.008955257652375998,-0.06714529508175825,0.041764570526513424,-0.033356083950557724,-0.054421879307236604,0.004888724827440198,-0.08045249957522899,-0.007717853961107131,0.006735113554656209,-0.03710886894850667,0.0008842694107868802,-0.19664817649404095,0.05608701753760291,0.0674652910113153,-0.10232812281682714,-0.19837975600629323,-0.05101453114436329,0.024167199960689195,-0.0669020561940494,-0.06762452892355368,-0.004422274322197934,0.21904453651464412,-0.35100819944675776,-0.049440192595760823,-0.05677242890472368,0.07521257184322307,0.11599096780017283,-0.001290805313387603,0.06577562947042541,-0.22592505829415074,0.44602656772008537,0.2768350523406949,0.15608694348718866,-0.07922403405612904,0.07651137841678415,-0.12168718733622251,-0.041938523464842455,-0.1374772613371554,-0.0360545541148023,0.05728689717137389,0.012021801153828988,0.01532727200941359,-0.046833659954423776,-0.012864717886902768,-0.08199432880037295,-0.06532423950639098,-0.0387013722772187,-0.004189558975315221,0.001662170687480093
SPORT,-0.04646626917210505,0.007221931939649463,-0.09867188916534177,-0.025708432775295022,-0.04000437515708039,0.06514823987885214,-0.0072595896201320415,-0.048472907385038816,0.018794614817670252,0.00762372302355762,0.039266144178261866,-0.009808645599967934,-0.022873300668830896,-0.03358309056504876,-0.023225169886962743,0.07798085015806736,0.019528713327152718,-0.07949955429517579,-0.037925198549940385,0.299068457050731,0.001197549934521824,-0.20621349677908182,-0.18039645160847892,-0.18307350194029354,-0.1855722169874118,-0.005554457117769907,0.02504915036048385,-0.12552098231202038,0.08624751157532654,0.045023884016442424,0.2338016639950961,0.3444661005042905,-0.10725071158665234,-0.1705411530281848,0.35381124390742746,0.06504911624753297,0.06223080665603867,-0.1537314449671396,0.04228191903064109,-0.03618265852791991,-0.07188319694333462,0.08650377967570606,0.0323530400844382,0.06546739687638428,-0.031812295656208266,-0.014336581242684953,0.005715249585656076,0.0252538756468741,0.008828097038283154,-0.022452260659419066
SPORT,-0.07258141380014536,-0.05095438623511222,0.0313663217975282,0.014495876961200168,0.031624848481967366,-0.002483498344148428,0.027235760937506914,-0.040965304999142256,-0.012302434323273086,0.013399619374699336,-0.0030536669390164375,-0.006051630507815512,-0.06245757618926228,0.0009071465536384285,-0.039183481289111186,0.09760852397952983,0.0013365994261669207,-0.12130675776234262,0.05733273535903654,-0.09677674923445484,0.024097646554220257,-0.10817052876321137,0.00597528452849673,-0.035736613282572036,0.15809393984715908,0.06808755966680397,0.00760683286595065,-0.08969252107524146,0.053052745416040076,0.1433842743247169,0.05622262103650945,0.0011280120719594647,0.02266201847397419,0.06648165829904742,0.11520798021052543,-0.13308423259060329,-0.11172335965809149,0.43809167610877414,-0.01802128706182693,0.18117345486023015,0.1327109127303651,0.011741789401052062,-0.008113649857877915,0.08618576629580707,0.04438710142060377,-0.177922833844394,0.09471110444462139,0.020854814537678644,-0.06032554908367802,-0.1440260575601268
SPORT,-0.027311918816055554,0.01658887499848663,-0.0774147262350576,0.029019590346105892,-0.07466052671343407,0.018412496447541775,-0.025630941352257824,-0.07501309703472564,-0.18474803540575827,0.02445164752625116,0.23125453785445996,0.08544666440535538,0.023687363421813244,-0.031494364447606595,0.08876528079897122,-0.11924738909033145,0.02026870697100977,0.011968589169670476,0.18228428934522053,0.1206312014509888,-0.089369695121378,0.0020767633276533902,-0.14913368090791437,0.036071652895875154,0.24612758215319877,0.0010396289701288782,-0.014042552883705626,0.19733251995106665,-0.14923615084098418,-0.014012110280930351,0.005584958295210854,0.032715041010283885,-0.05192410521341264,-0.016986129106523803,0.07540120471938325,-0.025209011057229436,-0.08087082458277754,0.010650915759602444,-0.010175742866186471,-0.05612452993666094,0.018723917630842912,0.0724124242272229,-0.08877303579675894,-0.05730454779941108,0.05117688774177186,-0.06839361029203422,-0.13690959396743654,0.10595385639169717,0.022515046636072872,-0.01810320460969784
SPORT,-0.015572377918846886,0.052746891855330096,-0.15481719431431182,0.038139685336598936,-0.18088571507941034,0.1972168589078303,-0.0221106341910539,0.06719409887322833,-0.19157177820791055,-0.040758406528509525,0.1930235928820745,0.0826373551438145,0.0788137376957916,0.01578381676414341,0.10614657009400898,-0.20807938234455653,0.05633370059759723,0.16117427770970388,0.01409773245580394,0.03739126761217392,0.13948210582146417,-0.12218383114659101,0.045445627100047216,0.00736309992805245,-0.16356283555659154,-0.0462898592009262,0.045905153411251405,-0.153067559266604,0.2681165310151657,-0.01598089232699005,0.06927176494971309,-0.11299541424487473,0.03158020278337573,0.05340714533421647,0.0667503805136054,-0.023346473839573615,0.07110741628888353,0.07987163754275203,-0.14512304947110968,-0.07558935423368848,0.03797350001063851,-0.06576215907435891,-0.07000866764896513,-0.10988343435066077,0.07215518266505373,-0.08607716273184209,-0.12409576102037383,-0.05773967392826547,0.02879241298547261,-0.07403873856184472
FINANCE,0.0047667999473261944,0.009685090448563378,-0.04939796796214951,0.04188509210562004,-0.03780160233168833,-0.061972380686341935,0.030239055061625317,-0.024320927649865723,0.00846520440311184,0.025756437896654043,0.015250987036309635,-0.019054625244345452,-0.08871004556551285,-0.05934386195438536,-0.03945709030199623,0.04095004680379868,0.1008180674770799,0.05616701401879745,0.04610640366776469,-0.07468821144469617,-0.027758930609642015,0.033527720244161154,-0.04283826903597317,0.04603503532135726,-0.025352451030466933,-0.02279228929094553,-0.01018912475778266,-0.1447877008442443,-0.07261688807360091,0.07142819251526186,-0.15131045570308144,0.1561540187933366,0.027112760828577446,0.01550556438323794,-0.036265746721480904,-0.08631633633308985,0.06632716361729095,-0.039839560721977016,-0.11947038526931679,-0.13740666791331413,-0.08102309673764624,-0.09070441304174379,-0.017638315602010138,-0.059311758987312765,-0.05125281356189446,0.04909332835690835,0.06438979623637738,-0.10773669561810582,-0.04785924776276264,-0.053617681472298104
SPORT,-0.36596259915790796,-0.2826062575906453,0.4040255050176004,0.04757975363706454,-0.007956652054197658,0.013508965788940876,-0.03306100586994837,0.08105631006281173,0.002520838539723016,-0.06079426358507365,-0.0007109047025001157,0.0059414803536438745,0.036687124658319185,0.002961178707548534,0.013597786441610063,-0.05917585733169187,0.02653527723163107,0.10189325882327181,-0.1144744927453969,0.19970384567101956,-0.12289178439805792,0.18054932147243466,0.1307559229235711,-0.011055791267364522,-0.050802659778185724,-0.06489208760233911,-0.11008819612591825,0.0160438752370704,-0.03723543669974926,-0.05482633176527376,0.016081876324066238,0.023046727483987065,0.017058751675186636,-0.06207501469854491,-0.07326256080268977,0.03679693850120037,0.07717684309639011,-0.06836645992629335,0.05147126160890789,-0.011741527206429778,0.08393951802790875,-0.061400731946493266,-0.01188870593367468,-0.004093560161801745,0.0927732385085972,-0.06496710813851325,-0.005198210698721662,0.03690517086874803,-0.01100811464863035,-0.0461270787925963
SPORT,-0.11265627239727274,-0.0565339743716859,0.049765665610946676,-0.012295074826435853,0.010218258400438338,0.0036868414978284657,0.029268356002383644,-0.18985893163162607,-0.022136205740593475,0.4430471589443664,-0.23759324878151344,0.060142435712834424,0.15556731915189662,0.030646248926454425,0.0372850272687787,-0.08450387852204468,-0.03117449458368654,0.09838850984292213,-0.04440835814221837,0.037040560164958304,-0.012991863140881887,0.012400542648541207,-0.008812856564687166,0.005312804605906798,-0.0804181490171365,-0.10558616001500629,-0.26064299306576716,0.06936035353526085,-0.017234813410115422,0.0671588619503711,0.057875377549401565,0.015565505144717981,-0.0001759082726546125,-0.015177607244310136,-0.044326302142219394,0.01307327548122015,0.03745912945220521,-0.0070025161110970685,-0.04912126421163345,-0.05330291761382427,0.04146397804411266,-0.09168765683114975,0.043970101815693975,-0.02741617641814855,0.0065434582714221454,-0.04605514338739674,0.006325677852475108,-0.002320892614069838,0.008612000583777554,-0.0522406462635217
SPORT,-0.06648054295501046,0.032229775821033986,-0.19076618760488942,-0.06597791538721481,-0.15474186458906966,0.3441772921899909,-0.052351771596173304,0.09853378019474934,0.17317498540392945,-0.03579607337903799,-0.0861498810329003,-0.030808541145899367,0.006610192111138244,-0.02922478089955976,-0.03347963605416654,0.06278540126585008,0.006546372887713103,-0.021121243609975745,-0.05136379010170387,0.1499450292142153,-0.05155101361373429,-0.13887257947589735,-0.10766663456294218,-0.05442125687617072,-0.06384149791082477,-0.05072399096524293,0.015970719712965643,-0.03470225167639251,-0.08415368612233232,-0.004076086579950255,-0.08492386928892035,-0.04712617001221943,-0.1072326537452863,0.13744829977534842,-0.0870269604469167,0.06962009807951978,-0.1460094539684214,0.014828195390296072,-0.03304115400733022,-0.054306233368708524,0.04331793961239796,-0.060397105750488886,-0.036054553214075,-0.034125701028793705,-0.007600553136699601,0.0916317023785827,0.01383485607410129,0.036335960557289,0.029153481170252068,-0.03528690891032873
SPORT,-0.05695422302743002,0.023116789518638797,-0.20050197682187879,-0.05117482088790905,-0.16176922688057455,0.45026574501663713,-0.06618892452276959,0.1743829553396848,0.05225022553082039,-0.00977986786138866,-0.2061787691242106,-0.029893623468832158,-0.01049980304524742,-0.03415716045474504,-0.01550826083954082,0.009202330784962335,-0.013538567242256891,0.011746521101809853,0.030607671994139968,-0.16961378204002506,0.016987978438601843,0.19981231602889613,0.06299318463388723,0.11024651248782423,0.2003158103319147,0.06814455556096427,-0.03434032436989259,0.123219795271542,0.02639362884118429,0.054931356363004544,-0.019827465608307455,0.06099267763842248,0.1854648124873929,-0.0768955908262982,0.21271598337148326,0.04845955163651035,0.18874089871380836,-0.061985743876065744,-0.04028665581032941,0.08008643850583295,0.011278711526213115,-0.026967245721493446,-0.1892126225511147,-0.019264439872016627,-0.006252464650009348,0.07391309068702318,0.056296660788898785,-0.03271580652363094,0.039322790177257656,-0.023985302138915383
SPORT,-0.04407122231412202,0.0029338401419242146,-0.10177967035483099,-0.05664645588700218,-0.005435184129176587,0.05443995346025171,0.002077363065421364,-0.05822123254385052,0.029082897269814827,-0.004094504923013012,0.014002671913788928,-0.015249677956344103,-0.04484422707166317,-0.02661260270745342,-0.036597708259473116,0.119854863044704,0.009263168268667856,-0.11424664005979844,-0.04474977318852992,0.24470062185923858,-0.023247235433891858,-0.1809945820629452,-0.19766759021415972,-0.18704436144086053,-0.16226756451396177,0.01429157968199399,0.017593299272447252,-0.09704887800048602,0.08142034173555779,0.03334630266648957,0.2524921514424341,0.36762652526068273,-0.10272489484945246,-0.20331690356235727,0.34666985860977323,0.028942080440194917,0.07074271885479051,-0.17191734814131654,0.07756633966955052,-0.007635080535061354,-0.03352725977887806,0.07529607621103566,0.00988533776575592,0.05237048559689626,-0.019246174160483756,-0.026545601471516755,0.002900037296556071,0.022707916708075915,0.020492880876789247,-0.012187884523629384
SPORT,-0.39269143970891796,-0.31973835490391794,0.43833162171057327,0.027634751312874507,0.011355012890232745,0.0018334738104411076,-0.023610021085054275,0.09441163060876204,0.006519579765698172,-0.07346818844759206,0.021009205949352745,0.0013015941546172327,0.0200727129418194,-0.003816541263635102,0.015003624697431982,-0.07371948703185323,0.03429333293229945,0.12155068800733894,-0.14244849885090513,0.1670948789712589,-0.12305692523017552,0.1652310357250886,0.11884392397429423,-0.008734497363070935,-0.0253709023960741,-0.05079621361415183,-0.10716060522477097,-0.0005400674604263629,0.012421713740365969,-0.06302106363437461,0.047275805362108556,0.010216157023515707,0.052848187095429,-0.003886760122295999,0.006360803185817412,0.0022962154223750897,-0.006089635164573006,-0.011965285803151371,0.05646842488264937,-0.0407039128632672,0.0522111573008521,-0.00981940036587497,-0.012027442170254588,-0.013828476020865203,0.033006197112546556,0.01658880868008498,-0.002806600818466239,0.02469896953203221,0.025487763597670573,-0.052693506559982464
SPORT,-0.08751111231055593,-0.044698804547123536,-0.1086524410542104,-0.22639178022994552,0.08705484034779931,0.01243500179840848,-0.01656147358165502,0.012055168374278474,0.015601500532483032,-0.0023369959514454243,-0.024002388276085782,-0.01731568375146296,-0.010251695309649497,-0.013576291892288848,-0.004217064648110337,0.0797747286531838,-0.004492622857623395,-0.13682180130785643,0.1370226447636646,0.014603757555971172,-0.010783874251723927,0.04585555339440213,0.013197732755332849,0.04082161958619128,-0.026997583799200205,0.12470443875665303,-0.011937706359669668,0.05602634770171672,0.12574166370096262,0.019118699562505673,0.3891347996335982,0.17294496117425306,-0.02566407495774466,0.06389092585271022,-0.36699206810843293,-0.11291547982364718,0.1283694718666921,-0.008265679341196213,-0.06025258507596958,0.10611580792323669,0.04653141742933317,0.07899419613589236,-0.011897995755175318,-0.07063261729276656,-0.018452789849018644,-0.048059480376484415,-0.06328226407956819,-0.02241494587652883,0.02198961249896692,0.0013658723649448785
FINANCE,0.09198906228432868,-0.027830473594136467,-0.031086599527520742,0.05080254248841466,-0.03917361841523858,-0.049833221149089696,-0.012882049060285984,-0.03905621196354233,-0.03871660750402338,-0.016210650175531322,0.030340090549290266,-0.054198347367616945,0.035057531705161134,0.015084546995149896,-0.06999785469821639,0.08390176777375791,-0.022778418312713607,0.13005168323267144,0.03824781731542573,0.08502925918814579,0.16975410989377773,0.0405166357775832,0.03566406410115676,0.01137177913195423,-0.08415229956037054,0.1323451223511409,0.028284309017195124,0.02746732969599343,-0.031326805621817104,0.029221471304742376,-0.021970144952080252,0.024237191803116107,0.06128155960862549,0.011172412609669112,-0.006860515400100183,-0.00704445775787455,-0.0027520579073129947,0.021859007748191633,-0.06142024991069371,-0.03259567803001263,0.03510653462879346,0.012298100505273033,-0.07765180731245269,-0.07101357889322224,0.13096120984800014,0.07012855162873151,0.006381301552927522,0.09660415543572852,0.013137480943994636,0.3231687778308694
SPORT,-0.027357494504527735,-0.005175769711072092,-0.08869177502584978,-0.013282816359477931,-0.04655823719800717,0.05988550435437412,-0.017172129294722092,-0.059537417053794346,-0.08315230564943975,0.04490869218106642,0.0994734099612564,0.003631823103474977,-0.05959209648524365,-0.014065257377977373,-0.010102395818048247,0.16966600274510996,-0.028689137020305434,-0.10978334869426595,-0.14285247489294373,0.04061617278684416,-0.05553267609005698,0.09357335217815943,-0.15642716904695575,-0.13775181310986842,0.030037502556547448,0.1090457790836052,-0.03472347671127034,0.23111160946101017,0.30713912852709346,-0.07083183924133583,-0.14062560683647804,-0.04976227869577657,-0.0006945123137164256,-0.1990915732616459,-0.0850164459858666,-0.04202448404956165,-0.021075704070877107,0.06898807750835986,-0.021024159861926447,-0.12089988149479916,-0.12729874348494374,-0.06246822764250068,0.17387819289210563,0.0014752065731653268,0.07169284313357341,0.01537988441638652,-0.018340993819721416,-0.13166674313538174,-0.027482933328126076,0.03372598109357031
SPORT,-0.07117964586039682,-0.0275671571617612,-0.03093808517983711,-2.9246442125107942e-05,-0.006636426261671965,0.004375723156942586,0.012072541746348751,-0.08134908082352266,-0.05473509042832088,0.11256645337659527,-0.007750939362009278,0.03297993370238946,0.02444259916991893,-0.01928275372263848,0.008649737937094166,0.04696171821884883,0.013585816553726945,-0.01776859004858406,0.07019447328716436,0.12255147329550067,0.0010847391368565935,0.005011998856149064,0.005293685110170806,-0.01945496079320106,0.013550675252944101,2.1747277914248523e-05,0.04353319942998804,-0.009132974093373073,0.1156467861477251,0.11510038590174185,-0.08492702323947302,-0.08416377672673969,0.05478829946330785,0.28375614016059947,0.09081342125786893,-0.010482404568433823,0.097380289109348,-0.15882645030602296,0.05590233899682239,0.02684925559062489,-0.09633527074133705,0.31104212666593145,0.04154126087669156,-0.04683802162477407,0.2176643969948065,0.030739361453705774,0.13751887937259524,-0.12654270769220213,-0.07220537631251846,-0.1078758035654698
SPORT,-0.1250802520966091,-0.03640021440979287,-0.18981148689538607,-0.522219764153218,0.2494790621139682,-0.14408119537788386,-0.014892925822349887,0.13656634750128915,-0.11096164977391379,-0.02134281516717824,-0.02254794654904331,-0.021419671121765033,0.02341551144419359,0.009165069794730807,0.0014650924952421807,-0.026030259244388246,0.0012265595521272247,0.06450117467627049,-0.07049854178968183,0.005850191817897806,0.014015433888585314,-0.027344176503201527,-0.020205416047331167,-0.025254022523027306,0.003490149433818674,-0.0545243479122383,-0.013796144678307518,-0.03639541124909785,-0.042000327182517304,-0.0011452770482353993,-0.12299740951218988,-0.01572826109941892,0.008315803100416998,-0.01675201324654938,0.1458089329451202,0.028368791477021583,-0.03994196558644248,-0.0015111183910218495,0.03117505197806338,-0.0003750358877463508,-0.06002336827697692,-0.033394069735051025,0.036986822478220105,-0.04826327075560689,0.018086266486139074,0.09284282633340349,0.022699834719573857,-0.021458506390899044,0.015105008838603787,0.0694541452370735
SPORT,-0.31224558423021725,-0.24216566076354892,0.32576718066539445,0.04260767424466448,-0.015979677243110096,0.02653435893456197,-0.020057336073623026,0.05444302717130869,0.029575134201290786,-0.041275081292023647,0.0037230697882841496,-5.1469248121393e-05,0.05712061187081838,-0.02562786432317907,0.04823534348888748,-0.07248806981738941,0.05300631860892761,0.15173811702212442,-0.17008459529131287,0.2900401851836823,-0.19479436820389504,0.2698958371018595,0.1897886281745317,-0.02475993849186539,-0.00891418469669189,-0.03132933609503364,-0.08030213168384827,-0.022921939732692475,0.053862709487569965,-0.032764074441610884,0.08261440686130227,0.003978001103427459,0.055042993809769736,0.013353637977753359,-0.024106295674587646,0.015182148392529519,0.007500254229668506,-0.03338901468674024,0.056284086788009814,-0.05162835557641818,0.1062665161079687,-0.0815790389478549,0.0006813193973731602,-0.012592818310875319,0.04202373126570213,0.008634684510817524,0.02557337044107851,0.04008676388121512,-0.011223725528340249,-0.006819054709799665
FINANCE,0.06940016282313431,-0.00590070216661362,-0.0666438538253005,0.08789157522617283,-0.07469187427481498,-0.1449681291222645,0.0026971907049803787,-0.10198267162916269,-0.07066493021701847,-0.27408452912189835,-0.2677958913263494,0.05145741101944338,-0.020270950716103527,0.13048943417912415,0.3183680424949548,-0.08440499934668107,-0.09463222276400728,-0.004150286276223023,-0.022880777529217543,-0.10444014061379703,-0.05502102967072975,0.04427496184566882,-0.07843827934706057,-0.10662469968598733,-0.07084111157929164,0.11230509259856922,-0.02766847256950587,-0.05811939307409945,0.005089435934756926,0.04497597612329122,-0.01233821008362224,-0.10101022906302574,-0.0835629820239037,0.007560340816725669,0.012571365849336455,0.02805459774858625,0.07885236731116294,0.036861936620404094,0.0412029222504907,-0.023182368484052956,0.0738421421470227,0.08969175712940404,-0.0036611090218046064,-0.01523909390424316,-0.07687900402403124,0.03779507167809663,0.058945803462013474,-0.005850217940191161,0.0682056456964178,-0.06204793230606108
FINANCE,0.004886038347630177,0.07340350946336,-0.08732643639837184,0.10636024213450616,-0.12406110013390578,-0.15704697745859378,-0.0414783810091001,-0.0073645870226841876,-0.08492520573757001,-0.07007729264023073,0.0326506653485137,-0.09247243953742426,0.14685653598448845,0.013587672470149168,-0.2839419608333773,0.08591172449850158,-0.028239919421339556,0.20631877626302353,-0.004351006357683703,0.18472522673911562,0.306124495506634,0.00015552265547491152,0.04745722083795398,0.13811044994353444,-0.10093021472100344,0.3648749221096799,-0.03185938972316496,0.14741281642837936,-0.15528889127792123,0.05218051012447831,-0.096056526262249,0.10814867718482518,0.04056615502483026,0.0645709464850905,-0.02202994979624803,0.018038000995268297,0.04334427130077347,0.0637388022257059,-0.01184278609137017,-0.14550101013249922,0.05849688517516814,0.021000881771835157,0.14962502622081034,0.054395500694153824,-0.02525598241595861,-0.0550958706714114,0.07826378186905618,0.007898207433980637,0.11496158673708931,-0.08308334052723183
SPORT,-0.16381181207021933,-0.11996018250607463,0.12186402802433124,-0.006499513473499967,0.00802488349874464,-0.01001913243521634,0.02389342219575842,-0.05155627217675172,0.005391603050064003,0.09972994967148731,-0.049256584668330564,0.006361568586638576,0.0044651784746184775,-0.008603469244918843,0.002731752188153116,0.0022896616937820003,0.0177189827498873,-0.0038885670402219125,-0.025897548718590475,-0.030136845335081715,0.007497127253373635,-0.013052581345628221,-0.026686196847753765,0.023353762565990966,0.06767209779871707,0.067016088858091,0.08581793201422368,-0.08052354732686982,0.039623945166212086,0.11972106332445054,0.04531928250726613,-0.026685810324469414,0.16956847043291765,0.03640768559505849,0.08055953877724747,-0.051391735724815674,-0.19891085402426295,0.006898008098013617,0.18178319357988837,-0.014778087223584094,0.024986512347421965,0.008688234654257715,0.005852562763578426,-0.016668669560391054,-0.04165704547188218,-0.033823917893475636,-0.14118951083709796,0.06751868391860263,0.036893636310820876,0.008673713336843185
FINANCE,0.031909134598666684,-0.002806817177032143,-0.06561942177774052,0.05147309980124455,-0.045776207903100434,-0.09221172161891829,0.1239660575307415,-0.07073596679120406,-0.004027505086754173,0.012490940440012132,-0.04671579555661872,-0.19194636622405417,-0.32939162165446867,-0.4153097994657402,-0.10660054067735364,-0.24824234087311883,-0.18034206515739215,0.020896198110082875,-0.07396735440510659,0.020589542845441358,0.03577282839904349,-0.015706580820568077,0.029225069648590965,0.03921074479435623,-0.03560983358390782,-0.014106272570171215,0.03844435115987838,0.09488674171448025,-0.023675482032065327,0.010451454145837773,0.11137460850368351,-0.13599599386771713,-0.09359393579481401,-0.03001347237728451,-0.002971057383516174,0.001432025844947482,0.0010282493634870473,-0.00835232595063912,0.007683911055136281,0.001196145468316814,-0.014347691055720523,-0.01830304374277513,-0.014951559687863068,-0.027607937060154263,0.01324677462791026,-0.04363393290131289,0.009814920375797061,0.014087294128535958,-0.03779302340704917,0.006170994901243499
FINANCE,0.03123164255288,0.013858227339480436,-0.07247105563515652,0.06827143918453181,-0.04047348335420923,-0.0922092728786442,0.04761644678481826,-0.06800828859272133,-0.043641073045038295,-0.027864975442516114,-0.06989025354509941,-0.018319734329170518,-0.20398980541952852,0.1813661486024887,0.008942391228113706,0.08681896318579946,-0.0450574157678495,0.054358243650514164,-0.02449285074228278,0.05803067785203342,0.0077916078569187815,-0.07474281671442207,0.08007776856229365,0.12261226306603965,0.1008435036496545,-0.09808887475755304,0.015630623546431435,0.04539738517139511,0.037286985850823864,-0.06137098947571098,0.057054218547657305,-0.02865949206315238,0.008125536279058352,0.04165857840340959,-0.038100225712203915,0.020630138604973338,-0.008684321201334288,-0.0591895921137283,0.03866889316803792,0.008372855954342446,-0.08104719576481,-0.00526806141288954,0.13045097684349174,0.0492454034309177,-0.04365392785349752,0.2079662484098073,0.06848641560330394,-0.13321007381840647,0.14003549659782247,0.0540829450012649
SPORT,-0.1379669507198094,-0.0883749495832401,0.07582307581722218,-0.009561861466701814,0.00910324410818545,0.023731509991196425,0.026842249499061555,-0.23677030818061232,-0.02165697418324767,0.5661340044277436,-0.3037469034537075,0.07512103860150846,0.19376872312421994,0.040509658567410546,0.03981085995137958,-0.10868401860387798,-0.05232474628120796,0.08475580045886316,-0.006755481945466581,-0.07541042201913581,0.06094035948962908,-0.0967310962225053,-0.06171548291070311,0.0034856990624079886,-0.05101175525652271,-0.026698927948138506,-0.1345180395280463,0.06021495057251201,-0.04497544922690469,-0.0389703081565163,-0.011967659695941527,0.00639703492459011,-0.060746998315919586,-0.03013697299214449,-0.017371231648023056,0.002637462778145104,-0.006721403574884552,0.005703569747257984,-0.041650366638367874,-0.005033249732504982,-0.0236603970158961,0.017535553357558402,-0.03107691229312052,0.05678040522612681,-0.06358104385938532,0.009074594901965136,0.0012049945501267224,-0.0048386874142976035,-0.033535573791907435,0.0018655101816180536
SPORT,-0.032043544623773984,0.021604545479283324,-0.10723188772456528,0.02524779651022506,-0.10152839316346395,0.04405493732340011,-0.062403656854136506,-0.05360130734891036,-0.15472866772725247,0.056443015789997726,0.20149810313578798,0.025029377396645645,-0.027188794377089303,0.010632390135963884,0.020031439393803474,0.0669396527675949,-0.01570365127617015,-0.010851565991396259,-0.12673929728194538,-0.06839064689774825,0.006150240567524848,-0.008730471146494567,0.00040935660854718626,0.04093992650578723,0.009190542524695037,0.01686149020135148,-0.03569706306905367,0.02435087568720004,0.007307246953067152,-0.03481275051518061,-0.03512623581552511,0.008072861710556097,-0.039639494656731326,-0.1373427410424218,-0.027372735716731295,0.00743567149698074,-0.10388456014517813,-0.00645897075761054,-0.02640394496878432,0.06264569498969222,0.0029971162947302564,0.10659735939531755,-0.13253473518122585,0.07025239573558947,0.09519930563714289,-0.02823582074977105,-0.09233664190143968,0.14789343350174075,0.1558865053386671,-0.0009034221980771564
FINANCE,0.10253655310207355,-0.06559898282647054,-0.018523095293144054,0.011606030301984288,-0.02943949214039613,-0.07388120622796901,0.20353012272940382,0.06764246777484487,0.03541332328177091,0.021717465731705247,-0.015442423308595958,-0.04578191297820535,-0.07906716545137873,-0.04547942391371201,0.0837564704805283,-0.041333113747114084,0.007224051536598499,-0.049676776438201835,-0.05859823183106574,-0.02522036941476913,-0.06040082755421034,0.02619252103242536,-0.1356414194807378,0.14324555156417412,0.06354429476104016,0.06842757328523155,-0.08888689064134797,-0.1675868972417686,0.07681952921615488,-0.03374979496029593,-0.07926205352300791,0.08155931148149924,0.10185054324745711,0.04811272400752029,-0.0086924697380239,0.09120030096209686,0.005138732374450309,0.007094405582932072,-0.05867259806979016,0.011511046951485221,-0.003264143974921277,0.024691283055089185,0.02642226539046479,-0.03258355203899111,-0.15835250160567,0.027910439430655253,-0.02819572105990368,0.18120883602486207,0.04049398147993604,-0.10519142511855839
SPORT,-0.046236307451216985,0.027369183149490363,-0.22954173107033238,0.009701464571907691,-0.24579969460611684,0.36717413505530017,-0.0351990634974201,0.2521669683273489,0.036454987155853824,0.00781703153601368,0.02663137663333734,-0.0534967357342918,0.04609269212682333,0.0744908943136286,0.057873605084235204,-0.15625749529739374,-0.030026415810930348,0.038502133372710905,0.01227114524304368,-0.05794699750088684,0.021710186523317784,-0.07900710338193091,0.10998253100192962,-0.004358934497223088,-0.05474554095281011,-0.06825663619828627,0.03632888428193946,-0.05755242808765187,-0.009752451453621991,-0.026767571339676038,0.018832473366077643,-0.02376621301801394,-0.10095186682670457,-0.05588041458528634,-0.04323940460587694,-0.04685639833936925,-0.1264532959556679,0.008113751917593703,0.0754584057172178,-0.09565229828563239,-0.05619137760019523,0.03912497748511631,0.16457404259383498,0.13499536142334304,0.014867212848437523,-0.08234544510384127,-0.034460470999205815,-0.051601236205149115,-0.057014654063392484,0.0051753277058743516
FINANCE,0.0914709412920302,-0.043153970146114454,-0.028944622865324558,0.025823931376934787,-0.03313059020090719,-0.027427258253588317,0.029700988030481112,-0.09416395177532709,-0.0706286013748899,-0.005632754052064565,0.012470951421426254,-0.07501703797083785,0.010124383684636633,0.0020605285430959895,-0.11165306880441614,0.06750256302950285,-0.009517199465819793,-0.08318069986874069,-0.051811393784724845,-0.1388243258818501,-0.18704887288131217,0.05609924948954855,-0.07371549731897277,-0.0027911847725845206,0.02589786804939098,-0.08651526329985075,-0.016094180277924842,-0.08200537205967902,-0.008213828544887164,-0.0317542223529141,0.06583934285468292,0.03184942990186377,-0.0359705688015166,-0.007594584865375556,0.09215520001909404,0.14053562024272606,0.028857820061290708,0.16334224899728877,-0.14622669331852814,-0.013577851574861495,0.2476644182710539,-0.15501911181302458,0.2022020246156479,0.06123714189099624,0.3000384970603434,-0.06108276025678658,0.09796903481787662,-0.21500148257266122,0.12702175633524185,0.13718731139129756
FINANCE,-0.012413008495361604,0.10129773913276537,-0.0979871468524036,0.11097840121236112,-0.1390517830726897,-0.16098912784511293,-0.09908386177067548,0.015014914843791768,-0.09264475603969607,-0.06441558000041793,0.06515998620210467,-0.06849126404759875,0.21262686868034864,-0.029667494825770673,-0.27156926331474945,0.06774282679686378,0.0010701793883723608,0.18088287558523214,-0.009837055505597433,0.1412532467271504,0.2537953527974077,-0.00373635021253801,0.031201436429645537,0.13003119951874006,-0.10476194641022268,0.3463155942116833,-0.027145320902079016,0.12338376658230614,-0.1314663932339675,0.06478044030020058,-0.0804453728484535,0.143721889083494,0.047653100434092065,0.08343308467250628,-0.02251022970032605,0.02421400233917002,0.06879173329140319,0.08614860309117446,-0.020005373105704043,-0.19981705491917373,0.018882519454147144,0.018064387115360816,0.12678589824675748,0.01743406124689525,-0.08723414684086979,-0.04411865158331383,0.12788870093767968,0.032286690827122724,0.08166165602610373,-0.11402483284034118
FINANCE,-0.0041735484487840325,0.01015925982856123,-0.07256922052855302,0.047662866832771836,-0.026419898896645873,-0.04296180244018536,0.05151738313389745,-0.14474156679811145,-0.05258944359825948,-0.008518854149039218,-0.12981372350828255,-0.029194578296936342,-0.23091584610963714,0.3021660614057908,-0.012800777031511489,0.22149459819295295,-0.011786443786650572,-0.005177205037235871,-0.017495557367930542,0.22199206972501428,0.08504048491949787,-0.09512598757763084,0.11478783995954189,0.32850035525635957,0.1364876121443879,-0.42156404526151453,0.11785088039177707,0.10009011700757141,0.09718749510340656,-0.025561980817936848,0.08062057446036971,0.021916774684186305,0.04147372401327203,-0.00064068572004172,-0.015324277819177777,0.11773790516136058,-0.02589209061813301,0.045042004006164336,-0.10284490766603542,-0.059002460882485626,-0.07548616383307101,-0.006275825349055937,0.01962086430749286,-0.010922607435877666,-0.06725046648685042,-0.049360687494313535,-0.0005940435115780214,0.005299913899915111,0.002193541616228236,-0.027015559580411002
SPORT,-0.0999057682247891,-0.03254902245437632,-0.12730380220183246,-0.3668335187549806,0.17011443320773775,-0.1069561695204161,-0.018543404163572284,0.06138987457721583,-0.06856179736579625,0.00033878099791798084,-0.013770656107162136,3.092024565900306e-05,0.004849755627410911,0.031417612898824214,0.0031518681161369156,0.003586457800979309,0.0025427586261339273,-0.011852517263102831,-0.011970234155614603,0.027380469016129633,-0.03537128647309692,0.0821217703785694,0.029908288768966073,0.017902881037500342,0.0041147471846184405,-0.010687303440933466,-0.011859492852310756,0.02361274518116371,0.04292028468421576,-0.005586294807473825,0.01424463227303566,-0.026778625452246962,-0.05120047704032736,0.004836166801986245,-0.04185537027029554,0.00959995014837687,-0.03352812430965556,-0.007517251602056629,0.010460694588902773,-0.02856559776801086,0.009056305611428015,0.036996889102701484,-0.020543684692998932,0.03425197683632755,0.062020935913595726,-0.0076887264148711365,0.05571884661800932,0.02566074200567186,0.05113519124816349,-0.1051957382761869
FINANCE,-0.016854974533699434,0.10360880688369173,-0.10330888808863502,0.3150285193357386,0.44648027567790977,0.0626401068195183,-0.005771028592926061,0.05694424009227517,0.011116798683433793,-0.018227598016210107,0.003442142436551117,0.017703775218515946,0.033400648522453356,-0.020260311021484657,0.01794792653400806,-0.013975479781941587,-0.004016222553977258,-0.0031745687410380213,-0.02019016706327219,-0.028295898093115866,-0.021588262115415344,0.0033098531509601374,0.010619906076593213,-0.007902510078647784,0.015181945947065003,-0.009757683682448306,-0.0048905766207389696,-0.022942225991318562,-0.026648269352986236,0.035221979809593025,-0.010024174285977877,0.016771423679755558,0.030859552788724275,0.010570659673215056,0.025863688303772815,-0.0073065938779931575,-0.01359185984676582,0.048559467983924756,-0.02507087838460547,0.03527407332537542,-0.045472837243744145,-0.03172886924561124,0.06923781676202292,0.03936067781428598,0.049917132560645595,0.12732776470090165,-0.02212412234460931,0.09375104247523361,0.05034357050646034,-0.05855107977639305
SPORT,-0.04828669502440288,0.0727660472757642,-0.18355200560472887,-0.019892728903275363,-0.16803520914836348,0.42524991654364286,-0.049378543529202526,0.18047036534995242,0.005813299409516188,-0.09065413916578735,-0.12620025948657654,0.014755870431296962,0.014773387061853016,0.020416481279068956,0.007463991842303976,-0.10519161265275447,-0.003129525645008333,0.06265168177270182,0.013254592653570279,-0.1345835066328175,0.03175767703092479,0.0708511487887803,0.11854238399259767,0.04180307215954849,-0.012634011509698168,-0.06647685553602113,0.015052605569570525,-0.0446040467911649,-0.10384406001263688,0.0008450269078727229,0.008993609426017768,-0.00025525394451115954,-0.11752227289159671,-0.0760516381035703,0.018116028672154366,0.012088429707667811,-0.03439220853814217,0.05639036449575622,0.012891855073466227,-0.06581182848896133,-0.06536100944508227,0.09611625137840701,0.19823936982962542,0.15648119611213968,-0.07776613713137887,-0.03641140631058762,-0.13371009061082897,-0.019840184844453608,-0.08737511079549715,0.03561663791146592
SPORT,-0.07023832775743943,-0.030369779124030778,-0.02061099120082237,-0.005748375176030566,-0.0048055752368980804,-0.0039145330983681205,0.013691185521392283,-0.07867740919778418,-0.038264244811112805,0.12641048303656768,-0.028042391900340514,0.010669105265144247,0.0136709881699664,-0.016059549615975496,-0.0025690454538510937,0.029509910394879064,0.008953564423067144,-0.014948571834092478,0.027880873027182708,0.07054139927711314,-0.009508423482676378,0.003090433592762194,0.0016370752559756846,0.007400411940826637,-0.0053505781018517926,-1.9386354499425976e-05,0.08034379780549776,-0.022794391243615177,0.06980285029501869,0.06539582968929517,-0.11154037520529927,-0.08687945085880469,-0.025149779939804967,0.14918931307624286,0.10953322519363197,-0.03623181872743068,0.008614782090115888,-0.11233396887813968,0.10668307147364758,0.016918847225643338,-0.11072296263094641,0.3613551140911144,-0.03125412730597595,-0.15844863289884004,0.3124202280673471,0.09842994021316773,0.06328517627430688,-0.13453518288722174,-0.11526555135176321,-0.24430912887559197
SPORT,-0.39000759481444647,-0.30962210842810495,0.4446644420808892,0.02469936150605382,-0.0009546533940264529,0.011240845096424895,-0.04168874796699778,0.13330057829050887,0.0211732143097036,-0.1632828475581317,0.07480878430370516,-0.013231033074351377,-0.02748499324251033,0.020098224736457195,-0.012522394178605352,0.0062499247837799286,-0.019136408850315093,-0.006530022110364019,0.002833564190491518,-0.03390754241332598,0.04044001728925796,-0.05032305294181488,-0.019099688197683887,0.010916534442248889,-0.0380538496890448,-0.05651268857170419,-0.10423100792286207,0.06984764952518542,-0.004985650834606176,-0.06985797695932833,-0.014920902133931692,0.0035692988337910074,-0.01314093010924851,0.0076173752239090545,-0.015316205621647809,0.03948963918453745,0.08551477868439576,-0.044996814893889465,-0.03906032863162079,0.005787232484154196,0.02299416687098337,-0.023294186724333293,0.027689247444740373,0.01665262261085439,0.014327719549518244,0.007458659836404358,-0.0008434290418003346,-0.016486502662680244,-0.03675349149423063,-0.02935299887316235
SPORT,-0.3240661535394796,-0.2583028434116486,0.33653160145225436,0.0007223337927497473,0.0206272981985207,0.001055567023899137,-0.010459995019615767,0.07064959965405622,0.03773318268180074,-0.11007094892216437,0.03938380653744282,-0.018305615476646147,-0.050290179342438894,0.021347186259488993,-0.015695407656351294,0.026280838824884644,-0.03529697915126637,-0.10716996380614842,0.11682140229988984,-0.21215907506088147,0.1066154774501365,-0.18656617298560005,-0.10002721083843273,0.03937195678482278,-0.020027108330872814,0.013050671453616,-0.08260232100774988,0.0707091750327569,0.06505681790596715,0.05281449238507347,0.08157632012180234,-0.01725546025671493,0.08047857985562368,0.09723130425723811,-0.01681996731344307,0.010274806624798074,-0.0025849194313779275,-0.09085165720048925,0.04628214663296624,-0.057920477445821746,0.041249793059308995,-0.04424955874407381,0.10449451747172958,-0.06587010913512152,-0.015177614240797685,0.020458541154710387,-0.040489687506302434,0.010122889861680721,0.05579013817584288,0.06470499787127494
SPORT,-0.06435742438528905,-0.0017221120484128293,-0.14386336591150053,-0.04367181051340223,-0.11435214147851241,0.2936080125653096,0.0012968518145098594,0.06685957335632464,0.08562800134099134,-0.03143899341098217,-0.05850548968211682,-0.054754516199726364,-0.00372289925969812,0.002016644530267606,-0.029702256146933288,0.03072514887549579,-0.0004923106728825369,-0.017999669041606464,-0.0004964602707991962,0.15456960139318796,-0.046109863945764815,-0.08642190248443236,-0.04973354929412702,-0.08023260627217688,-0.059193974048962976,-0.037721063326857616,0.010861786505577243,-0.09963789758817143,-0.12070756945864956,0.043297878357778194,-0.10103029381587707,-0.10740246369135135,-0.09076711069939669,0.07094324115891203,-0.10801816891185333,0.04431904544683862,-0.14347499262398372,0.032361485474329356,0.035540608708902854,-0.07279508489843714,0.03872461850187941,0.012790345705651372,-0.00021693602820243183,-0.012022446637964696,0.019458069459131474,-0.041936995380136496,0.04697014625985878,0.005529245091416036,0.01734770776778463,-0.03869267295987012
SPORT,-0.029060447276311685,0.011806535782318937,-0.14144992212708388,-0.028509637544827087,-0.09796562096645445,0.061063908251868367,-0.05736603010724626,-0.011027796191661332,-0.0768307338053204,0.018620694068206073,0.055069792741555566,-0.05894680378905463,0.0018249281390960127,-0.008171938506369983,0.056942164768042064,0.19551221275807396,-0.024366560386899737,-0.10821139062455735,-0.16132589713875764,0.008102215884780033,-0.10040622708187108,0.08205254464626895,-0.19509485600381068,-0.08594195677377563,0.07404959598064688,0.11875765037044178,-0.06188945993894075,0.28487208908111594,0.2985538242514652,-0.09595839234079645,-0.14218935545072234,-0.07821941453348966,0.0721801252225799,-0.13698224547117452,-0.10922483119251576,-0.022644523485026713,-0.04061099548418241,0.006288390672847231,-0.03314377808661872,-0.040869819294753244,-0.0393438827433847,0.004547700697471355,0.054316960953937274,-0.059084287786429664,-0.008924444477442695,0.06896805570709721,-0.0812981001737226,0.09768107487169346,-0.030554217191590377,0.01488322503397439
SPORT,-0.04784062265588454,0.09701090204307126,-0.17085209585087707,0.008250518679676208,-0.22532989766386247,0.36260265334896546,-0.0430225116418825,0.13888001441179693,-0.10750806034819889,-0.058447000401378485,0.06002525801806992,-0.02339823846381343,0.09778842574577051,0.018674091650041937,-0.0033140960337723195,-0.15370333827156124,-0.0039598974825261445,0.12710612141240427,0.025412222206284443,-0.023218107938318695,0.10897549110559045,-0.08301867584335194,0.08263684109173929,0.0203780891256238,-0.08333763993145117,-0.01654002569029092,0.03156445759504978,-0.09762310722356818,0.08169825734553733,0.0006119554673513347,0.045228558871739,-0.03721143408495722,-0.0172425895785331,-0.003680545119468634,-0.01832564257811816,-0.08079491439183446,-0.10643675007908192,0.011803572963951897,-0.0469260764616486,-0.10539491913242471,-0.07328038270769328,-0.016025098557115626,0.09757258533482778,-0.006078733888575485,0.016695430149500395,-0.060654647325547206,-0.051025004494000666,-0.03865369189558135,-0.0516421896231552,-0.06042709159912096
FINANCE,-0.0066027019969513556,0.0336383209466398,-0.05467820814730566,0.07173639830268343,0.02904278202929961,-0.031912211404100735,0.02630049680359308,-0.09948777920957984,-0.028690078018441655,0.026518296599652023,-0.06334995951922805,-0.032291255317054686,-0.12371353823140711,0.0296163335619873,-0.06389137943510871,0.09991902472134008,0.11919196318670956,0.03388885138607985,0.07821208436915268,-0.006345273385472848,0.08449762407051413,-0.18434107748497397,0.31227760928000703,-0.32314702636025,0.4166484268248616,0.1887449425811924,-0.2927155014060835,-0.26042035398690017,0.04054209821335244,-0.25462783916265297,0.033746346623923215,-0.07677303718529511,-0.07392881508959143,-0.03578993705823909,-0.004774045552161812,0.06945233066874765,0.003158911235308944,-0.0615713167568359,-0.039562005483698974,-0.04548671694405597,-0.013783616212181235,0.01780929518400455,-0.02500654418570746,-0.038028972433260366,-0.026210243476198245,-0.0035774496590201725,0.008341410566060007,-0.009720988702094169,-0.013177545785164967,-0.0036498163466600077
FINANCE,0.2906964934102452,-0.1307784580419427,0.02358291801387922,0.021923878910812995,-0.0782252128851829,-0.02638263617327026,0.6151768758405083,0.24021595803639356,0.06224001892723258,0.10340704623854413,0.11621042115240687,-0.2559092999241927,0.05462012052420291,0.2026462160173768,0.09692794154046935,-0.10838633418111966,0.0836896891447643,-0.1457793154390215,-0.0882553355629696,0.02581261426303865,0.025371992849344445,-0.0063249624658848706,0.014418327029250357,0.029375305001364118,0.02624354059349467,0.04407291039457325,-0.026559543441309195,0.024357822501787387,-0.021277737126654633,-0.006784678096089263,-0.00491413934997677,0.025719187387512762,0.009244465365294609,0.015179657771835562,0.0011327049921751662,-0.04238672210856851,0.0190452586738381,-0.035532113832571766,0.0015943573916407034,-0.03512566281711381,0.00031577663718587024,-0.002866409566896518,-0.045126276370908915,-0.02775564541576122,-0.02038815436685188,0.008491932265956266,0.019639117542811783,0.021893233008885016,0.024429953447246078,0.04409242319844019
FINANCE,0.7120456006349222,-0.38148273485898304,0.17007090970375052,-0.0837044863190165,0.07620979952944738,0.05781348523476578,-0.14518879465650716,0.015246659935261295,0.00581917905889621,-0.008031832331530993,-0.004416692426216047,0.006555452973262824,0.012228703866085702,0.0013944553405460813,0.003717580327325649,-0.01606833863843737,-0.0033425192770362225,0.019151618359230883,0.0219451071647912,0.021344697033322795,0.025206609415417826,-0.005506480523366063,0.01121842248810527,0.007777425743300637,0.001775948905688771,0.012981171293772773,0.0034460217949989188,0.01684532711533964,0.0187931445906049,0.0010370729817920045,0.028409378775782052,-0.0030843656900641212,0.009835150757430557,-0.003310721638681729,-0.024764651587382443,0.012886003177467435,-0.009634405709284515,0.005263087923438386,-0.004645988321247204,0.005795120647282778,0.01038960521267754,0.03754159615078837,-0.01604000115768217,-0.01974014748686251,-0.016785506534276604,0.01165390544779214,-0.018829895444412062,0.02981224907840602,0.0033822826935597447,0.01766541645941282
FINANCE,-0.011869944753328688,0.03590403155401219,-0.05543552459340876,0.03295400419602537,-0.013078539323685266,-0.05433481643729938,0.03990940881000266,0.007521629679005015,0.0030726156286254515,0.0018749419838162728,-0.022918297945578713,0.039849358499136824,-0.07502467579665786,-0.05467663565923221,-0.03361837009622413,0.0784472422450561,0.07987462319700285,0.027223700382977098,0.1287145900325735,-0.0494478363344146,0.38934410779617207,0.4642772510625728,-0.2865280783473489,-0.28351236059880547,0.062452031666824816,-0.306323026868298,-0.00891535863964266,-0.13370910313494433,-0.009291882871451907,-0.03434412085898426,0.07907698247058649,-0.020637707409099506,0.0003051546895109985,0.055170410144286586,-0.0557313380533342,-0.12003436322582949,-0.06728221561874777,-0.0616476051891373,0.06010886499092081,-0.12563558267033006,0.015394946967658935,0.0037521754561329747,-0.013088302218078194,0.010166667895054762,-0.025926444507486806,-0.03269836534051213,0.0674403797763781,0.030180226562807475,0.03725777108922646,0.00805598371859071
FINANCE,0.14706578279255902,-0.052106182847908904,-0.034297066205398734,0.04776605873477882,-0.05848862103443817,-0.1069375157607258,-0.02527318609033867,-0.08105458231282658,-0.047246651751202046,-0.18348956454632742,-0.16804400359207888,-0.08181050657538738,0.16616552745619595,-0.17243360654026305,0.29361878178875184,0.02792886249230108,0.06953003371344187,-0.09801118735269045,-0.05611175353961744,-0.024729001063607568,0.0036691030121127743,-0.04979322559638035,0.043234895172384276,-0.007937917436581841,0.01911632442713999,-0.04900914425018105,-0.02701233112352504,-0.016634997055840917,0.04125671944068159,-0.028119062558539427,-0.017601730740982292,-0.01906547968490445,-0.03002280553781708,-0.03562302556847857,0.0225822319757506,0.050505224551797664,0.036201666504871714,0.03126136942006568,0.040252983965447936,-0.008080555863443594,0.06597369987083074,0.08931297333976991,0.02461058109090171,-0.013028698524813469,-0.10821765530963309,0.060423783691938494,0.027568120254204485,0.014089299080165705,0.22169830068875968,0.0408771742170027
FINANCE,-0.017379069670622017,0.0009483970999456173,-0.07054524247877271,0.05661764300790872,-0.024901862951708962,-0.040607458798274355,0.04113701513246026,-0.1400875824933887,-0.05143346654829471,0.02234076177020142,-0.09013202407461403,-0.04641438882996105,-0.19750484833724147,0.2548532732285149,-0.009318526918945068,0.22919250103440808,-0.02815325781085877,-0.002186640446646826,-0.02998941999925245,0.21047351734,0.08058817953426575,-0.07985843339471742,0.13076879328469596,0.30935655636999165,0.13722035164219892,-0.3946315995600652,0.1358471552830054,0.08784550523275315,0.10403094119624276,-0.04976774554482365,0.06920532214668679,0.01010481763961374,0.04581131458884517,0.01708057615858656,-0.016058746426146325,0.12671456838055964,-0.028725946456991232,0.054241326047927516,-0.13178036903258478,-0.07283088893718075,-0.10662074384897438,0.020664316944775787,0.010087905141018998,0.0009614527736396723,-0.06923626625751904,-0.08422958228385737,-0.018032021472149273,0.020526491487212164,0.020049709960264558,-0.04402851413181624
FINANCE,-0.006862536794875097,0.07119116819129578,-0.1508449629439066,0.155229061628999,-0.19400155929718785,-0.3558984254083658,-0.264499272365556,0.3118567689493332,0.26463342754328806,0.1704196628702468,0.04982609603237507,0.0601978579169884,-0.04316154503744792,0.07226987238115938,0.036096452002335105,-0.016520330234693296,-0.07923085357100754,-0.09435522629653312,-0.015852208230196178,-0.04000053095419046,-0.10749658450595588,-0.0016802161360721442,-0.029035445232633916,0.004366345657811858,0.036126156723040245,-0.02574634361840626,-0.01583623190602739,-0.010727392737665471,0.02873385207964177,-0.015338817926230802,-0.00350623948995292,-0.03311128425566735,-0.011976588011638053,-0.004029955863522073,-0.03277628069157159,0.02756515199782709,-0.014240166761075828,-0.019206319225576723,0.03502155334677796,-0.015976624035123344,0.03325604056077557,0.07352262201120444,-0.015589402139711581,0.08590513486583927,0.023397000598900982,-0.004365558651955695,0.009937632071707454,0.057732896670180424,-0.007626601294239836,0.00183336195786732
SPORT,-0.07210157336520077,-0.02521532373323216,-0.09389817720257444,-0.11749232943450909,0.03190560138108415,-0.004350899858080922,0.06524969895116534,-0.3927828588162986,0.5309117901575351,-0.1592239275964726,0.2530000606574621,0.07414265210481091,0.12035132294367554,0.03158205637803816,0.022356859610972325,-0.09182927446439974,-0.03914422487633583,0.09574419706114459,-0.02530774547996223,-0.11727741902136192,0.059476133624294596,0.09648873532152598,0.09014036487830139,0.0976212322089019,0.07622003141544842,0.006401552688324935,-0.02915369634325084,0.0472081243449692,0.1474347444630623,0.07958128852971079,-0.057587263117851846,0.08699597612238918,-0.22302709975763343,0.055561476785324436,0.050029328797162514,0.022382990547177323,-0.05660143083916795,-0.033321804676853244,-0.002197110550175613,-0.015875544546257985,0.002796511770175294,-0.0015056564356123365,0.0035321887268415664,-0.0007704920291617542,-0.00582791168909025,0.0009121375266773663,0.0044532021388516,0.01599492986264388,0.00010105258723097245,0.005048071573145566
FINANCE,0.14197341869329713,0.649496152888835,0.4310667863131172,-0.14470550244420538,0.005494323518439619,0.016341882962960297,-0.03592901220342143,0.019117801422285793,0.050697702992246206,0.0086868019419418,-0.005001491175923433,0.006687202004779679,0.004078559572642543,-0.03595356557368824,0.044354734924659585,0.012672195362370051,-0.007758715897499745,-0.016754407569593354,-0.01903484704165805,0.027466765910203007,-0.007468925231640553,-0.03620167421328859,0.0029731699677099954,0.04416673029161933,-0.014324813094836417,-0.011139542320669058,0.006135732848198553,0.016870682896777133,0.0063266304532650355,0.0126240855023787,-0.010560371856144555,0.012147727920587683,0.007232778829474398,0.005643088393234062,-0.0181307919680961,-0.0036294346350396333,-0.012581987939158653,-0.013005475663711512,0.009902793403376258,0.0019862691007531625,0.025112263122856072,0.002872650257117652,-0.02877170633979121,-0.012044457857120577,0.019616942396867842,0.03100940067652564,0.02499073464118947,0.004676953810620361,0.012117986303160405,0.02359584064239692
FINANCE,0.6409656236010886,-0.3522109667252828,0.14831104560580452,-0.047424226206543,0.05846725056931815,0.06505472719261005,-0.24414399769534292,-0.03913645124403238,0.0015066922702887493,-0.011576289162820979,-0.008996617984126341,0.010798800395532512,-0.010946919801434729,-0.004208223926087411,-0.031097257298585028,-0.022189533589213696,0.0183561391501144,0.01898380359106536,0.013869320516021992,-0.008332371066266107,-0.016008811843778458,-0.008331358755347537,0.012876018362407213,-0.010444192541606348,-0.008161764291079511,-0.005165215632070924,0.010036736578280591,-0.004412854299568451,-0.0102381726603369,0.018823177778409677,-0.01250809666483059,0.002999869563975085,0.012701619458706313,-0.0023946702630135387,-0.009457872430163074,-0.047958333346360356,0.0038225862259064877,-0.011218682687992356,0.025630314097744217,-0.025521956062495733,-0.03003285672735544,0.020591761380210336,-0.011444126403354552,-0.007455010550535375,-0.0071318633682124,0.0021801657038804105,0.03747666560336031,0.0478207093082384,0.01216240894638018,9.4722877823098e-05
SPORT,-0.07581440288120309,0.0247430426115491,-0.19540791661037052,-0.09450571458305235,-0.11503163799559388,0.3821807629846335,-0.059445392607666896,0.1638193337529082,0.08406353985582066,-0.015784706188863348,-0.16418731786098167,-0.04579577556985586,0.00427590331228674,-0.028228486588767872,-0.0450503175713004,0.07174271247783745,-0.01067464140380296,-0.031276623578113436,-0.02669252308434131,-0.012416995759924226,-0.026333466177073925,0.040921647494827636,-0.04952209987460517,0.036029794609499885,0.08830089088049799,0.0832175960626845,-0.01372660837020856,0.1038991896832129,0.02028116085472699,-0.02744729300139731,0.023996459562265048,0.035497972576191285,0.049838039198183616,0.04095377032961637,0.0146175664782092,0.027234426576352853,0.014738522377908823,-0.020324853615220864,-0.016845690376468703,0.11861990775330616,0.030081341367380655,-0.04232483189098637,-0.09243077007330112,-0.0625330844313613,0.03556619954901954,0.04428487130705874,0.05775576437234516,-0.022097984462494148,0.07031069868460876,-0.011403670239182139
SPORT,-0.34771683859600483,-0.2781710005623433,0.3730160051218564,0.03702649701689309,-0.007035323231056264,0.02388716604633737,-0.010473031090171106,0.03819792872501347,0.004084669363368364,0.02236234330715134,-0.038368982361681354,-0.006870409139299034,0.042664509594159655,-0.007101768257576322,0.020409152602343255,-0.04979423555705971,0.03392678161524075,0.08059682116972533,-0.11155308361434271,0.0896787925559857,-0.09659786349931457,0.0944656594845895,0.058365305000186773,0.005165277245124056,0.009591837550689165,0.018503271660602758,-0.029642987407475202,-0.042584131208205464,0.004762855628300722,0.06407617591602503,0.08355697748122616,-0.022523824238255934,0.1181539610523861,-0.01332505633234715,-0.0317008248899041,-0.011501999234985114,-0.13629333839739216,-0.033948705176614476,0.10266043213642735,-0.04543269298511202,0.041112104348966394,-0.02855559574490125,-0.0010905956152345174,-0.043723890687756416,0.012381568538714525,-0.041518517521755845,-0.03835385947883014,0.03165465093170517,0.06968044171799632,-0.040328158753447106
FINANCE,0.04167903184417451,0.03417461696772316,-0.0684946033189977,0.07819497934667498,-0.08157641523160235,-0.10675209438598483,0.07000981255891828,-0.0877038830584405,-0.08914293443761856,-0.24590821890920644,-0.26213407934219046,0.1557883593438794,-0.104510639790647,0.26012467067241846,0.1353760846691611,-0.14126209641509405,-0.07792138040107276,0.057693297126250286,-0.0019672856427646436,-0.08072776744426198,-0.0732677574702687,0.08444321538918931,-0.1457859631705766,-0.05141143059276464,-0.0818885827710079,0.14865704616699535,-0.027843563233491776,-0.06578410610687184,-0.02974534352170364,-0.008873522634131607,0.06134976767636963,-0.11041349896429796,-0.12096164319102862,-0.01668048708875861,0.051519656743665786,-0.028861991063380204,0.051986134926655575,0.01890770115609274,0.011557607768470032,-0.04104366234310812,0.05245749946259302,0.01574982918276356,0.06921245766928238,-0.006085623497201777,-0.008560072360167849,-0.017765505259762376,0.035757877449078254,-0.0143972063191002,-0.006533094031753684,-0.022984220829684994
FINANCE,0.06231716932285603,0.32674420399973225,0.18618450956764632,-0.03945312138125777,0.037439413103507756,0.012944379593090348,-0.02054489651067747,-0.04477181801285296,-9.099448751811035e-07,0.039023406663240424,-0.054447170611400024,0.03305120791225366,0.006970450453328228,-0.026535767046332075,0.009492180189130403,-0.011937056211681285,0.007278458427204589,-0.005856488732081985,-0.02250553625750563,0.025088142194560684,0.052691630170504364,-0.012139151314622688,0.017934234663259805,0.01058316943355581,-0.023718692093439967,-0.02033014481211704,-0.018325836692845522,0.011095278933922169,-0.014239329743860203,-0.02185354304951291,0.004490787454689431,0.00922225328245645,-0.05922330117686766,0.009155929206091448,0.037142775068138886,-0.10741652925835217,-0.04707728517156647,0.043570705823112836,-0.0692132921255954,0.023694075409136706,0.011572007600980096,-0.07660985805043526,-0.0544073705555752,-0.010022452501221756,0.0785765422212686,0.21298369133941875,-0.020436261275566674,-0.031376127202280814,-0.032997878333876386,0.04600637078709454
SPORT,-0.14287772048347108,-0.09484685475688445,0.11380501339156414,0.036199662286230935,-0.0072914567430446406,-0.010747977059516575,0.016632033214124327,-0.030418951105670722,-0.008733529590232712,0.01239890817558087,-0.01302207176883294,-0.005703304143406894,-0.049412087775123834,-0.008394198648163048,-0.0303214955635734,0.04799597693984913,0.08460667788583907,-0.07712382226352206,0.020759702498633386,0.01050786636029378,-0.05624803371187437,-0.042573674463450666,-0.002316422523622663,-0.02270219757089937,0.16406054632810993,0.07022106357304742,0.06807760944989728,-0.14424481159716365,0.04361382424990379,0.594928552087273,-0.0006820849405229664,-0.1251453822836746,0.0026311744089792186,-0.19123075407318865,-0.11865869485374252,0.12079415328905412,0.016033498722940017,-0.12838549500811927,0.0025152788562430254,-0.06758823084511877,0.04251470720094051,-0.09743244175609096,-0.030046429489180435,0.007272198754711729,-0.03676151014508891,-0.007405386853664848,-0.010355165755989729,-0.07583675145182109,-0.06413104779623269,-0.020854115547108566
FINANCE,-0.00292603172579341,0.08610106077193869,-0.027939965907226777,0.042720008586197795,-0.023523298390744865,-0.0464267100561988,-0.03071980775861641,-0.0426371612660626,-0.03479105494479899,-0.0082533743427568,0.02835966600910049,-0.052518042339326484,0.027644322046401062,-0.032322017855438374,-0.03841193384539412,0.03429207924734227,0.016388362869572713,0.014054350877219075,0.010690486473463504,0.010014402839387797,0.022122712097357413,0.0333396425315374,0.023643723592074856,0.007509647443643048,-0.03277417738714642,-0.03949005409876694,0.05270473130439187,-0.11226245506127172,0.001125788825995209,0.045670722857566834,0.018168156696724374,0.05898038713244493,0.014812302633620432,-0.000438506698998462,0.008173072991929934,-0.16724159891676077,0.03824021007321201,0.04128710110706385,-0.24244268419337014,-0.16670892738825308,0.002508640904543585,-0.01226635614709672,-0.10179826711717851,-0.08642493001321008,0.00684611336234467,0.2587096793968434,-0.06901692742092545,-0.04326540967877748,-0.12641220686034438,0.19959709633271921
SPORT,-0.36896684158212695,-0.2987578232111632,0.4154942561417481,0.058247290490731705,-0.008757050560889162,0.0183764314873772,-0.024624446843979395,0.0914070734833129,-0.025130760601244386,-0.055162934474201106,0.018984841377177326,0.010744099137908442,0.01527319041052511,-0.008779948221579034,0.013590497018281897,-0.02220440640784573,0.004189273373445584,0.06259802486320933,-0.045317920159680336,0.07237159810011264,-0.037329967418837665,0.04866252065883716,0.030139387405541382,-0.02203836913676517,-0.011290515262218987,-0.006934387727683153,0.046769791516235476,-0.007360687650323794,-0.013672546438486278,-0.08625161305965537,-0.042804060677793236,0.01633856607586868,-0.07935958865381529,-0.004305381506872493,0.039790575645216104,0.0022770635091163122,0.001257435397697903,0.07436398471350536,-0.03225894720204469,0.025919314149553056,-0.048837563987935394,0.02231795852120984,-0.0012642320623575353,0.06457448552313118,-0.09654788808319877,0.06554964503739313,0.006898167658961883,-0.08899837978146727,-0.051177418093241465,0.01944474870800326
SPORT,-0.03155444698817016,0.07242597384592636,-0.14797131744571895,-0.01154750533459249,-0.12918434491169536,0.3532775277980284,-0.03271426085603554,0.13910621473140156,0.008589917406248884,-0.07017681487306063,-0.1467961236529649,0.013589290416214967,-0.012258786465163679,-0.005235353508434413,0.00410043901185078,-0.07331219136797142,-0.012653791549094292,0.030323718636898252,0.018780041105832434,-0.16944479821927186,0.0030059552952592114,0.13314585212905614,0.101774755709128,0.06397697126797411,0.06788241515646441,-0.026380930062599815,0.0020189892179997416,0.02102987169830616,-0.07370966983075676,0.04220103282125485,-0.0017828279151342393,0.028952256260405918,-0.011278473105956621,-0.08551550567419566,0.15553090771571446,0.0482044605790391,0.14019531560351847,0.015529971027799303,-0.0338341359507026,-0.05450878231988109,-0.07553773954491477,0.08652583644433903,-0.007505867902300094,0.08587105332936684,-0.07114105354639363,-0.0034367063794569826,-0.13158953052506903,0.05901389944690862,0.008575450758517905,0.045830242201686945
SPORT,-0.05827771243925627,0.023806115215131617,-0.16868075790770243,-0.07527723740781425,-0.14364293863697267,0.39294595468082083,-0.05557568111567378,0.14788683149917142,0.0629398436380554,-0.02163899030664213,-0.14667289415586277,-0.03793045315869694,-0.003250652442663426,-0.0038602460608282234,-0.023662388410594364,0.025227264133594687,-0.03804911235205894,-0.006056528908186316,0.032125153212995854,-0.06826572927318922,0.007638654332035606,0.04489164761243299,0.05722901270964973,0.04485716620695388,0.029834401954854702,0.012375966679792249,0.013698324062454081,-0.0033788112662916413,-0.05593834461808817,-0.04165924650943344,0.013385314669282136,0.02096536621573913,-0.08052155366162839,0.04149733100967783,-0.0613392281599497,-0.02524364901705118,-0.08235254411951158,-0.033311269928039906,0.005202932154391448,0.005872146194121697,-0.05299394188788935,0.027792758198397376,0.178791185537123,0.01963498797583373,-0.01481680950905636,-0.04758256072816232,0.05373918473761539,-0.01565756564341143,-0.10258402786370527,-0.00420437334195454
SPORT,-0.1047890438371758,-0.04467280023585256,-0.1768351255792045,-0.4510588859491519,0.22727830926033366,-0.13691773626261014,-0.012991584604706828,0.11791488797311073,-0.07761017863011427,-0.0016526309339240472,-0.007265797938297185,-0.008283158979884438,0.005387105473007908,0.013939442870475775,-0.013030845207267855,-0.013226207379149644,-0.0017024783826725617,0.02210208994517776,-0.04797324395188719,-0.01336000108426467,-0.02718265307850961,0.01755771424818216,0.04237171511532284,-0.00903260279580801,0.007915442600327923,0.002074506777190166,0.008735065396343833,0.022660290755930294,0.038590326444235025,-0.02965024253289789,-0.025255334799049168,-0.03427331012309245,-0.019186048475544858,0.05542351427109649,0.009466480035804992,0.008655328641249776,0.033273401131633226,0.026641650132069893,-0.0323229318328444,0.07644512112016758,0.00439956468942961,0.06683690117933257,-0.0899760454642248,0.052769573919264276,0.050822621758288444,0.04521506265590379,0.025536013255144863,-0.09051615906995125,0.12641676056123527,-0.08082032895019417
SPORT,-0.06328712912837,-0.09171606740511225,0.11101268343747243,0.047085204681661205,-0.050691929114836616,-0.005986628650287397,0.03446111953819305,0.04463197654633803,-0.07159677316290057,-0.046197397757106386,0.05056192936198854,-0.012222924647339563,0.06088448465649196,-0.03400082156425296,-0.012232363042131303,0.006963467322916981,0.014642647058402545,0.06094068499372854,-0.08047488466408169,0.06805339324912198,-0.06711547533594188,0.07690605942864569,0.011082912468897182,0.0011633409005573595,0.012451774369478388,0.060971760365726664,0.044718791644430905,-0.0764657780462888,0.00792407224754055,0.01293715038135316,0.012790619879336542,0.03070786342310234,-0.049129125849052734,-0.0015422041438749837,0.04099601200809682,-0.060301506696635726,-0.10431984190700912,0.24418140235307148,-0.07429401971310214,0.02613012270640082,-0.08727880069743027,0.032234670536349985,0.02926612722532155,-0.01090755825294675,-0.3174410564092366,0.13974385239871687,-0.10110363104216484,-0.25358935321931503,-0.042997964261238246,0.009246814217919643
FINANCE,0.7117525989188318,-0.38122952217226197,0.16948845483540623,-0.0840964492891838,0.07626877274519618,0.0578447756529441,-0.14528381171547597,0.01429479809177288,0.005438823993737781,-0.00568827897695134,-0.005371023244357318,0.007040737702510528,0.013106573992932066,0.0014416694133926784,0.004029134210768308,-0.016876696007236847,-0.0033372227187723033,0.019976456412656128,0.021797628313047074,0.021790932619858715,0.025544237845605656,-0.004866357765405172,0.010529277182608222,0.007425046220463954,0.0012360925984747364,0.011946073477520709,0.002475491115391131,0.01687355863881752,0.017971677801844783,0.0007391371744203532,0.02819734501366708,-0.003202637998084132,0.00939833157105718,-0.0033884499925734466,-0.025300539769166297,0.01300151389368964,-0.009900354538924237,0.004813808194574677,-0.004667207383571131,0.005052312128789759,0.009755475144943218,0.037720046254377686,-0.016417686355031148,-0.019342419498604504,-0.01742829193493491,0.01195337604630116,-0.018565057897275323,0.03009988359604512,0.003130040655844161,0.018033836046032245
FINANCE,0.08372225130217384,-0.0010435722525514715,-0.05630773930444428,0.07659162904498346,-0.06455813088333036,-0.10632083937611961,0.19363479335564063,0.027982554376094898,0.010515887910458193,0.00844831695061485,-0.02151699502227227,-0.18700342661183078,-0.1470813605822098,-0.28659440192797947,-0.008442386665267025,-0.11339220419613316,0.014521779377097106,0.04068895102246129,-0.0553532457490616,-0.01621827073120575,-0.039257966175665515,0.0044646334812658926,-0.12930970126616764,0.2182418169066811,-0.013763548293440135,0.03594432017116968,-0.05946725036112661,-0.16212139152818641,0.02057459473938691,-0.0749297915973721,-0.05323215455421622,0.037221738406275164,-0.02148950372563265,0.018099566403110674,-0.0685575764326093,0.008314662156502985,-0.0146759258447162,-0.043978016423492805,-0.03015054141845333,0.006090309153169821,-0.01582978324280457,0.050683284292666685,0.027207533337724934,-0.01691873019314425,0.034798086231678856,-0.03501969227965603,0.06302434508839859,-0.020055290696035254,-0.11616667596582121,-0.04232139649714508
FINANCE,0.146542846849084,0.7100736884589869,0.45871177094246535,-0.15686728812568088,0.009265312018723212,0.05883541756793918,-0.0684669662951991,0.007270533013829739,0.0077553220157852215,-0.0011484037979721262,0.009820420082473984,-0.017627197142352745,-0.004461341948520221,0.017806454533984422,0.0044158432372283386,-0.018916378533534832,-0.0277105362941156,0.0024300433512522103,-0.0010134361615104879,-0.01659810061631958,-0.05406970581676722,-0.013705314427072719,-0.00556406921518156,0.025401559484007557,0.017266872653388863,-0.0017203993321748842,-0.0031192973189932303,-0.018066452800177865,0.018396925194155447,-0.017827492233389648,-0.0005930763812299392,0.002842084813723391,0.00896634384190306,0.0022316726725519825,-0.0029956104303596283,-0.06491074151574784,0.0015945475092651088,-0.036828210151288905,0.0161838078459119,-0.0685122730143962,-0.010904114037319553,0.0014419190834476766,0.01733766599982198,-0.008745448821778657,-0.03784717204450483,-0.03270286320717527,0.025045014541063716,-0.02205652537203882,0.019856585997876208,-0.0027768743439874235
SPORT,-0.2820748233505505,-0.23127987890694937,0.30992335307785684,0.039054006564159034,-0.0051723809305248844,0.016136756457719708,-0.01637129660443132,0.013144955309227479,0.011260645016792402,-0.016317801066979293,0.0019314540363234366,-5.161070770992359e-05,0.04862218812363402,-0.005241916591366425,0.012032637115844961,-0.06844776005688881,0.02514473588362193,0.14090544326632626,-0.14599214627299628,0.16876569843124628,-0.12556811142557964,0.21368747895051624,0.15514953808317122,-0.010165877333106229,0.022198150675416216,-0.0028378851961599204,0.03169881171819854,-0.04584078827831516,0.0020111902166397525,-0.10126069278922498,0.04400404954804968,0.03527307422785666,0.003916554960408671,-0.022215571559445212,0.05470453890411425,-0.02117731236534526,-0.05264876450721523,0.050886630494244835,0.10347463441529058,-0.0810348531997524,0.03551677720748626,-0.005188950254597256,-0.10804856856340707,0.08203541721534402,-0.004250740528769348,0.08115130626886367,0.050527230815142814,0.021002829784249267,-0.08046010291425273,0.009614999503212922
FINANCE,0.6861094507316894,-0.37773143819324084,0.15308546735328335,-0.0714569164849276,0.06986923928712341,0.05341440542141835,-0.19224538078202197,-0.012043679839231422,-2.2535189884137726e-06,-0.019138691910673737,-0.014576572852316517,-0.0008214754701134509,0.019112688327444508,-0.015337109709856645,0.006852391011818986,-0.018361353157689577,-0.00527689439729389,0.012713276718640892,0.01713765906197123,0.005786601694859581,0.0008814762307781751,-0.00433061663718937,0.00937143702452245,-0.0011529165770917948,-0.00014732993410230614,0.0029105042797978892,0.0016896462651860755,8.207716506983213e-05,0.013680231359212725,1.143090259932974e-05,0.012363729561575078,-0.002000834103163931,0.00859787554088841,0.006387345366011291,-0.027748839440736202,-0.010094413417197409,0.006743536239843392,-0.01980120775558407,0.01895041938510993,-0.012920490789468261,0.0007766143216120621,0.0471120282584294,-0.017190198645012162,0.01200795442343011,-0.03545082811493413,-0.0002341149035572099,-0.009981914884795776,0.022548937051234296,0.029855168645965463,0.013819064618222134
SPORT,-0.13159014147617795,-0.07583666231479029,0.06902993853278369,-0.03908452284311998,0.01461252066925425,0.0049036310053926025,0.019963737971738567,-0.14810995628444606,-0.016357777916884864,0.3495739995795571,-0.17235638880002474,0.04781049884175946,0.105963848879361,0.01052998543306631,0.03165450521801922,-0.04830138104598915,-0.009436643959236457,0.005499512040299366,-0.02885390723263639,-0.05697511495188063,0.029208003840108226,-0.043663554809752037,-0.06202839034399353,-0.01725190876260425,0.0021229856341368125,0.04696017360539393,0.03447751123206411,0.025201554279734875,-0.04021819176902272,-0.0819184227554773,-0.03890869229711273,0.02473707149606507,-0.0642852605185229,-0.01578102597829386,0.022755335569974274,-0.028907981715378853,-0.00010620573163747786,0.03764751093324568,-0.00545271826652178,0.08180565103643128,-0.032842246840983254,-0.05044179697862841,-0.1190437334636269,0.09116587827851917,-0.026698719719258114,0.048355558019046674,-0.012091405209676534,0.001144403802341208,-0.0023699970334720493,0.07102843896026616
SPORT,-0.03115699048065656,0.005859041607421921,-0.12677876824872542,-0.014086267822059788,-0.10287287412053316,0.20674400080714353,0.09178111832640168,0.10745726141512367,0.060783145224956044,0.03158595540099406,-0.10658582649314181,0.029761121035139934,0.060796776989970255,-0.013952814678978359,-0.0401691975270536,0.0747839230398208,-0.07542062100520464,0.029188360361636273,0.09530323949745324,-0.000692571097572519,-0.04504009771849453,-0.06651079306337808,0.08681802935758424,-0.005763138335920695,-0.026767003012553577,-0.08620623591820067,-0.0511748357578024,-0.024208744845173078,-0.07092451992244864,0.007060686007272616,-0.04576162410077566,-0.05208693041505853,-0.07232732814135064,0.028257296487590653,-0.05066218878007325,-0.12465790676652042,-0.10285459102096384,-0.043170154307856645,0.08978813465944781,-0.09280345501884202,-0.03164249508877105,0.13239355658619714,0.2076187671708654,-0.12056701347206557,0.1159908387964132,-0.08761153649076668,0.011510833861322282,0.033294855119298326,-0.013134302639827043,0.03502160895592268
FINANCE,-0.014267306173176371,0.024776160007137175,-0.10489338237375302,0.08431690855233977,-0.07342993448102278,-0.12852836332431175,-0.037448595816468706,-0.018423098921255824,0.02677268163797127,-0.019197482097862907,-0.0850213652613134,0.02467962814483867,-0.2461471903525023,0.11429419580085708,0.122533935630508,-0.15794089479433407,-0.2700425989225478,-0.031307918424481176,0.014923749604433111,-0.0870068362802557,-0.09523143149458754,0.009381037563968872,0.18695226784732574,-0.3625395900967037,-0.09731614331319,-0.02711745736092244,0.06578479302722483,0.12722061581381566,0.00041384761532391363,0.07752313255647443,-0.19540119618604374,0.3531548999442084,0.23361689699903695,0.11748223789729732,-0.0671088129087849,0.054880067266147775,-0.13943783001257776,-0.03947102357709347,-0.09906883657207734,-0.02825328177097169,0.020404753516417497,-0.005433614953802749,-0.008836014809302848,0.005766188010986952,0.015433980810681513,-0.05474006292846102,-0.045053220064065674,-0.03600617299227636,-0.025465901040935615,-0.0073815089337024515
FINANCE,0.14587068762689448,0.7083940344592673,0.455863920143171,-0.15550089769780095,0.008457493269443441,0.05887235042278048,-0.06923674345657105,0.007844351685195313,0.007584458141982092,-0.001511733522609086,0.00921256300525444,-0.015255109141150618,-0.004497732293128286,0.01706833415026424,0.0028965472407546846,-0.018446277579454752,-0.027182931517284768,0.0008766366316121875,-0.0017767576475664956,-0.01735604871676379,-0.053748133564305814,-0.01263885545774431,-0.0057155341946727445,0.024515483113992435,0.01946574412254744,-0.003997479688866195,-0.004425584637417792,-0.01960652971419765,0.019189071402969955,-0.018841584853582057,-0.001060541841396801,0.0021448105260596065,0.009622284667304843,0.0019576591796874303,-0.0030590279064022876,-0.06854774816774903,0.0019922816075968147,-0.038930329980064377,0.01646991364898087,-0.0708896737359665,-0.01030568859837122,0.000805997828258801,0.016961798939387995,-0.007965297578698596,-0.039521768568186934,-0.03447856989608148,0.02717015182775173,-0.019861469818254367,0.02195019858803059,-0.0020317674236032387
SPORT,-0.15474793673598947,-0.11126775580938808,0.10591110649520122,0.0006472926162574978,-0.0017097530624750608,0.011837396816968845,0.012147423839407095,-0.119551504423649,0.03443156604396813,0.20141212129310562,-0.09734565856801008,0.03963313424904565,0.06469862064377195,-0.008966592148946972,0.030685092243086357,-0.0231383243167894,0.008083128191528439,-0.030956808147738248,0.03719613113625872,-0.04594404684682862,0.015750779228739523,0.04620664682978887,0.011145311640036683,0.00600798726795106,0.07619321992392528,0.19447744829813146,0.6647141742478538,-0.09943511304479162,-0.025429080497037553,-0.2547337583912785,-0.02200000793354513,-0.010809366044380958,-0.04640606903291781,-0.06546967439346266,-0.06340571046397367,0.09209446197254822,0.04274689265632599,-0.13116361973484267,0.016053155675380376,-0.07757216156029724,0.08961311279220231,-0.08920263344435832,0.04455067028244775,-0.0595470320698325,0.0028597047128832687,0.006982866869635011,-0.024847366338327275,0.0006123000844687986,0.03484285578219416,-0.03455871994953743
SPORT,0.0001368125423703709,0.03233657110290396,-0.07545853082622862,0.003190033942168749,-0.07100780602749864,0.03519306612296272,-0.014082241933318888,-0.09331426492170646,-0.14236945066111348,0.0387952358629589,0.14350978490898195,-0.02767221429191563,-0.03673336299648534,0.010677973581807516,-0.03435596196104655,0.19404848965544017,-0.03611250110906012,-0.08137224722953469,-0.17499186844467288,0.007261655585835449,-0.04573496245453951,0.11037773313884706,-0.16932801640439568,-0.09824377402772293,0.03548624342706966,0.11289766719120334,-0.06457437590718265,0.22688806260411512,0.28320219510631944,-0.13532251694156736,-0.18686291509645037,-0.0697505351744346,-0.019098639314095583,-0.22373175324354552,-0.07949826728423355,-0.11037028460140506,-0.05559005151716157,0.05373851466684628,0.026877065406959885,-0.11524544496663934,-0.09878833386389982,0.006246471863793691,0.079889080176341,-0.0005792896139050463,0.0033578975660811367,-0.010220064638755985,-0.07841720140266518,-0.005304546886377619,-0.06421328660740547,-0.04837715708772003
FINANCE,0.007505333337079098,0.06637445627691048,-0.016460031664900416,0.04106658966992769,-0.0023833101386933958,-0.027911116014886824,-0.02288846451593864,-0.0911047860623339,-0.04923662977038926,-0.005992337531530995,0.009397484763371005,-0.08032052858372878,0.056575945172254706,-0.023908857897645134,-0.06580247630893611,0.08399150306654117,0.014852365622974133,-0.06544486142310622,-0.014138638545376956,-0.07251767094062234,-0.11528789389449971,0.016371395417441342,0.00951766258175089,-0.03886655461266052,0.024757129978743124,-0.0971714400346267,0.0638882306296069,-0.070568262498451,-0.05576339147781448,0.026889638448833315,0.01775025981195697,0.05883608136498197,-0.009782053119589218,-0.03060053767952945,-0.004392989197635164,-0.05529287653331251,0.08064752507901607,0.16955265927663737,-0.050951522346525224,-0.10521723305217272,0.05816968592459302,-0.06025150162133743,0.0709938774988435,0.1266700973217242,0.3741449195661957,-0.03726236037209398,0.15225874320913949,0.10380764592441792,0.15075640109329222,0.031759578484022485
SPORT,-0.11057922536074347,-0.0692317463496577,0.04334680679724885,-0.00737161829258741,0.005746992246661773,0.0035110841426442127,0.04095853669443423,-0.2512318639298926,-0.03678526848059453,0.5655821200056725,-0.27597724318561245,0.07785568532891463,0.18723197038391987,0.03713366673397252,0.04376374054888918,-0.11466794337424534,-0.06137708953464436,0.0703694537801735,-0.011178240131362977,-0.09551539711550507,0.07976315077735116,-0.09820384982339524,-0.08453463404056369,0.03071897145122477,-0.09744588948962772,-0.058126310984057857,-0.15661893144093905,0.06641752497649843,-0.033342714456031125,-0.033223841528546474,-0.006100237555323343,0.012900730000550791,-0.04704180489606339,-0.0156658617132674,-0.021798332932143092,-0.00567655179997864,-0.007402147264207717,0.006655308845506674,-0.027902808679308336,-0.006905186785344597,-0.05261894100497824,0.02311139509316196,-0.02443542134389683,0.038255065950750115,-0.0438628275496533,0.018658797659774403,0.010941201504543255,0.003959871904588496,-0.02481125642570537,-0.012140198547752052
SPORT,0.019767751202169854,0.011927614009164835,-0.05209814583188908,0.029967096573790514,-0.07250751387554773,0.026985558716399648,-0.05678259172580034,-0.14873343319512075,-0.20551749839614422,0.06667655855545321,0.22163651139027132,0.02587526440508088,-0.05340960474483164,0.06883892411390534,-0.06131885625746212,0.1985907443923919,-0.02872707774481989,-0.14015049277333144,-0.30975495575519885,-0.2675400156400802,-0.039038094913780706,0.09967900812303948,0.08700639579317432,0.05213760993704307,-0.08362823055330375,-0.017887330672911938,-0.03418372800630649,-0.03925473843982589,-0.275792505506874,0.0022057071339506725,0.1442213381692486,-0.007338396761992243,-0.03845995372025342,-0.0006684647807156358,0.0493556659351792,0.09550309090505862,-0.09148920802967042,-0.050478755553317094,-0.04197179300087849,0.003675472946516237,0.03771378910632312,0.02013038915961162,-0.0799212406443993,-0.0694882059157276,0.13078463969967768,-0.08129666878073534,-0.02005965177152296,0.0451401322416167,-0.014436750491624798,0.020043347307214975
SPORT,-0.028014036761296383,0.021998379913070052,-0.09202753223609877,0.02395947362932531,-0.04932724646647683,0.0480443333179495,-0.014834059534685405,-0.07933501494935481,-0.15198251346721048,0.012313317841037851,0.16423281505086187,0.06976338361420313,-0.034208015000693405,-0.021040304604398763,0.09994875716754555,-0.015560959433410623,-0.008445479940465373,-0.04972242115407247,0.025161143608637304,0.0022439180057103607,-0.0678382002514707,0.037259547643109604,-0.006277133238116114,-0.02402015533242809,0.09156400410413804,0.044530311262154794,-0.014464448578942624,0.04899047436023391,-0.07751739778190089,-0.014646116517299409,0.08848636151806398,0.03840508822396039,0.03928644366742629,0.0872757164999345,-0.09318014706438742,0.050014382958496015,0.08531807565780658,0.00846800435856856,0.08262663013264668,0.12081102843305674,-0.08977212421368916,-0.05790750164604176,0.135620686612078,0.04631845438847678,-0.041689673164499653,0.2745109613203926,0.3101136203211819,-0.19126184933336657,0.023207234601359726,-0.0932694516944715
SPORT,-0.1527910973762807,-0.11889439961244663,0.12201186532010641,-0.009971495905438733,-0.0023208314168698704,0.0010320936643271788,0.0038686711677978418,-0.011872372518988079,-0.012853217595846535,0.03558102547691048,0.019058912024415262,0.008609960609913926,0.03426558639839877,-0.022177702661948018,0.018441339382055603,0.030076048501446496,0.035725002404257335,-0.016018738183461678,0.01361081883942979,0.14262868620026214,-0.053341426773003346,0.08019858406152483,0.03569182995497434,-0.07144488436304859,0.023627700535442355,0.061623016892695906,0.09226189106947555,-0.0652235630830912,0.042331477676036136,0.21457793798664912,0.009934485821538898,-0.09150763786093348,-0.10253230365626048,0.01832047968240035,-0.05136212530525457,0.010115342117209268,0.006854309419074713,-0.0030657648907957977,-0.11707948509218652,0.10605504006136282,-0.06610144123819202,-0.010150871334713667,0.19608614372113256,0.0033266725675550704,-0.05890363694276811,-0.006980021050566388,-0.03578827940645671,-0.08746518971794384,0.0030924464778645166,0.044711350697295066
SPORT,-0.026371655162238775,0.018190904988380628,-0.08608353801897768,0.034222817298015025,-0.08071567522147681,0.03907768886446207,-0.041462869655655064,-0.12084324837959474,-0.20171865897256866,0.06420760608606285,0.22498704244311754,0.06292555949897441,-0.05093102525564365,0.03234897420084888,0.028847418173416538,0.14115268876231954,-0.03567985541643069,-0.06396209057955311,-0.2642105633815196,-0.18505772862500555,0.0063106692207514515,0.06447340294249357,0.12357800867233043,0.03673740245206346,-0.10350633979597545,0.05699114564433061,-0.04401333801667228,-0.05464334631705194,-0.18961756604037278,0.027037384457062556,0.13228842029139945,-0.03859633512762123,-0.0024211547302651344,0.05842200692242728,0.013533917574981047,0.07965685255796646,-0.011670389840835085,-0.11951104324253016,0.0570699093475474,0.030019365405482102,-0.0784767485579324,0.00038391846235556927,0.02026029769976759,-0.14594242779861086,-0.06718780796480403,0.0945115504684354,0.05214210906583455,0.0006855793811027669,0.021841564614805284,-0.02650003706203028
SPORT,-0.12788827456948923,-0.05268465663842876,-0.18238329755947244,-0.5221440978080208,0.2591941606653973,-0.1570831563714672,-0.02143945245583079,0.13186148406985435,-0.10204526343841636,-0.0070692265581155074,-0.02671260776777451,-0.004841245679719169,0.007224488809704322,0.0069778959327769716,0.002359383554860324,-0.017949947368157766,0.029051222842033625,0.020415395636428992,-0.008182428896883037,-0.016475845670955207,0.001982506949542958,-0.031115341525060437,0.017065656875714336,0.009259887792295377,-0.01660602090500132,-0.0069235402167392365,0.010618709057672936,-0.012468616842461734,-0.021120474750228626,0.023946823515945313,-0.05593032263732603,-0.0011765974830243516,-0.020766421199431482,-0.009408270676458406,0.057178020480973125,0.04181247682124055,-0.0397982824404789,-0.016981357470760333,0.031256726555070245,-0.024181820279033324,-0.008573965219427718,-0.03584227303068653,0.09781650795146536,0.002115416660332003,-0.02749798190668156,0.0024732111223073807,-0.022128491104893306,0.05414801239273967,-0.0868006962595602,0.1114812178307093
SPORT,-0.22417372951756362,-0.1720967799789232,0.21706909008228234,0.030935039095654843,-0.006348233570059056,0.0033376488103815105,0.02518770059648948,-0.0001257404705975399,0.00577505328670862,0.024307154133327652,-0.015724821881232597,-0.024606747949252137,-0.00750779766417847,-0.002853280168191089,0.0036483805056604706,-0.007348873895291078,0.0019252893375013417,-0.011885174933294997,-0.027389480289149615,-0.06656114916023631,0.01980847565620624,-0.06555812892750178,-0.0813377835808902,0.0547719494093815,0.053019314901364925,0.08334771036112458,0.03694410657742534,-0.06832346528948853,0.04839556954368503,0.07124122844925791,0.06981424526957453,-0.005141457336703043,0.21371657804052194,0.09191720261971682,0.04907778018438787,-0.10667595321976368,-0.23307171169645363,0.06994283238007336,0.0690180192874391,-0.009381605843402528,-0.06515498770065276,0.1215424947214853,-0.009750701728812004,-0.057462314011895436,-0.12188646667939136,0.06559588914064479,-0.09216922943011495,0.03471152355334901,0.17962926815738697,0.03999954035911731
FINANCE,0.07485782879030291,-0.03779706931187494,-0.045252597412840864,0.03709009081206381,-0.03829650897642994,-0.07175396757071086,0.10129447981495736,-0.035096086173197406,0.036157461685933756,-0.0029351008717619985,-0.009365084758243694,-0.06422830572045536,-0.12423150572992972,-0.12002917087963678,0.027940722930119802,-0.031643851778324926,0.014125851657229883,0.01592101370086948,-0.01472659269609161,-0.01172765674673433,-0.025942616214325642,-0.007516151055926098,-0.07513806719193723,0.06045373867066049,0.02136117602322718,0.022072952071268526,-0.04263275361034542,-0.0529574285970072,-0.004040290338192553,-0.03374757345362926,-0.08768848120942803,0.07099575101827003,0.0121714719942472,-0.03326780459997517,-0.03261043139543717,-0.02829457408255652,-0.008622516278817709,0.0337998768784881,0.023241284599201713,0.06793673702658304,-0.05237188674338405,0.03959123584169591,-0.03467071607521139,0.06448714469837387,0.0685887712508314,0.07338314854288666,-0.0062967187163455035,-0.07394798353076898,0.1745671162523887,-0.042069850222796176
FINANCE,-0.003186657457083215,0.03737046251097244,-0.10504663395338884,0.10180890430793392,-0.08395265223399151,-0.14943554834636005,-0.0139707954524792,-0.10270599455301113,-0.0787335262107621,-0.21182974626808065,-0.24176665260107402,-0.016232343187606676,-0.16488425403317442,0.35465460169474156,0.15196894792623572,0.0024695001487651273,-0.17515608424447643,0.17848252404033518,0.02321190761812118,0.05227865191474641,0.02349954556411437,0.01984396119010078,-0.086893574809911,0.04723253969927885,-0.07015082450607152,0.16020084700768175,-0.007856122337401447,-0.00656385317976706,-0.03555834520263446,0.02662404731736712,0.034665834904255725,-0.06821539051502466,-0.008947931035427554,-0.010171468471620274,0.009269060380192557,-0.09240406314625395,-0.02252047706203689,-0.026488027873322436,0.0884442022243566,0.05424829533370068,-0.06064885339895568,-0.07676809629133681,-0.10985413366787812,0.02822212755041523,0.14758426199964286,-0.03762524599565081,-0.006368189235656989,-0.02662813086235309,-0.08968283752650509,0.05580315979388403
FINANCE,0.045137011090121436,-0.005867053904087081,-0.02896139582496165,0.026988662340545515,-0.03647308422448226,-0.01780316428503389,-0.01939918849874189,-0.08227638546721756,-0.06467053962364183,0.01721780641231951,0.023352537291846616,-0.04921923364505304,0.027601990670305023,-0.03784720011741088,-0.057370135297741515,0.07068745493354706,0.02520902881177354,-0.03372180207902321,-0.02114347622470698,-0.04749279048842163,-0.0561722502562134,-0.0009025706092704416,0.03036036231617345,-0.05837446179421221,0.015461351887788804,-0.026455564902145318,0.020125000485075966,-0.05548143803191182,-0.06996133626744105,0.060229071314492864,-0.013886269638824276,0.008053563900293574,-0.07121574936559678,0.0005543643950907479,0.012893596107207797,-0.07419980201479114,0.010807191337286632,0.1460544163195716,-0.11634223551044544,-0.0789468921296759,0.0845162839041032,-0.05032810016351809,-0.15001673070779284,0.1451937930420854,0.007882213218486051,-0.11056444915612781,0.09215548224906689,-0.14996634487132635,-0.09644994198631582,0.17980897980148686
FINANCE,0.10592477474088757,-0.05809584256898361,-0.03746934870844921,0.04333082164510134,-0.06149950463962344,-0.0919782953630477,0.23832884036135535,0.012873889007502375,0.03338629908689509,0.014933002714508047,-0.03695493739856834,-0.16514529102736097,-0.20121363066151093,-0.23089547179752035,0.05122643841595699,-0.10144931250753504,0.06419367157480138,0.003320060244151342,-0.09308563626545925,-0.029710539315958455,-0.09825072765611226,0.01751912789640969,-0.22570054917206253,0.30360334572205977,0.04193537031935372,0.08079076926426076,-0.12195887622530506,-0.26635688365827603,0.02256805820166295,-0.09298989925998169,-0.10121601106490864,0.1550480864693664,0.06149403673225069,0.06567422597733508,-0.08832761438268646,0.040033716345584405,-0.03371456880465787,-0.060373384670896,-0.04422213335751572,-0.03262325508880946,-0.03775868131709084,-0.04077040454450731,0.0029972224600929034,0.048899108621586744,0.05793872635017891,-0.06249970274456305,-0.03430115858557292,-0.03127160878112771,-0.04786429023788449,0.010294993140648837
FINANCE,0.02469126198358666,0.12375792929654895,-0.043654880164681435,0.0858581788644533,-0.06052742422305583,-0.09511161671213085,0.07264722832608367,-0.046081549065355824,-0.09404070746031681,-0.23163661653872017,-0.23875099532120272,0.4040142264238402,0.10504750412422724,0.0555751494450726,-0.3893395097558567,-0.3237260032718901,0.30970543352366736,-0.3453923236534868,-0.18728994346973551,0.038176063423718695,0.07526605317954055,-0.017650403541840644,0.019570343368367556,0.014829739208654843,-0.002092511847401789,-0.04731082078339187,0.005154760679807918,0.07554925633153158,0.06561119072962171,-0.04962556200825317,-0.02901993413897616,-0.006204116981608232,0.02091695316434721,0.021079788275382646,-0.044520483081655016,0.007419674827900189,-0.03782909389094221,-0.07106732050567144,0.014951255319657731,0.08574096106037785,-0.010663998855202885,0.029282847037722985,-0.026950019922333007,-0.007539012779526274,0.02088464891206739,-0.03907818843761066,-0.017511836058873763,-0.045252510672170676,-0.03531246800942246,0.07801293338979559
SPORT,-0.14110975182322527,-0.08775129058755737,0.09584175271835656,0.02877855203098618,-0.0240762893510048,0.010688464954131317,-0.0015286500422659925,-0.0014915240343891265,0.0007598385335262591,0.016750269991197414,-0.01167880417133386,-0.006971402493022343,-0.03832247285267986,-0.0065391325746083735,-0.02483716430252872,0.057940529270958774,0.0483410609866961,-0.06604283692267039,0.05204515763004795,-0.007979829616146001,-0.022304139897618015,-0.08136888295722756,-0.04212098059898512,-0.006882843535830471,0.1680540763919049,0.06622255229013176,0.05117191735573882,-0.07590249654852668,0.021784457053938854,0.5697724098675425,-0.014752423892958062,-0.12740347992696943,0.0001530441539011595,-0.1904822461225279,-0.11107563812863894,0.131481890061725,0.03776286369794939,-0.20877876273805937,0.014501019122995683,-0.08671755878930582,0.019611087042697886,-0.1730778357987571,-0.05257277919596514,0.023499559209766152,-0.004422416528389276,0.024270375324792443,0.004082618204243409,-0.04984684214116341,-0.03369635272229354,0.0020126771464642063
FINANCE,0.13305582005763966,0.626089220936367,0.4065482716361599,-0.1395455446359897,0.02125087866452749,0.046379274146920384,-0.0536516685318873,-0.013320197405061922,0.003532256952257301,-0.03741043617734712,-0.025617723829951707,-0.008137471002608527,-0.018209177981203896,0.023491841625907194,0.024875994795646766,-0.02265232879152773,-0.0024194859131905135,-0.009945865296066916,0.003132745870080617,-0.02030772592913214,-0.06417284197161362,-0.013755060546332926,0.002658570185590404,-0.008699055492316818,0.0016163606232390726,-0.02018358497634959,0.00844443449748359,-0.023237959155183344,0.004684106433744487,0.013972754127144578,-0.021946807775581743,-0.007043480070845162,-0.00012596771862390436,-0.0035834356633309764,-0.017951709786140177,-0.05959237613523799,0.03502742275326342,-0.027635281942081993,0.01185768192283815,-0.023808837482924578,-0.017552961317158486,0.0319234491294213,-0.011108159686260225,-0.00752889867155959,-0.035243692614292964,-0.055906068677860854,0.005178560109666498,0.047988775649797415,0.03909269315846616,0.004075105817804126
SPORT,-0.21029957975890556,-0.15618710124069982,0.21791653927951718,0.03612998916008856,-0.006221223299803799,0.01224194186671042,0.0039436957434177975,0.02105626802349562,-0.01330868250977532,-0.001829343597299287,-0.009466936556513495,0.01759159288825586,0.015663334134343797,-0.009955147795627691,-0.008497348458614055,-0.0018259221555950234,0.013607504878603096,0.011504648324324941,0.0097350900699545,0.07332084530350295,-0.06768177955758338,0.05786273571883281,0.011512113798077478,-0.031700752503799216,-0.00231183413499633,-0.02242047345875557,0.059980092545788184,-0.06754385730365264,-0.13554194037280665,0.03338494812321067,-0.14078940345912144,0.05110622248448295,-0.11921249850648596,-0.12862723931959558,-0.10427159333844598,-0.03350578232045949,0.07267247713117415,0.043247131149550234,-0.16723740073613086,0.11925062565040392,-0.11538662417457451,0.12643957632356037,-0.012767244062033908,-0.14177291988633295,0.0438045251769175,-0.15779762350069693,-0.053808714166083224,-0.0418898782192624,0.10348257192508271,-0.05665237487100767
FINANCE,-0.007979422080265702,0.06914111446570582,-0.14019579046530742,0.14479880186901486,-0.1942489489291904,-0.3300408908209951,-0.26806493848220814,0.2941327838766924,0.24742546425166942,0.17300274049329617,0.07366888193647761,0.049481936789031074,-0.0063498824160582445,0.05531445166323275,0.025796719108219887,-0.008234115529614417,-0.099919245454501,-0.08096804459703591,-0.010280079951200663,-0.013692927411280493,-0.08697102604098199,-0.022533360156887703,-0.01044771234429882,-0.00496703620436234,0.04197891769560216,-0.027547399027728903,-0.000842074841314065,0.01182494679393704,0.034164393827788714,-0.03817580863933565,-0.018344706841024124,-0.05349337771402538,-0.006635639318940794,-0.015423700220020887,0.007757005204809943,0.019764159245550496,-0.0320997869361529,-0.01590816983001037,0.048556136792381424,0.021323715348627648,0.025359076996786852,0.09346649136393724,-0.03343801727097791,0.12340834647703237,0.06778702861606134,0.014047965956907675,-0.045244503037608755,0.05154057235519577,-0.029430574869336527,0.034501508931053866
FINANCE,0.12742063033346135,0.6272575328560741,0.39788322148615046,-0.1349611097878146,0.017724936497207223,0.0476575080941905,-0.05585702373039122,-0.00403089980050362,0.009729865591140965,-0.00842362351572304,-0.005526724255560324,-0.021026351270094314,-0.02729920020175543,0.0038787806489223448,-0.0015650533330967878,-0.025470780275982194,-0.01951544725342863,-0.009506999682602634,0.001620802631076243,-0.01210738290092829,-0.055927157944697256,-0.026240523791440838,0.011923083287057034,-0.002581897506729926,0.039661162459244524,-0.0055561116126056015,-0.01592871946155839,-0.03761972033333395,0.031043235350120445,-0.018136850883230013,-0.0018901135955962229,-0.020963386531165185,0.0012557727894157212,-0.004218630508841999,-0.00957552094785187,-0.06476804759361196,0.024642018992849,-0.03673311698620143,0.022927195991753246,-0.059741574202543626,-0.0018848283692052361,0.029377781961360063,-0.001791876128819942,-0.015384034392243805,-0.041822568537892124,-0.05386696554646698,0.0362877079275883,-0.01084989642683079,0.036289648822119935,0.003660179068668748
FINANCE,-0.018133417909226977,0.10573384655063252,-0.14212084533875513,0.4166049489524687,0.6084073028285933,0.10265498184197207,-0.023552150730446465,0.09261597868557071,0.017559924486175025,0.01801532722307425,0.020654387430147147,0.010837857972591113,0.04584247671054249,-0.002471759055637118,0.011520324990661657,-0.0365924376355218,-0.007996123713067073,-0.031743153137761694,-0.004443994458612712,-0.011095190427594433,-0.024165558120602986,-0.00602602936596569,-0.020010459431523873,0.0008175161845426117,-0.021067854380992977,0.0024214106281212934,-0.00998678796668995,0.045946143562834,0.028413923556311595,-0.012023706791625505,0.019982188601703747,-0.009182945574450038,-0.03743966095427675,0.03413206061556608,-0.04101589568844322,0.11836193197004319,0.0725106341200463,0.08238258760295465,0.14444571974152137,-0.16277744403990252,-0.1269773516196925,-0.0005503617765522405,-0.08601998417939728,-0.04115752583573734,0.005210325377689155,-0.08959030706411977,0.023040443635008245,-0.06301258102210475,-0.028362699669047454,0.051313416961023615
SPORT,-0.023187721882705896,0.04342354286002375,-0.0986041031346182,0.03338875230172509,-0.0980603765268487,0.03171511699655151,-0.030557773452443794,-0.0024240023596458905,-0.08994512977203488,-0.028938739958360674,0.08433811301720957,0.008234438105894408,0.05510256477999441,-0.014622225416746092,0.00605542542708848,-0.06722215704913775,0.01805204513893107,0.0804690803285273,0.03822407340433897,0.03243522805943643,0.05076936400830497,-0.07356807555919309,-0.022553593220938757,-0.01772125329715132,-0.09008785775878099,-0.007713694004971528,-0.002766060029360826,-0.11081298444229118,0.1301887255790024,0.0025948572417509507,-0.018658623673376718,-0.04664091286263216,-0.040845753177652405,0.058768307029515764,-0.03487121144837019,-0.03081477887561264,0.11952022455129514,0.05298092362070919,-0.14478768657821944,0.003141000096897788,0.016335942653273705,-0.07978842002938967,-0.0896717606043513,-0.10883133333439886,-0.0410863177087465,0.030837868476243573,0.010059030306836034,0.13203822290293016,-0.0309055988904548,-0.03029004552546748
FINANCE,-0.008275379067654822,0.019965004173383007,-0.05836365503424921,0.05629087813964674,-0.023736519671617752,-0.064020641693238,0.01141560437710979,-0.07730890308320151,-0.011849540007801801,-0.012261216959446717,-0.060755748727857085,-0.033469864230184145,-0.04656376955196757,0.04038944921138131,-0.028244353149537972,0.054337072129085826,0.020285234453758377,-0.06577693098620217,0.01275230149852958,0.022231756329016524,-0.039107420671280056,-0.0038730674226452122,-0.01765015122370032,0.03984156526073829,0.0488816162170789,-0.14612929571607125,0.016018774564920384,-0.028567831122979555,0.016984202401352875,0.01299732531738211,-0.04680665541058329,0.015409851269171018,0.020605192044768114,-0.02338264815818961,0.030147153307831017,0.12950142606224926,0.051782179624259454,0.06913563474257366,-0.14069464225810868,-0.030030879179614566,0.20339844627460352,0.1076607768348846,0.08452578008186701,-0.17374300594227796,-0.09611564588506266,0.054231396209714,0.2422725533421561,0.3240118809961697,-0.14343116078729218,-0.03683395276471198
FINANCE,0.030077919162398273,0.03216459992504773,-0.046873277191661976,0.07019855108065477,0.011572277633294891,-0.06626096956197071,0.08370132105618663,0.05067129104834713,0.03438497999964044,0.03194568329892801,-0.005130818269901766,0.04937587945459882,-0.05627278021627994,-0.05923191944560249,-0.006031675369416564,0.1006999284758742,0.06797368444779935,0.043430075135949674,0.11750741066312946,-0.027122318351322346,0.4129090139321222,0.4659233628690821,-0.27726132252209157,-0.27221414517415776,0.06248999350770449,-0.2841021627729931,0.001068530695767751,-0.12688257469978603,-0.016991520654484324,-0.03408320465796408,0.0848443900492118,-0.02477368535608342,0.0209990406383676,0.0545222102925559,-0.04512108671407328,-0.06125341257995645,-0.092878978621849,-0.05138704053844206,0.04538280395528456,-0.0719078236291911,0.02073422717343145,0.011016911494363745,-0.02153992488797642,0.012493206035351923,-0.02741983912143432,-0.014379122675364302,0.04008168079801577,0.006855914419433323,0.032840408765114563,-0.0049536457967053905
FINANCE,0.6635605893213035,-0.3685599317568321,0.1614666752697473,-0.048326702980528116,0.0503953441351856,0.07458660830102325,-0.11125872459024987,-0.00400119367742876,0.007868413256154713,0.02719246628811577,0.021251358536257908,0.013655083253620139,-0.016073041587920254,0.03275525433675549,-0.057905270378141936,-0.018490400738809504,-0.0073346387417129524,0.0006003790564982462,-0.009258665883424742,0.008622919078547025,0.001993397436368002,0.005579398676725706,-0.005577995937983595,0.004127123759890088,-0.004115069284688437,-0.013482399222335593,0.0019359412854771853,0.0050360522321871975,-0.012923705776224054,-0.007095756658660569,-0.01538455232366573,-0.0030542050077855694,-0.011509187767635291,-0.0016267435989735645,0.012645598437002152,0.025080239148631032,-0.008308637047256774,-0.016632126931664597,-0.00849126695348117,0.02522741436589185,-0.011855657058124018,-0.04630352965073565,0.014544220625531668,-0.004418078986126116,0.03672999829791353,-0.01712099046192954,-0.01674681810496688,-0.04330568517833197,-0.06213447891674438,-0.03421918750021767
FINANCE,0.0038737305969305746,0.07427022678170918,-0.0675698622954964,0.09101513633402471,-0.0755435834955832,-0.10316417600654745,-0.018173416298913357,-0.084186019377763,-0.0978523225529996,-0.11563466748301185,-0.0870187656024822,-0.10843483662934865,0.10181152642488613,0.08019489431354206,-0.22184104550950012,0.04997784760957525,-0.005329416278980521,0.18470493440544117,0.09034858420470888,0.04931148647706842,0.08746832418368652,0.017412437259028534,-0.027245890812846806,0.03727607401319257,-0.021821923533862322,0.1233078309753398,-0.009802544086795987,0.00583242148213049,-0.03104867887149237,-0.013870628026793543,-0.009630902222530883,-0.022313459891388186,0.03911810864822328,-0.022538321638753165,0.01706701569610748,0.006422852500408097,-0.07475107978353977,-0.02015377527098795,0.047664432806771906,0.05446258156828351,0.021009801995415057,8.1937307273197e-05,-0.07103182643716346,0.09025116729137399,0.1711429759544054,-0.07223990342698987,-0.1311246774764976,0.05082574093079178,-0.027066293903291613,0.136460651833415
SPORT,-0.08120752193315205,-0.01865632112628294,-0.1273926200819503,-0.15585104999684182,0.0333164818749768,0.05830028704427833,0.03006014924927941,-0.22610628690398174,0.35394591822203353,-0.10044681593671566,0.11070277253229936,-0.0006831317844619777,0.029390545514080747,0.03242462266817123,-0.02161617613570102,0.03601695128738142,-0.005566565845822983,-0.02161709235077084,-0.01903444755969393,0.10949836114046278,-0.019628872134991544,-0.13954915185329123,-0.12038401775133038,-0.08056548885218069,-0.06959454691658425,-0.007639880692832183,-0.025472753449720404,-0.017531711509192863,-0.1444750415769631,-0.057670130778152175,-0.0017393642188926865,-0.10183186619721131,0.1295045709426667,-0.011058473286601062,-0.11811337427830834,0.006510193975009767,-0.009256950642291747,0.07451440075234249,0.023789805996366178,0.05924441304852096,0.08216010671497553,-0.05467655645417624,-0.11927102258281293,-0.08334976259155424,-0.011780046666868025,0.02162215199579812,-0.025219035148883354,-0.050884107740481375,-0.017070947001110694,0.018594738431569523
FINANCE,0.05162389603341173,-0.028138615749333795,-0.042712675790524464,0.04522539031111715,-0.042854956215796006,-0.06807966099338998,0.19609958451290418,-0.012118239813396135,0.026284992415919032,0.02908207191541553,-0.043598351388166375,-0.14834678535875814,-0.20274719547681713,-0.28730781660666965,0.03384512292221826,-0.1426503933102223,-0.017205005270633577,-0.05575291138604504,-0.10427040516195159,-0.006616106009044456,-0.061757675353990286,0.028084879126212478,-0.18406202070068842,0.2903312127820062,0.04891999808794149,0.07370110953267275,-0.10561003337814157,-0.24652405784425346,0.06471427765464123,-0.1025194198536138,-0.06531877265824404,0.11200905780841725,0.06275469497921954,0.06573838526297818,-0.08409544840781748,0.06799441002728901,-0.031242041457869,-0.06959431408701833,-0.0037439667337973107,-0.00408058727371771,-0.04965997010759779,0.004369065899670323,-0.0037352839442910415,0.02843265146195284,0.06520553929952834,-0.11309761169533146,-0.04905356758629523,0.02507219539298743,-0.16253464797042047,0.027494384002729442
SPORT,-0.016372383555958932,0.013640487080553699,-0.09042037947394171,0.029014429736810014,-0.05754287722859058,0.014053666223868036,-0.014037838132649668,-0.09469742585085633,-0.12318886227151617,0.04182730138061166,0.13238040095127218,-0.02066870404264969,-0.062235676777997954,-0.03369687139592161,-0.051271448704356695,0.11103179990575028,-0.012702617935321164,-0.04185272862022023,-0.10861588471682398,0.01659709097115434,0.030988661574158527,-0.0026256552677610618,0.013569880012942279,-0.01018677419035533,-0.027364895794266847,0.017500344132628465,0.013481025076082264,0.07605730740882885,0.0780379709075302,-0.029789843533375045,-0.11032495851993972,-0.007130345135710727,-0.07984257172568131,-0.11728972835883922,0.00975086143579336,-0.08945423195813798,0.06902449020538001,0.07746771372102917,0.04271091780182939,0.027754465981361685,0.14282168444707236,0.03283675376357477,-0.10956311745493497,-0.08161868818940715,-0.1247558699402578,-0.09248909864797641,0.08631561098820163,0.018606499413118656,-0.04177617109957177,-0.09255443828967704
FINANCE,-0.0007656623406774959,0.12165258148606838,-0.04393967252736347,0.16743647944005433,0.21404500104563579,0.010762516742247876,-0.01863017933348739,-0.0011864142652326815,0.008210175979534603,-0.004164232698586608,0.019440641619813823,-0.07374651130433985,-0.010969812376816872,-0.021705952862512347,-0.016321751178508134,0.028294473847741124,-0.0048421549779796205,0.08463284373346132,0.01635352005297252,0.031179318445353814,0.04181276584455796,-0.013503685258878635,-0.01013934285678407,0.04441967317739015,-0.031211128855563784,0.016177797314983217,0.03683960012369556,0.03811870762117019,-0.006831596256735437,-0.02377406627644512,0.001290304845699978,-0.01625401759895256,0.006448988164119363,-0.08356567282848375,0.023576635994835327,-0.21978410578837765,-0.06286995992509951,-0.1517697010538083,-0.1337566398388805,0.20292259437882632,0.2267319677910593,0.08499533045989185,0.07197215955272436,0.010165191533576395,0.009853509541445503,0.07091618136334372,-0.03170300240145925,-0.1390691774180482,-0.17070616555579007,0.01842279568968874
FINANCE,0.024003396296655665,0.11343100005423971,-0.05413710581218987,0.10674600380097742,-0.13788938423256825,-0.16930797842406184,-0.0023233234567766104,-0.03948503017531362,-0.1072532046436783,-0.06939724622985698,0.03585391168482626,-0.41977483777838787,0.36389477335085957,0.09782775135465542,-0.39778136914950574,-0.0059577687613596485,-0.05606566595340819,0.18660418120568525,0.1811985701333096,-0.15698266811850026,-0.2867987727538414,0.020251338062304867,-0.08779032986528564,-0.10016248230223365,0.005055742845993569,-0.14266100314289815,0.038010905753905526,-0.007479033352093976,0.12131109197573316,-0.05594703196739554,0.0683801623624803,-0.03606484476756276,0.019332089237312645,0.051875890735395135,-0.0013778211330743194,0.15041179067369106,-0.051298261018601535,-0.06844576316348429,0.03986892610234534,0.12498823912749253,-0.10103414958055994,-0.024188130958288437,-0.042693071533966974,-0.005519070134433544,-0.0498380438422899,0.018543764884995862,-0.03823250452428932,0.039532083353683196,-0.03513654231284458,-0.04299356571960628
FINANCE,0.019536470292060945,0.09757251105113325,-0.05944066242909415,0.09992325042363842,-0.12574094200803634,-0.1631562797579802,-0.0006192378395850492,-0.041376082630555755,-0.10099958425782843,-0.06379247538671083,0.041668634429716876,-0.41074741346045,0.3549027893677263,0.07111058544743674,-0.3813912408545417,-0.011226778839657824,-0.060040360339986394,0.18313207084862865,0.1842286276822882,-0.16891833892137023,-0.2987258581622311,0.021382542097644598,-0.08893420622494037,-0.10831263599092808,0.008437013623996424,-0.1617032330156413,0.04320942350463939,-0.010471119960086836,0.12703370016337523,-0.05721116368294089,0.07681227085366811,-0.03715191010623115,0.011720953403297693,0.05013002611524932,0.005556140657471468,0.15805361961936107,-0.04261632403371359,-0.06750536106124017,0.043935688081204474,0.13226525026134842,-0.11044590114442815,-0.03359083295213105,-0.03569787175799549,-0.012196960131849798,-0.05964309735201353,0.02347221965850183,-0.03132926474472398,0.02624238352341416,-0.033191970423956434,-0.05584161325862701
FINANCE,0.04009339385331581,0.020997194140901936,-0.03522015076275699,0.03969933660426525,-0.05347024289504836,-0.0348023942244066,0.17206403682893398,0.02048493262609153,-0.022013934482056272,0.025964600286729714,0.056517820526112726,-0.25284699193995597,0.1055580742914364,0.14006566706699067,-0.06645555403937858,-0.02958544329986335,0.06357901698592441,-0.0856545473631955,0.02430510400305492,-0.053388994283894715,-0.11317676857401131,-0.03397834910994379,0.059645709369163774,-0.10091867353821748,-0.006146989044104913,-0.1131997173179706,0.0549955270264288,0.025690173513804787,-0.04609248436042034,0.09158558713122004,-0.07112879833444943,-0.034696802151376244,-0.01713921375515626,-0.045248686654680396,-0.07761485933591032,-0.22390777309006438,0.12470951843334428,0.015122641478875204,0.019123336550560126,-0.06663712139504199,0.0966835629243957,0.08643387612204351,-0.03497568726379057,0.09110245526298949,-0.040013478747696465,-0.0183124103360856,0.022374207295335485,-0.005170851445764122,-0.005456188388406801,-0.11242026084554381
FINANCE,-0.021996642126591744,0.09016307360310083,-0.11344321503028612,0.3195073223523601,0.48908710030507957,0.09333111640112797,-0.008166305965969125,0.039828633523172806,0.03718392612039321,-0.006628185590337606,0.015614653360806266,0.013237260151194077,0.025038323551886493,0.002102929965727306,0.03749880232223021,-0.025424135583098924,-0.00017097297650689293,-0.03738865229839749,-0.017212500605534118,-0.022961766646311724,-0.034555697649230534,-0.004332747183163058,0.0015859771148445778,-0.025084124363218628,0.02065274679831357,0.013318353223073929,-0.009020843253826768,-0.027919376442801323,0.005244607102674317,0.0402254949288883,-0.01821131481829465,0.0497627454372339,-0.0002271094446245267,0.05532091455451884,-0.027139666824699007,0.1258160529490083,0.06311411318329707,0.14195663904729267,0.11142428949912156,-0.12839702756937996,-0.2053720900484662,-0.09168019690810966,-0.05907261405358416,-0.009320099039849867,0.014677035233021867,0.022258124051007227,0.015548331553217472,0.09485942635441409,0.10186796281838019,0.0450598034840092
SPORT,-0.12455945841220503,-0.044343135151928094,-0.18656481609108555,-0.5547362860469904,0.28740383234179473,-0.1790790951397319,-0.017300610672687795,0.1272089495022785,-0.07773984228576737,-0.042074666421772065,-0.011124824249976678,-0.009992151051186404,0.018595298426139946,0.00832283249305212,-0.007245668493351876,-0.044627965863675956,-0.021536726129151085,0.01683465287409276,0.005369039096940309,-0.04769515587803805,0.04187882333537595,-0.043664051064985034,0.012572589596055823,0.01986766564912934,0.01279302755816211,-0.021657573697911388,0.0055357447423441605,-0.020888708350278094,-0.07578153051448229,0.00808558453864301,-0.049336010200032365,-0.008481047961694124,-5.950564225173951e-05,-0.07615075725127422,0.006026889629276484,0.032754264380640295,-0.03566926190058317,0.004637494944586025,-0.009196491016668619,-0.061394648476954194,-0.02122042860686424,-0.04705341135247601,0.03546667744089517,-0.012681748096325421,-0.025414629706234294,-0.03893701650658322,0.0013347456955353208,0.04172027580095269,-0.07409568218104216,0.034244477990757825
FINANCE,-0.024405107250954235,0.12130602646242465,-0.12637264164107337,0.40642542039188745,0.5851744042873483,0.09492769843263343,-0.023501934068435273,0.06943496601684161,0.0218803729278972,-0.02387815614287849,0.007338624129188512,-0.047076288577970984,0.02256383346101427,0.03290207449827663,0.02628114079977313,0.006224697782539527,-0.007421197362670958,0.06686316439383458,-0.006338297384808461,0.015341050904358748,0.02042006191090631,-0.011758386796475168,0.0009593462695806821,0.015253275924255367,0.004564851608578295,0.023957892856161848,-0.01645349277070053,-0.009006931818676813,-0.022923387560064724,-0.01977797050424119,-0.016785580068389056,-0.02764347834041473,0.014928158036645487,-0.06111656363191424,0.01694516533491745,-0.09025797852967692,-0.09922794000277167,-0.12628078655504324,-0.1198618073385206,0.15540141603453358,0.12164366673802003,0.008031439605779938,0.07172938887761075,0.01903182804748724,-0.02169365913837993,0.017188305790051865,-0.01669337004060045,0.017909098148662584,0.007803947357763602,-0.03731198334916381
SPORT,-0.03445684516152038,0.033509565679399986,-0.1524170254682836,0.046807907298851835,-0.14918348389458627,0.12872976458411628,-0.0669504275767894,0.02454430037868093,-0.15497449294839322,0.026412616147508904,0.21779177291003168,0.09647884912630308,-0.02793395539623582,0.04664877476244754,0.1207019576086743,-0.1493036236312698,-0.03631670954017302,0.1155089615584536,0.014450991406240855,-0.03628123522349149,0.10930554632664151,-0.10903646733039303,0.029992825911515843,-0.019066262266442455,-0.120131955703243,-0.07611553500706571,0.005670834686326155,-0.13286482903339214,0.12207780054862401,0.014440967525484554,-0.07724451160641048,0.03642237267601771,0.0790478155312045,-0.1351055242124406,-0.2493350068981083,0.10036109148787138,-0.014314896245963035,-0.022379801410573802,0.15668850219968428,0.15577398990947916,0.062083509694197334,0.09201534197392165,-0.004343140755588022,0.19952072324909978,-0.002650542453275213,0.09648286522183261,0.19853489660875023,0.03759757391019678,-0.04428953540053121,0.145720535859758
FINANCE,0.011521342715284709,0.07624307972619943,-0.051456800798327804,0.06944931906995135,-0.026003382207375504,-0.057953624383659946,-0.02798272095121768,-0.060489934177767754,-0.07945376330201971,-0.10018207782199137,-0.05956326680071482,0.051282363797263045,0.05827297028516663,-0.014529484235963109,-0.16926451880331236,-0.09012614470191918,0.12526371135147474,-0.08108455398323572,-0.02347035436023132,0.02802131582872942,0.021314072947526467,0.019171738999395758,0.029550048812536495,0.03143090126136772,0.010817953512483804,0.03634385580823017,-0.003953343088807802,0.0012558019110619958,-0.04180243423061622,0.08004901998878479,0.007349141037525046,0.0739829098428086,0.03374781812225176,-0.010722197064638093,-0.013444666229374541,0.12261374876160935,0.07224371755169563,0.11164501631432817,0.015540010443525971,-0.026376057601254232,0.09745154002124656,0.11687580018516086,0.060281228397636485,-0.0446990219740394,-0.04345918681104972,0.12795354888670316,-0.023880194023462354,0.15050895540842776,-0.08091190668312798,-0.05801724876052836
SPORT,-0.10641328464402515,-0.05521637180422924,-0.16377378311379737,-0.5207718283889948,0.2681119035772844,-0.14776235910809962,-0.026014748349834492,0.10412766370825856,-0.07794315571441125,-0.03995280473787335,-0.012047024829222984,-0.012919791741288192,0.027389164687552262,0.01469337870019148,-0.006487479411509824,-0.001543090345295236,-0.023581734151648003,-0.025580626533147757,0.0467763066650639,-0.03771210882890556,0.037509447592426845,-0.017027942713372848,0.009881221542046223,0.031202924696982753,0.004212202571524384,0.033158088266540736,0.01934152638293449,-0.004560173535326267,0.011328028514850923,0.0009749937815040367,0.1216771253305603,0.0880705716157552,-0.026467838096484272,-0.054090278478528375,-0.0995967900699345,-0.017979391270875163,0.00036089619181170355,0.005876389413211089,-0.008526931057754393,-0.060014059336592616,0.07401015617154151,-0.0010188134505895476,-0.017063364037505486,0.007275673905917033,-0.02828690240598583,-0.08430774567967818,-0.028702140677903214,-0.008425270081351506,-0.03485255664023478,-0.034989089776022705
FINANCE,-0.0007365118036564734,0.03754450946336662,-0.04703256635842438,0.04148174573293613,-0.012880769857687466,-0.023335883895841673,-0.023098224683857943,-0.051894475738149454,-0.024176859168601232,0.01667729620251711,0.044850381626143146,-0.013377215385353127,-0.025239346815653364,-0.01383046303040359,-0.03347866756932272,0.07565417476684537,-0.0026832111696806107,-0.04534176811369179,-0.03319258219342588,-0.042823563951607385,-0.05579143257309994,0.04775274239691852,-0.04044792295766147,-0.025088548130297973,-0.022058781929914947,-0.0008993805300897709,0.003151368596109696,-0.07544258367520981,-0.07930137346365225,-0.03779914628789898,0.027757780847057805,0.0278412344375647,0.017827111245428157,0.10243719094818148,0.059482011268308745,-0.024843934482660673,0.04298752313295823,0.0979025591411613,-0.07319771300480052,-0.05660483133730105,-0.10011263706512734,0.010045570842847412,-0.014342114094997827,-0.003703331944880597,-0.12210185592095464,0.029244232311872714,-0.09581368989336286,-0.3323091378961363,-0.001072029242859219,0.04116353050764056
FINANCE,-0.027270040356212055,-0.002413239095750653,-0.05248255996415786,0.03459980964973765,0.006942890870543764,-0.03708664470328569,0.031022480915802352,-0.10404406270218669,-0.050281758820300324,0.03689795438835354,-0.043402825964067394,-0.06840936503795335,-0.06511982754877482,0.04119194018553922,-0.09036253422000724,0.13150385404987364,-0.006673267893358144,0.014100603579425183,0.04564415420070761,0.06810803981258504,0.0945658774039787,-0.011794148576821619,0.061463697049320365,0.11661901848035988,-0.0028923063135496605,-0.10353705852394049,0.01865755807482473,0.05719831770771933,-0.01808207033306156,0.05152119088225856,-0.20186753602868934,0.03141904840090262,0.015322269241142127,-0.033395553441694446,-0.008726506798683453,-0.03151392660406406,0.12854759191805246,0.04559035989764994,0.27212156579821095,0.0600587872594167,0.23181714463177513,0.015129686998746604,-0.09735206507969779,0.008313058340458701,-0.0625067862689971,-0.002402939877655132,-0.12075826880571912,-0.044205769425801414,-0.19469579972283918,-0.03456638626402722
FINANCE,0.27472054510423355,0.2824204898038688,0.26650605831274826,-0.06922667515062372,-0.028543115009797903,-0.014860724477718072,0.24379363411953162,0.14513324478715503,0.063858706619489,0.037901855791663816,0.04378932243586765,0.054156571818884475,-0.029761212782888975,0.0030831130510553576,0.083431283625645,0.04481269619407562,0.046987829011044674,0.08573942919351168,0.014148149217053724,0.06141444102157004,0.2303974497769802,0.1110043632232269,-0.042858543761298794,-0.08236568655316345,-0.0747997964184949,0.07781103867534096,0.010253262985671321,0.10266871464973534,-0.007768233448953127,0.01930517756829228,0.060349667051266466,-0.05471304044953362,0.005056618915521458,-0.010798520341111685,0.05097227803720563,0.3656268895322558,-0.05907884958619169,0.11372382673131119,-0.029486753886410588,0.19201858725586876,0.03961817505059887,-0.014447268485278282,0.05892758090844227,-0.0059603350886440485,0.049494797389343044,0.016470567907533956,-0.12326849665982896,-0.04476837239084975,-0.07286613943958113,-0.051734041214409776
SPORT,-0.07094778125563032,-0.014792827297133033,-0.12996355786843847,-0.16596719752471137,0.03382890990356223,0.03866135915071038,0.02260920181981949,-0.18580403219166705,0.288557047657557,-0.08740437530220471,0.10241564703740792,0.00867081720531731,0.02812334482978732,0.025848749440612835,-0.015636607795474943,0.010764305709460947,0.0003726038440714665,-0.0001670748725100092,0.005033902788643486,0.05435248589058091,-0.023288487900781127,-0.0451705698060616,-0.059915388804594294,-0.04427610340850365,-0.082537128692322,0.007997068313045745,-0.05792155982612881,0.0210062247520811,-0.1002763449968057,-0.08695610115407974,0.04658919580709873,-0.08752380870945481,0.14840424771123648,0.007457754639553675,-0.08559469668133618,-0.019197650602486377,0.013317056489786133,0.01000975810542996,-0.02092504605637833,0.0911095503905353,-0.048292052249285324,-0.043635759478529976,-0.1264207785724709,-0.023251114305903587,0.0002986360879992996,0.026448387962981188,-0.03600239178600638,-0.09821417280054337,0.015811459234379214,-0.05848585974482199
SPORT,-0.031465064622009126,-5.760344272076982e-05,-0.08951384678527845,-0.018919661659592323,-0.04727579314246853,0.07432446664822362,0.004598054189453166,-0.03518157826899579,-0.039208370892198974,0.03798109405168459,0.01950014688180757,0.008460590084569874,-0.04529041279841185,-0.003941047814252623,0.01925819472599158,-0.006104844302099662,-0.021889875510680692,0.0118560731063119,0.026762374509157465,-0.02110830237600247,-0.02029611006734774,0.012691091323476263,0.08351563088431342,0.0074405507182514815,0.017612949287238614,-0.10290758116324988,0.013856988103777078,-0.09395478219762522,-0.0331936177890786,-0.03492098515106846,-0.09014691492049196,0.11236774662399165,-0.07838050390687068,0.005698276419261152,0.020734379241520655,-0.1117097720341195,0.15386749342868286,0.12256201530242959,0.28815702052954206,0.2119584704599588,0.009563479772895907,-0.1347792043303683,0.22033619277843844,-0.20076661288283107,-0.0013739871591882636,-0.10343183715367829,-0.10940219321789568,0.09080808179590914,0.09306685155708072,0.11235053052661587
FINANCE,0.5914711413897961,-0.3369457889442224,0.12886642215535069,-0.04824083484551323,0.04712175570681013,0.07464625324763612,-0.1400644533167135,-0.019013052564334814,0.0069464067520842296,0.01404397205338493,0.010855266540068007,0.007388013195590174,-0.028478714897474777,0.031012379687223184,-0.06609902858649508,-0.00974879374466302,0.0014629413947617916,0.0026656402282882945,-0.0026928621374294644,-0.003551229860212152,-0.023635491994296567,-0.0116848780566798,-0.019721502363738954,-0.0015541382104360202,0.0002772102661014948,-0.008101723591389722,-0.004130929635848574,0.0022758205591799103,-0.009285183669687566,-0.004304176968019517,-0.014595408180834423,0.012159969366816258,-0.01506500194102896,-0.0029501969731621893,0.013918557613418255,-0.034970245698913674,-0.013822967098887988,-0.022187007176990608,0.004391789609932542,0.016777830652050633,-0.032106385751835144,-0.0779259468647741,0.03130907863387073,0.003433384794632409,0.03390902716814204,-0.012665639182279908,0.016536685631396403,-0.03833241577907389,-0.02426122767649242,-0.06204704985496107
SPORT,-0.31679679955577045,-0.25832814064264326,0.35103662691928855,0.04243690656760576,0.006660942925260144,0.01950469920846974,-0.022806730362939887,0.0643120486645924,0.010555861035365622,-0.06460564934890485,0.028311605680083094,-0.012722694260054145,-0.042205665747988695,0.014618279527581376,-0.0282279631507691,0.024924237199753976,-0.038871336786648135,-0.0702349608504099,0.04542659171156376,-0.22835743569996161,0.11775513168326808,-0.19985759573922854,-0.13091386536676294,0.0279108749577233,0.007488648811317003,0.017106112692961667,-0.03827371458328017,0.07092368583906605,0.059259011078102844,-0.010579971258991685,0.08543218351730857,-0.018553146970898722,0.11825100290811245,0.10517598351770523,0.08994062506308323,-0.033388625928204775,-0.1088297698023479,0.009345175657349108,0.07429177352012367,-0.062189154774402136,0.006574607271612818,0.012610879958446626,0.03930058172154332,-0.030965114216140087,-0.02090770358104773,0.06435685448369903,-0.01369558828447467,0.012442187135913073,0.04020500357584006,0.01633365683336588
SPORT,-0.05258466447454393,-0.01713895126812818,-0.053345754469454616,-0.024475259829547454,0.0025532892735771443,-0.014351588800158424,0.02871513876283264,-0.12602808263298101,0.013303171945375218,0.055976687603457656,0.019826291007632616,0.0078646639329982,-0.06332372696207943,-0.0322589757096811,0.009655199209048056,0.06418552754314649,0.026761337766382617,-0.3432314492101436,0.5090804573621535,0.04871065526991602,-0.08911664814016705,0.1752289364031288,0.21913561857312008,0.13026177366398126,-0.3491853073996598,0.10017102018395738,-0.11535512210112073,-0.05463486817071034,0.05260472006106508,-0.08784187879923253,-0.06710184083302324,-0.11942213180128475,0.028343974723969354,-0.09029264468180212,0.11427797910494063,0.07457991023838778,-0.13173021762687567,-0.007640154465232167,-0.010828087636515682,-0.0343937431363764,-0.007248200160656789,-0.03644765311648542,-0.009450576014864197,0.00873052999915219,-0.04428693251714877,0.021486727456768807,0.027625511431228874,0.00545005363675855,0.04872830544358544,0.007872186516487184
SPORT,-0.11565731773742204,-0.04604288515382005,-0.19503918072589116,-0.5502052436749619,0.27202899854993806,-0.14973480153968524,-0.018402505783000088,0.14653179622521606,-0.0971675920464715,-0.02948405398752024,-0.019347849087029686,-0.004649908270334275,0.016634087103651697,0.00854820266716948,-0.007906386279007683,-0.02988478231709265,-0.020512300537459394,0.03263866108139735,-0.02140371763034314,-0.009799616994565878,-0.007150606176656725,-0.014556885337825736,0.022564669592110505,0.014401687065686614,0.015495878538005511,0.006123106046086905,0.0037612048030207707,0.011804713335188947,0.023189143117627754,-0.023733464936293414,0.013751551310761497,0.008102462874185408,-0.03217551962308093,-0.019868316806507944,-0.028643248966437582,-0.009159985315869354,-0.012733062814793281,0.019125465724852655,-0.036927505214491556,0.03020117493193054,0.03720094833658209,0.036286254478512685,-0.07567847817783947,0.007110800030453253,0.010899984788963977,0.003935821290487727,0.011409063835047396,-0.06599328951474494,0.07720897963023025,-0.08385994035262859
FINANCE,0.6311715683894458,-0.34892527970927023,0.14582118825372054,-0.04462857421867414,0.06483863389020277,0.06732162410754038,-0.26880731435497696,-0.0516585441536192,0.0024904826469397587,-0.016993621490159906,-0.027477956018345438,0.007920415688087146,-0.011530266139852108,0.004700433231600954,-0.02307984317886045,-0.03266979581585717,-0.012921231024389402,0.011953814934645373,0.014311256877327434,-0.0037302569895183014,-0.030527758491195708,-0.009860838832314431,0.009826808882368908,-0.0006871890305283339,0.0033603511789422947,-0.010775238087220257,0.004462164341626922,-0.02610927946055476,0.0029713219728384125,0.0002001369323560349,-0.012005536041888388,-0.003946389651106881,0.010361971452631336,0.011063505455260835,-0.012016046123274844,-0.0437845260688175,0.007393752590856812,-0.024429880325871633,0.024352701155196492,-0.0489151629016605,-0.0074071336351867485,0.05606752897018379,-0.010537877735837893,-0.0015944776691766817,-0.028628822549364694,-0.002913748306169506,0.020751246564335687,0.02983357258870642,0.022069140641354,0.022448069202066524
SPORT,-0.03287531020985875,0.041698500020420415,-0.1519827654506536,0.060615417207481814,-0.16558410579342947,0.10831929583225863,-0.07796220792505161,-0.0032912548305848153,-0.22807862620697752,0.035802697934252094,0.31232133968903913,0.11321725759062458,0.021820080898610535,0.016839735611826962,0.13584479786123377,-0.176933141503066,-0.0056133072961062885,0.16631216015076686,0.02665338070890503,-0.0038851459317639425,0.12664107250720177,-0.143948500019336,0.042403091633451774,0.019277733258919075,-0.12692251004690686,-0.08892401918527208,0.02789271183443203,-0.1555706125484579,0.23408468576036548,0.009616811061002768,-0.040652023908758377,-0.00744881910603012,0.11660603804560198,-0.10525431563109133,-0.1881517558585612,0.0746458762309214,0.02761512659852106,-0.015225001653438697,0.062248336300248355,0.10984778127326354,0.05521983669044963,0.023784881960373063,-0.04977492067453484,0.11394818403823267,-0.022320933997803827,0.06893861942147132,0.17094345128163377,0.051017727429570836,0.04512024769760776,0.09320091781871274
SPORT,-0.054274294307450704,0.02236025035174997,-0.16065470075854177,-0.06101591547143353,-0.08786708658851222,0.32895155628754486,-0.014658713660399425,0.031035154511044858,0.19413537945248227,-0.043607679141291496,-0.09599903897147359,-0.04920534980081338,-0.020985726064217756,-0.007709430845067822,-0.06682109700798455,0.08544084087974518,0.013852911834890371,-0.07161800149962959,-0.0637552336819391,0.2112972764854885,-0.07808326392609644,-0.20460975078970572,-0.16167256281374015,-0.13087667390946853,-0.06992963176977815,-0.048887859450899976,0.019988159705800073,-0.040916553125886386,-0.20706746343303048,-0.040760122859970334,-0.1144321949279591,-0.11359178068470195,-0.024684780603165334,0.06047753721357352,-0.1547819152869832,0.07819183800475546,-0.1519958297290367,0.10791181887473826,0.020815137955587416,-0.023144374978569335,0.11797482072469877,-0.07807945332019019,-0.15194803066859808,-0.10964131661590053,0.007874333876301853,0.12541254379112154,0.02954171483833441,0.02301955492112494,0.04659892522700874,-0.03319223160691124
FINANCE,-0.010797762447546901,0.05302171641385061,-0.1267513518849013,0.13355888874171215,-0.13286946657366744,-0.25639786602944625,-0.20529796401360137,0.24670711063357242,0.1874414836817898,0.16355229272725344,0.0948423816507595,0.08617895767426462,-0.0024340938693267135,0.03442102512515985,-0.011288112012387934,0.004080425674980863,-0.09337147153607973,-0.05743086776908755,-0.000616486959946621,0.04398034239530979,-0.01227882812602567,0.007205917752887178,0.03265712252213175,-0.006172174629545487,0.04468656401360584,0.036599510502975385,0.006282637182581842,-0.05448386860629616,-0.010924668864142605,0.011270981825262903,0.02244547911858658,-0.023099588964018748,-0.037926791687267966,-0.04489279020516775,0.026835439786733334,0.008598259614416001,0.03242701131647452,0.026126599799430182,0.02756347226650648,0.061215303063887,-0.018101150893943617,-0.1041723412473103,0.02332164889529131,0.1663674422562276,0.005642247260488846,-0.02029784565130615,-0.02431527852390697,0.03307621468053488,-0.03482997722155246,-0.07696236972874076
FINANCE,0.6596261634065071,-0.3658790741701136,0.15244257008642065,-0.040799372898637956,0.060221834405427055,0.07073757670365917,-0.15503521375199175,-0.01763702996921379,0.00038000288445551604,0.008513998274236531,0.011745382084047387,0.017683948073286528,-0.017163484166730296,0.021186988764295575,-0.03211760431418816,-0.007547575419186332,-0.007939842095121509,0.014061715623157615,0.002383091257854805,-0.0011686292817498691,-0.010394783821723576,-0.0074070910429412185,-0.015700854238981345,-0.004961261953700813,0.0013793105366621276,-0.0008204793493563318,-0.002789779755412616,0.0006053923504566527,-0.0006910869276789798,-0.001213448554007906,-0.010376738018905486,-0.014213990585005864,-0.011357881188126556,0.006941780231930111,0.02635326002891144,-0.01713077471494017,0.00012127000979855019,-0.0027073358626703826,0.003048403324945538,-0.006711281037886874,-0.011374298265169922,-0.040125649986561374,0.012742247647556854,0.015379229642734117,0.008126203399768883,-0.007359707794162044,0.006036341739602599,-0.011504099183529437,-0.021701989432323,-0.020707840144083823
SPORT,-0.143276237247488,-0.10085493512054582,0.08452255807475127,-0.003938408598325728,0.010748431522097842,0.005083089721298385,0.022095540592329915,-0.1412913239932446,0.036243140581717126,0.23105431242382027,-0.11699863644105785,0.03656422133150131,0.07106535137832473,-0.008595871211798506,0.039495691618133384,-0.027613591044959786,-0.008349869325157702,-0.030891616876145948,0.04051717845543475,-0.09072888245788525,0.04423792766356248,-0.0022674107009497675,-0.013934035949011997,0.003503357277673563,0.07819797632908115,0.18823557119127968,0.644010657781851,-0.08487822033798685,-0.011071802859337154,-0.2851608667352684,-0.007631900990652932,-0.0020885445697453467,-0.01991134509491933,-0.0453220530459734,-0.045495402429775234,0.08092942663476443,0.04218310487198553,-0.12705374496846475,0.0374818312455561,-0.10173840454262564,0.10111435143245869,-0.09376176767464842,0.02015896528598591,-0.04088674086103406,0.012927704761897536,0.021749028335439846,-0.016069840670329568,0.02084879095260734,0.04346341143820864,-0.06233424522859212
SPORT,-0.2719001811852345,-0.22335434411330865,0.28856609659123245,0.04778261099989437,0.011343213670648425,0.011828643557811337,-0.004746751980241717,0.008708629866904174,-0.022177077689346448,0.02567890208672384,0.0014764915604142455,-0.003206685160642312,-0.024621082514189898,0.015623390729070099,-0.011762717258011321,0.04781275290946189,-0.024563226692454584,-0.07186406177010748,0.0010138196253195446,-0.17245466279256988,0.07204857179969386,-0.1596611022620405,-0.07596456396988391,0.028490729451212483,0.10390288984314329,0.08424972405894376,0.0822506936554183,-0.034666317864564845,0.07980146330722274,0.05937771226484109,0.089395382745913,-0.03453711724184954,0.07658000370314956,0.09970715451711203,0.12119529101314072,-0.10855591870726923,-0.24798972469126424,0.24618392920888563,0.05386663948708372,0.04438350693211004,0.027897869409264933,0.08668847078190914,-0.043017390445099765,0.06330424420139799,0.016458899421842022,-0.07927863916967318,0.07428161137389577,0.031508753740470706,0.03621059333667441,-0.13269330614177027
FINANCE,-0.011262351501804069,0.08041637697402203,-0.1281190299226238,0.34221982305572185,0.48755193628350046,0.08740210031197727,-0.012463275629766082,0.05870599138459453,0.015972807469868715,-0.006759324617687318,0.0033585537191331153,0.02408101394851563,0.01144246692348351,0.008988427385424163,0.01961709733657041,-0.02874574566899688,0.006907773632602077,-0.05107493708386001,-0.006924962678846508,-0.02245759540866161,-0.024897266992697013,-0.016058516199890415,-0.017070760933193773,-0.030994449986996648,0.006521025293591329,0.03358570192057401,-0.010981207030669187,-0.009083403586193308,0.01931636253490535,0.010432152564132715,0.0272341487247038,0.025702486587771235,-0.010159416117466341,0.06907025851556799,-0.06567538621041787,0.15018145281499232,0.09878085024588609,0.16448588284598853,0.1819454498674391,-0.17086786607956206,-0.17831861663065668,-0.05863357557477378,-0.08677035833266775,-0.034543703222149696,0.0008255116747767318,-0.021924869970602872,0.003389403098209149,0.01884439875369922,0.04739100146629808,0.056289520730203005
FINANCE,0.04003521852981039,0.02025360592863873,-0.06707385810807877,0.09928847074566163,-0.11126215746337781,-0.19032134829664757,-0.11654958768840151,-0.09122299889702984,-0.04871494352204288,-0.22606496866959117,-0.1926278631756166,-0.23733991033962645,0.3866601211792891,-0.37181475076628495,0.4259656732825102,0.16383982226300606,0.13976865468920424,-0.12794224989796207,-0.07259125028359194,0.013567431256212594,0.1508553649937493,-0.09811860541561897,0.16239805662584794,-0.0071304106038641586,0.021302122100868133,-0.10219838664346009,0.022187284787814454,0.10893769626126242,-0.028021569090314502,-0.004586950228550122,0.004642361403170846,0.008066188992101571,0.024194738892876783,-0.0021913709455707734,-0.020258891410290795,-0.005514052083044625,-0.07713493470634387,-0.05374640184500859,0.018859597299493908,0.03085987822066221,-0.0591128949938901,-0.03998368549836073,-0.01290825446343247,0.037945787163162874,0.045361882144533766,-0.0397645576369211,-0.01832246097873532,-0.015641285027472054,-0.04467298488479437,-0.007626438436102426
SPORT,-0.02437682439414051,0.04987462091591269,-0.09396534888430778,0.03776035294823595,-0.10123923253244303,0.02328085949512904,-0.04016858391025275,-0.10787236563182073,-0.2507614207624937,-0.0006355369857572392,0.29619014589636156,0.13057640098416556,0.05346758337866786,-0.031564066589475824,0.17358007769314637,-0.23639696744657765,0.04929166017200127,-0.031531335106842355,0.34401104106462127,0.1615922629231205,-0.13185526058898434,0.0019258726585810692,-0.169101728077351,0.0746553583047138,0.3290068575932214,-0.012117683737005738,-0.03803334736025305,0.2167977251668793,-0.25280152193555294,-0.039752411130612356,0.03991522308524298,0.07172917629457827,-0.010835209398794971,-0.030706844682239817,0.061431484657490806,0.011551856390875791,-0.08739212400055335,-0.01593875621161745,0.03488384995161399,-0.034647077664009956,0.041606316688176465,-0.026354143036896576,-0.004112509627952262,-0.04015859107380564,0.012763139967382668,-0.034217659037310375,-0.03532836918132438,-0.008718050770217426,-0.043882620791133975,0.03250340145206911
FINANCE,0.02476602223731947,0.12821574984381895,-0.041300714135634325,0.08472826686951299,-0.06027536435701096,-0.0968998112783164,0.07246866202913166,-0.04761576298688287,-0.09491642435064035,-0.23217566156988106,-0.23795417807608135,0.4036443275325204,0.108168457299085,0.058191628181974236,-0.38899017549400255,-0.32252279838796005,0.3129728160432682,-0.3444870340223406,-0.188051638739985,0.03881769961265887,0.07435199838996977,-0.016461618976916188,0.0178369013241105,0.015915102461097952,-0.0010868459037540602,-0.048462342223801275,0.0059385361147109945,0.07184297884105854,0.06287001144045537,-0.05149615968301841,-0.02768354431743377,-0.007044601152689909,0.01955722142505534,0.020247178486718902,-0.045312169728148846,0.006471625910341615,-0.0372459734560688,-0.07132604590605425,0.01528290766570716,0.0842896160312635,-0.010197874165858,0.02893351832535686,-0.025638140649037196,-0.005273749422082214,0.020431281817632433,-0.038062277345060035,-0.017028253397967888,-0.04198989180107854,-0.03707822265606813,0.07285081102022613
SPORT,-0.058099617547018326,-0.01635440898851611,-0.051667134336771746,-0.052433674398210464,0.011262361930329652,-0.007980085721795463,0.021677421033221296,-0.10158429799123818,0.007726852240542269,0.06661471584072572,0.005698215762257921,0.002570336542874864,-0.054833529385758965,-0.03328555692238468,0.002669133264860156,0.06844188413939518,0.025361826378730832,-0.31281378136128113,0.4749007892666301,0.08563560109612373,-0.11513151848209555,0.20229719720356784,0.21738438119723272,0.13140481557451783,-0.34159030899363774,0.1058852495006368,-0.11548939786472784,-0.055912324308846295,0.042908840519632015,-0.11095862046215672,-0.02391019006352484,-0.1272411441550294,0.053413117998531934,-0.06028246108334181,0.08373426448937976,0.047106563206409435,-0.12777770243470246,-0.02449618809224293,-0.04747079715672861,-0.02097341968719,-0.03219260229115729,-0.027215994849709713,-0.06129378851057969,0.04023460027879772,-0.04912003961010639,0.017543330798057317,0.08297974763838506,0.007381853842082625,0.08889192205524944,0.006615813088382701
SPORT,-0.005516580146819934,0.013381872539897978,-0.08440215737163545,0.008905152356507467,0.014956089636802422,0.0359962926655664,0.013419532978507294,-0.04228291018729786,-0.09317780108234239,0.02126163818288022,0.10537581596487497,0.02742074154053123,-0.052068853054489,-0.006253280108059753,0.0125988528420928,0.12985637492222843,-0.007415234790100786,-0.05079479594274321,-0.14849281884663265,0.009516459444867608,-0.05731263901883034,0.031241065114343554,-0.0716742269219305,-0.016060992240652147,-0.06779997489866431,0.04414236113330922,-0.016983842459492686,0.0189948148890028,0.09049870255825707,-0.07263124908662437,-0.027532816811460716,-0.05332566852502965,-0.05216018098925993,-0.0006108721242631651,0.13332629554821546,-0.09596515294207374,0.006393326002032484,-0.035028498011416304,0.008594491225386315,-0.011209962526695537,0.14651482752358702,-0.1559458277019631,-0.10990729082519723,0.13407354415351563,-0.17562755459699517,-0.1942467607622525,0.10586917905709335,-0.00620308916735451,-0.025308109763573217,-0.01617794664646291
SPORT,-0.16785402611758965,-0.11993752370574963,0.12645500979876867,0.014937818606738366,-0.014729047159625133,0.002417578384688481,0.013791301636032212,-0.027285355200778932,-0.017780004116347923,0.08615111114395488,-0.03668105398279665,0.006019102731077621,0.009815062328523241,-0.02385923724753011,0.02839496595536,0.02294853439314614,0.02390666361490852,-0.019924964894903828,0.025856375391600257,0.1386444861598432,-0.06647840713841931,0.11231286336038449,0.0505098451289339,-0.0025104374338544796,0.02752553085547675,0.07959243409367596,0.12279273504847509,-0.08272215517872764,0.051273964616043985,0.06789537538481366,0.05528491016334302,-0.026866379786982586,-0.06509949804953573,0.07424503442213161,0.018660582184620536,-0.044215808544581466,-0.1022777931198127,0.07845248007334989,-0.04824911774822359,0.08216981904067129,-0.1279363644443132,0.13591142704341036,-0.014108649069671506,0.1229446604189079,-0.08099315498566056,-0.1037940940795756,0.16983814171375386,0.05633340986878959,-0.008490406778504723,0.18335117277402058
FINANCE,0.14363126733864262,0.7005711311753835,0.4604628142468117,-0.16103800352852327,0.011944443740567103,0.05763530753285916,-0.06249069383866374,0.005883639852486682,0.010492655829538957,0.011250540165670009,0.015658766827574333,-0.02246042066930442,-0.008624015330074893,0.0057084946676098265,0.015720675156926215,-0.0012166805578682756,-0.030499033967357973,0.0032864456737602596,-0.0031173415883828624,-0.01234245447684838,-0.0389737420256287,-0.01699279026110834,-0.0001550248309640034,0.02123357370760409,0.01196830155177386,0.0009065690790686781,-0.00532099524993353,-0.011791586264334335,0.014846771665404374,-0.009710936106476706,-0.00441814530762299,0.004454068889424414,0.006174039719143156,-0.0005908657365779504,-0.0025297407975924916,-0.04584540264473517,-0.0014707313772668949,-0.02321375145108304,0.01044681566809499,-0.04860602748996241,-0.005254659953430775,-0.001339449792216426,0.005708880573285262,-0.012115825052800244,-0.026771665032972323,-0.01881664369787513,0.02914898262561687,-0.027979583827504127,0.015535566691341044,0.00043807858623454653
SPORT,-0.06974337344020076,0.01335356072543808,-0.18860195921313472,-0.1242253753593376,-0.10196584274843105,0.34892983604631855,-0.008119703338520823,-0.053218699700913544,0.3271645797115263,-0.12008437146832608,-0.04474948672234832,-0.032330442884971895,0.0033305664895612987,0.011475117932275356,-0.0413829850422203,0.05888675607517036,2.093899852632773e-06,-0.027082948758137017,-0.06909465500234684,0.1423833000258489,-0.05288935777237993,-0.15911496294436528,-0.1471566113269654,-0.0811802447873149,-0.08858436242363076,-0.026131953615499644,-0.03283168482521941,-0.0017762245461680787,-0.1476781593414875,-0.08954304903571499,0.02074586514158497,0.024944192716901844,-0.03828295710614859,-0.058855535043625694,-0.02379439296357498,0.04522296594421018,-0.11565825434819474,0.030805022428224967,0.06094810064048311,0.038427131230488604,0.03564276804780483,-0.012842627281543586,-0.03749859508945349,-0.032231905020659334,-0.00048207073748603597,0.04531558873982557,-0.0023286615876505546,-0.01274171407293836,-0.00803069524435047,0.012254358879670128
SPORT,-0.029733143705047486,-0.008954179776522016,-0.033206648251211904,-0.0029546739403424342,0.0005268761185174887,-0.014274177726545722,0.021854593473307697,-0.09109375612054799,0.013816714727285693,0.039694406217328115,0.0020955696505637893,0.0028132871985681427,-0.06386576280599375,-0.013103024364987384,-0.006747883378514435,0.05727399239128867,0.03625030338433677,-0.18933011195643906,0.26038603556566936,-0.008470204573722294,-0.015755201162971556,0.08429518172357921,0.10047005003303314,0.0397114073539696,-0.16498279427306223,0.019223743498800516,-0.025646942947683323,-0.040044895801945625,0.02852617376413346,0.032977993208467817,-0.0623107950050449,-0.08750998260517259,0.06197825734469777,-0.0702031334297546,0.0544726387667151,-0.017074192196973592,-0.04932819406080617,0.043226705641102314,0.08404576704020722,-0.06483165303220609,0.016684307132159275,-0.06448768957530153,0.09266908443220152,-0.029760031091005175,0.04075285504611206,0.03692357526301758,-0.1340248215745713,0.024450343979228163,-0.144614877423616,-0.028114971178457977
SPORT,-0.06479618601311073,-0.02638501712065266,-0.07354527532157243,-0.10646435951196978,0.03455492484525838,-0.008363140035234924,0.04741517031509388,-0.2425508051063661,0.29480474161740416,-0.06473322607374149,0.10985795040823085,0.02541137192650682,0.03147631578065875,0.009684877547454349,0.0027378155910870493,-0.038574403278202524,0.026234001606761266,0.02027170722799289,-0.03584573223921956,-0.008765228224438993,0.0016984183111923283,-0.04549043473950614,-0.024462972747722637,-0.04301642088763596,-0.0037127784651035454,-0.03686585049239514,0.0225996464500087,-0.039271295724575835,-0.1630571564282057,-0.07632521034886071,0.0712688156827726,-0.17161523678249957,0.4439574681428528,-0.1834519145887987,0.03533057444844055,-0.05547676104523892,0.2371183479003514,0.021414502892594414,-0.03731226253675574,-0.031092717397510218,-0.11177676798302384,0.11319856989696923,0.14737690800886968,0.10166453925851736,-0.006659408709313067,-0.10203799331723724,0.02218776119341325,0.009379271124309455,-0.04186521033665344,0.0021401102996130624
SPORT,-0.10585420754965956,-0.056756666060728274,0.05936995784159927,0.048450999585982646,-0.019555953721417576,-0.003144871840571629,0.006299926722052981,-0.035149335781712525,-0.00808597721123987,0.06351016588570513,-0.03386761818569671,0.00889320412065324,-0.0015489580697619384,-0.02977822235555939,-0.0430149985167075,0.01245986173729987,0.012488609054252437,-0.025807196416245407,-0.01893718475992769,0.06202287138451898,-0.030428677907329192,0.06205976177612226,0.021257012909998475,0.005945543576736515,0.07132411335176443,0.05653043155465834,0.18749377809711035,-0.005475622133091911,-0.02289660343108447,0.05453728620275031,-0.05539477005911928,0.02778773178490453,-0.01179060003376219,-0.05511037383452416,0.046308023159833026,-0.0097500734384613,-0.015135463213272533,0.22198299233950644,-0.055796391399127516,0.1718366599937762,-0.1208333079481048,0.20246515553932298,-0.14019230855650094,0.0376259652333603,-0.03637578761034885,-0.017723479392485066,0.04746997994687434,0.03200303518687,-0.0670738722747435,0.2720212799507326
FINANCE,-0.013629611543278072,0.014527897757153347,-0.08043226488518591,0.0352989461843082,-0.018545802421837045,-0.08719047808659072,0.0663814165834909,-0.08964623161023215,-0.00282695944286627,0.016031015665393798,-0.04219261657531556,-0.1755987131928603,-0.3636719352140455,-0.3959399566517461,-0.17769920756419658,-0.2901010217825874,-0.25558423819795073,0.02021466362091068,-0.047200409319872794,0.0334919515022008,0.06552566784031168,-0.04136298648707062,0.11275302278119996,-0.10342617705500816,-0.04365674579174949,-0.050451497972795974,0.07718222783692691,0.24099503034168537,-0.03926680920712943,0.0578065920803686,0.17398452931138803,-0.22270975727080494,-0.09428823751163054,-0.03705249108695547,0.04014349568609872,-0.015637210807884883,0.02066053706886776,0.012618449651312992,0.02094493838293529,-0.02068028373423005,-0.011087841942676476,-0.00013998493809806956,-0.009972960638103606,0.007082051273141648,-0.02997899485826695,0.01822423881052215,0.010514756230493123,0.0415572709691111,0.07951809878199385,0.014317946088138718
FINANCE,0.0018604105504738235,0.08424346924389958,-0.1410316244189244,0.15751534696096836,-0.18746629892202923,-0.3189160551597617,-0.2272111681171475,0.23430904514786255,0.16743496655599766,0.08233768291360746,0.04695688568692725,0.016697735679501335,0.04640683733261901,-0.008178340523629151,0.008810277653549735,0.0011844954975050203,0.01406083422918499,0.017447352973351364,-0.018406310143430256,0.0142690927278422,0.04274357346315986,-0.019298324806516623,-0.005666444548886033,0.06897610540973631,-0.009880571709280622,0.017730180783661613,-0.020896246609084426,0.005132703503908444,-0.02209053927834916,-0.014719284584883379,0.03120817207241337,0.0074992960396739064,0.008890996550916566,0.010627636272977968,0.0006249322438943189,0.0007143255168852743,0.03972380814605859,0.009099257188122592,-0.03170419982104209,-0.0011594109637890037,0.022177100400858185,0.06908871204989102,-0.030509693902606265,-0.157742192105149,0.045979821913363195,0.04011532157117164,-0.037670209837714276,-0.06878727781311461,-0.030227663513770625,0.07107951200040258
FINANCE,0.14802656287499055,0.7034404480412231,0.4637756819231536,-0.16242550695161465,0.011960338397281398,0.031655113054507494,-0.04895280591935225,0.010033060102791983,0.03245637197450208,0.011267403970365642,0.004859550103369192,-0.013576603303584461,-0.0022201402732881202,-0.013714828931507942,0.03340515651172001,0.01594423729887221,-0.022023074208652883,0.000887035347035977,-0.011711132768934186,0.014238335430828619,-0.01762339004494573,-0.027867881663345195,0.006747111573800411,0.03487973338935059,-0.010321849901804864,-0.0038357864628130005,0.0039037793603147897,0.016483586225820756,-0.006530519316298448,0.005887519731257534,-0.0035688807681411167,0.010181752636684185,0.005624073600715883,0.00869655898724652,-0.013147676212740635,0.0010009263593510342,0.0012017813637094517,-0.011606318737258802,0.02394291917013754,-0.0002667356386194983,0.014197341559495306,0.010475612870581288,-0.034344556713637446,0.006968804317729151,0.014421767377307333,0.00285617305661647,0.006997451661057337,0.026765285682606634,0.013131574856380493,0.0232839537100876
FINANCE,0.013113052504831026,0.02274448330897956,-0.08280744501136111,0.0324640926835129,-0.06016593849879905,-0.10607111767321514,0.020209337342426657,0.04053264119269378,0.10212894387971148,0.06968557056889087,-0.04255796774722619,0.06185381959869385,-0.3139389311908426,-0.03436935803007407,0.06876891769731285,0.09837278075394758,0.678031800863723,0.34473149732271224,0.07063363277421345,-0.20145116319591183,-0.1862442225892095,-0.07783737553356046,0.01998470836518705,-0.06183996422904409,-0.15248468292791087,0.0069042624386303425,0.05893252860828807,0.20932123971051805,-0.013100893394265942,0.01837406519517167,0.03467643535905361,0.010488374847565245,-0.032850102192584205,0.0010579118693265384,-0.0012085651855932122,-0.015025365326791938,-0.01800206887971159,0.0106495916382278,0.01800625012071126,-0.030793951349667767,-0.01069194328630745,0.022102722254426804,0.0005484367135770655,0.0035873856880426127,-0.010585642162373694,-0.024437503553262664,0.017396399124247616,0.035131297471427986,0.010816443103485503,-0.007933310406744264
FINANCE,-0.005553901991041819,0.046628743416396314,-0.1276615820650288,0.10826950475514947,-0.15154829057265617,-0.2817475407662073,-0.21599656473281265,0.22425119882257064,0.20156724235627893,0.14602647958006246,0.05524498817415272,0.06365276346922362,-0.016505093853666032,0.016558082214201006,0.025792989225018315,0.004847668122650063,-0.03273684247022213,-0.05868795409962533,-0.018307899268547992,0.041556534366270124,0.005022401568516871,0.019565894327798417,0.0027010210338574573,0.013730119536284082,0.04872009813207412,-0.023786456363244307,-0.03908916428230778,-0.02897751496577079,-0.03752955935020832,-0.002639969402651335,0.05927351335101861,-0.0502914225040483,-0.04348343387620342,-0.002921542139289622,0.053468704412444445,-0.007714666006808358,0.09204577480880179,0.009622202487323492,-0.009860112847696733,-0.02044679294311326,0.043300544372022805,0.0010503457335753704,0.0046395565883394696,-0.14768583310151243,-0.03670464199820322,-0.008608513546336172,-0.09950941573686838,-0.07371295432602751,0.0008828204631510652,0.04592869609037657
FINANCE,0.010373827025446139,0.0249254808223512,-0.08526547876858122,0.03338209589238528,-0.0644584795512969,-0.11984215794698233,0.022446389827376557,0.051440623208167474,0.11002769460753466,0.07294016943219184,-0.03621402834741871,0.05710773514073159,-0.3219153197097433,-0.048350364928280425,0.07406356173728854,0.10177125865996307,0.6692383638717657,0.35222890175536736,0.07410769297787341,-0.2011752019523148,-0.18676491809650164,-0.07654971962501411,0.009066352731425661,-0.048408051580222725,-0.16023145858765353,0.010436522040977333,0.057891018343342496,0.2063160977541461,-0.020754732492115912,0.01181859458987973,0.028216841067609726,0.019387617799489755,-0.03907132934693909,0.0037338714098695807,-0.0007681488228200527,-0.005258408313050338,-0.02124062376150808,0.017045491814782078,0.015738378311206395,-0.026433521476842414,-0.011771657720224982,0.029332308070382115,-0.003748277465301208,-0.00032455591864319474,-0.009750068818925076,-0.016852298804624737,0.013087143320003037,0.026912081653681676,0.005535614853260428,-0.005833613472421215
FINANCE,-0.02013095844944583,0.1066142379241636,-0.13815168009807985,0.3876963561870803,0.5605913069246817,0.09687145107206105,-0.03250776155388207,0.07918302738872825,0.02571770996476333,-0.010102610311503597,0.023817328552777305,-0.03638209380602074,0.020964008705662618,0.032765617484740585,0.044108580647732175,0.0020005681312370064,-0.01464869168976682,0.06965827570946923,-0.009438054687760404,0.011566342172547985,-0.006680666232205496,-0.0029494454765554823,-0.009539987295214245,0.05298869527522805,-0.02914825017819531,-0.016207817915119202,0.017322983381773863,0.03190576194587581,-0.00736020848838317,-0.015252186750075065,0.004968978922544635,-0.03731185072235844,0.02684271080970981,-0.05429235231080638,0.02382172794669708,-0.0975144006992019,-0.10455692889743944,-0.1648186231615604,-0.15452124802007217,0.1748899197065861,0.18090942902085885,0.018549604020784892,0.07968079504865883,0.022222337283644335,-0.06744615337550189,-0.029006259791123836,-0.011012106702957276,0.0021318520652181708,0.01596411147113715,-0.04667045673236954
FINANCE,0.10869676763220693,0.024586203061112918,-0.049110624729234977,0.08012553426850498,-0.08835215334245547,-0.1096946810647323,-0.02349383372502281,-0.06911124951075241,-0.0639660879975301,-0.14365337458121316,-0.11800069227848864,-0.05813688740045689,0.12380376158913838,-0.06856158422908906,-0.00538355242257271,-0.06469783854081888,0.06663398153489475,-0.03909287103970297,-0.009076916802809247,-0.07201750179105397,-0.1091082172867613,0.0119609844001112,-0.10614031534418301,0.008133526937882319,0.02758000517923538,-0.10146231004030043,-0.045905625759441876,-0.042527511754713775,0.020417952953158004,-0.037443727395845845,0.0331977549905587,0.005075950624830206,-0.001154282200833045,-0.043725687014002514,0.034441003493524684,0.1907502198385716,0.041429288941683524,0.1084268737067766,-0.0894953467700413,-0.05726744619570045,0.24919166234292656,0.05052208193840601,0.18618450862852812,0.028462242458102194,-0.054237456294921965,0.050253151024884264,-0.024640516417798623,-0.1376722814587433,0.15179391940980552,0.019589340283071948
SPORT,-0.13178135336982846,-0.07429957260449051,0.024112112864877366,-0.05229563836288732,0.012223803313623799,0.03798292848854677,0.023761246524631813,-0.2065145298411403,-0.003952975330862128,0.48635417439805695,-0.25891196081132184,0.06657444000962197,0.17351972112307965,0.025520176651999866,0.03612109372344923,-0.08934507103117041,-0.028933306703245867,0.06704184849248615,-0.03252432008812608,-0.006809364220251372,0.0005809350627922305,-0.04577658549200438,-0.06667582898894796,0.0068086567862227715,-0.04060055822224921,-0.03454963413042785,-0.22953240734448646,0.07296842577077411,0.024459891180599037,0.10508633780864284,0.04245730715251843,-0.00799678016167916,0.028173239732107783,-0.0010705837794510705,-0.013471592057366684,0.006745607766633853,0.03603563350418667,0.0113228779937305,-0.08053459231600477,-0.0021743536278776175,0.03426835289184903,-0.047597937422020446,0.10150818905791009,-0.04434305887592233,-0.002326818658917063,-0.020459661905190434,-0.004499611072851188,-0.00119183434094066,0.038887882664913054,0.026830611958535158
FINANCE,0.011263372930706566,0.058634213949289894,-0.06639479596882207,0.06779023099373181,-0.09039796885092276,-0.11339916047207178,-0.03855716642060849,-0.030646492952691257,-0.04495791332898837,-0.08096180228637889,-0.04003773821912319,-0.04852237065393584,0.07213118850237271,-0.005858396125011184,-0.09848237463783516,0.016422190690478178,0.00807735571204273,0.10643157837228431,0.05081814922393547,0.028633806699676058,0.06927352355935792,0.02503482168796576,-0.0800497765885756,0.01553041133527725,-0.036345152582466844,0.0656015875165338,-0.010659671969997035,-0.0171898131549485,-0.010992865416149602,0.05076508812607583,-0.023779504674676846,0.05120451526222772,0.12028899792845121,0.01669753792124326,0.014276560128229551,0.009340801124155645,-0.08326035147594416,-0.04068644777140001,0.046282682437416046,-0.0038602247637191376,-0.018942915525686273,0.0031222689545022035,-0.0748882529765493,-0.09391062608781348,-0.1815690665348218,-0.05979374361761846,0.010347470984593848,-0.05962076706684482,-0.04227973327913551,0.08469943121515258
FINANCE,-0.017655516812132673,0.03812753902327506,-0.05430748302081281,0.07472601913325039,0.02039024188464809,-0.03592440313285417,0.042775764269689084,-0.12823353086518255,-0.04628610060665593,0.018266307481529926,-0.07845282352132586,-0.05541637964783189,-0.15865174136797083,0.04516902814800476,-0.12347119756610396,0.11535317375605524,0.08946710832330752,0.07715142508980466,0.08367701760245462,0.04550484356718557,0.11147731032611763,-0.19867829911999763,0.3197835277308977,-0.27438022102983656,0.4174129552893998,0.20855522179036737,-0.28303418091951493,-0.22983670143255142,0.025495219650624984,-0.23609035030622472,0.011453683717457723,-0.06217139701845907,-0.055901195941648586,-0.03812951912497287,-0.018290732383284214,0.0501164801071445,-0.014245196037135541,-0.09955604118769028,-0.023881211830496213,-0.02389040572200471,0.020109415161057805,0.03741068902996116,-0.012575304923698395,-0.024108821251151,-0.005299586295552279,-0.014017563730129586,-0.02243972527268722,0.0050094358878346075,-0.0231277665215341,0.015919623987330392
SPORT,-0.2590722944372961,-0.1997695184320554,0.30386856685873065,0.05069121229153292,0.0015558089091603489,-0.010391329132872322,-0.022749750873925896,0.05981512244951288,0.0029201758739188103,-0.08550544900060707,0.028313985055436135,-0.012047093705394755,-0.03484982819145598,0.0029335551134229833,-0.016814778568472636,0.04358651841598773,-0.04301565196496267,-0.04211824998817632,0.07146411983162598,-0.11481252806209442,0.09465566863997468,-0.09198835724318734,-0.0019979877053208886,0.01463465257274854,-0.026720709439154822,-0.07258252974801316,-0.0313406255215762,0.0864813130531274,-0.027174411990548226,-0.12922547036933982,-0.059477714015670306,0.04889994519767703,-0.09734358818092398,-0.022840503100068688,0.0469470222634592,0.011425343591941372,0.11588639474814685,0.01121580906472907,0.05687485123651079,-0.0685514597168569,0.016454312241010363,-0.023818656482357464,-0.12539791762498273,0.092621209289277,0.029902532360326143,0.057235576121549926,0.12126571453197976,-0.01641708985819812,-0.21497651017164968,0.04111786103003975
FINANCE,0.010972439517392407,0.03768620822960631,-0.06164131151742309,0.05161214717577111,-0.061633827929647965,-0.08802673601571903,-0.033223291792689964,0.007395815626355791,0.03079461671028377,0.011213823593163615,0.03744103934851314,0.028665578816471155,0.025161967509924908,-0.08123569517012255,-0.07461265984504138,0.054268820027935635,0.0077343996471928664,0.0939188575648857,0.04467792207678637,0.026820917620820835,0.0630721590652745,0.013390460333283664,-0.01481037098260498,0.011799049780730741,0.001016788910057112,-0.023565524418195795,-0.0028926524025339063,-0.007854011001050001,-0.016743968703092506,0.03889119597777496,0.0037772807873377723,0.05423355717216413,0.02976437815459546,0.01884196007173041,0.01903327593640803,-0.1702994818742376,-0.003486027355979657,-0.01835463628327741,0.05427663983235595,0.06844775485863636,-0.03670463180769356,-0.15497177638182408,0.038207797980659014,-0.17853462940117412,-0.017630140395670294,-0.05947941775647949,0.237744878008414,0.005934205526968517,-0.013064161788940086,-0.005506625606307816
FINANCE,0.005683481087892797,0.08654493363108348,-0.1127206294903492,0.12890986210120617,-0.1773912068592664,-0.2724547388516749,-0.21495271520414738,0.23942208155228384,0.18097571895461267,0.09774937839122153,0.03243120949973882,0.12631830239901393,0.03697971930515394,0.013822630960522303,-0.07723764638656792,-0.06406972726094017,0.0020193071508963698,-0.0835619976269893,-0.036306732842530616,0.03109568978150512,0.04285463042001464,-0.04738744569509159,0.04297855799900799,0.054024876417204756,0.026612007675693054,0.004420819394025722,0.024363946897451517,0.01639855036541153,-0.002836264143919145,-0.00953053532650759,0.0027494769391260827,0.01512552058944723,0.02330322088996431,-0.0033859253074961762,0.036861930135117474,-0.10074770464162452,-0.08748792371330028,-0.060101086066719114,0.019123584957337084,0.043706986981816194,-0.09710475626614315,-0.19240863970533448,-0.01275405155185075,0.058153341245918214,-0.03217264344615125,-0.03231961124401252,0.07860199236785774,-0.04156175586490865,0.0700293065565687,-0.09444880124831431
FINANCE,-0.026683244638545607,0.12197082008169838,-0.1444885316134521,0.4132455318483492,0.5998529953693034,0.12239720712704981,-0.037952811110311534,0.09325923177934486,0.021925250952109426,-0.016172516901252723,0.031748140274541314,-0.03925491972569478,0.037489144241485625,0.020920276775908773,0.03746514677688618,-0.005551167698551178,-0.019085765927382155,0.06466247649678802,-0.00784324455163458,-0.004704592742891829,-0.011160708076822401,0.00140821881538257,-0.01007208226211257,0.04065719667786695,-0.029452904359839382,0.002510140084974989,0.007549028804842606,0.0215833212773238,-0.003026063688427522,-0.024712572633805947,-0.004871524796829266,-0.0329501009501892,0.021102273294370377,-0.0403884635950808,0.021547544442259797,-0.054216362805650495,-0.07054499924618898,-0.1468660683647401,-0.12682754172993685,0.12444688504274862,0.1450535211361193,0.04057249063971324,0.0454160394981683,0.01876173952421135,-0.07846357785811904,-0.06540394528817917,-0.011634023716061835,-0.024896158275086313,0.0016578666468503814,-0.019997159039205716
FINANCE,0.026508595722960847,0.008967044407140223,-0.05411094164506335,0.05026374014814836,-0.028931830267458204,-0.05421351459651735,0.04579766302501294,-0.09766298432040356,-0.05643856793599684,-0.039588115815917556,-0.023975171521693563,-0.06440626229620998,-0.05035571232327813,-0.028090725741599015,-0.07702506067594266,0.041905417596020136,0.02313995431655542,0.06412017037804352,0.04945746841972371,-0.005600074799080065,0.05132706802451799,0.01961707775755707,-0.02386613806099466,0.07073693159048808,0.015771673386062602,-0.021216235142542107,-0.071314738995716,-0.05779277265995876,-0.04564770954538168,0.009396846201156946,-0.13932039862367734,0.07056328523014083,-0.027739593243085444,-0.001925863246288468,-0.0021849357053351373,-0.09476772641858121,0.05494680859366245,-0.13310212275614092,0.1200439485312171,0.02395587395593243,0.0779125031854426,0.04295926400101905,-0.05251037157223945,0.2427755796529892,0.058624821808556674,0.09905783719095033,-0.20683192317945098,-0.061132789211737044,0.3153677380040352,0.03410966546884446
FINANCE,0.14052001024130573,0.6788689544387752,0.44256793864881294,-0.15249724657962221,0.021026624121851956,0.0402079739784867,-0.056073118270324226,-0.0012825806309921584,0.013458813806656858,-0.003052817912635611,0.014326608292276348,-0.036247742003801854,-0.013722427768873807,0.009181608664783417,0.004177027011752829,0.006657241209330689,-0.0228002827382745,-0.0010459188968307412,-0.0050454958591392846,0.006154469108446875,-0.032151151461309195,-0.02103805016315817,0.008710675530784775,0.028747440377281348,-0.00024415854380820253,-0.0046777452062057665,0.010642175924749033,0.013012471728667676,-0.01454031523995952,0.00948075605445726,-0.005814194661406421,0.008303920489671376,0.002648190937513076,0.003784903183194042,-0.014644398625378629,-0.015754457318821854,0.0039383470603143,-0.014539327513501971,0.027303446757775685,-0.014559166794046905,0.01068795097013439,0.019348462498878834,-0.021167122680210624,0.01422101535052019,0.007707689376562869,-0.0006631728914673158,-0.008027593950918887,0.0352756589347609,0.014165940600492609,0.023173844579625708
SPORT,-0.08759128323898017,0.011515382950940236,-0.19855848793247097,-0.12256311242756508,-0.12252784534519309,0.3897932414247931,-0.06339246647253248,0.17482333373345238,0.08068103061380093,-0.005479075174394164,-0.16217275113020638,-0.05825279018550494,-0.010246103515776712,-0.029555593436408248,-0.037652135175497765,0.07323798145107131,-0.018398473152912934,-0.027565543677671073,0.005309984321164447,-0.0007230877202517514,0.011860858587751159,0.11104202957614512,-0.033591396215563715,0.07099635211610773,0.060647512929204526,0.075682121512289,-0.04460301142554692,0.0852019350296313,0.06266047150691234,-0.020537734072301625,-0.0014841902816586613,0.026987538998918086,0.05622313560428497,0.03344903053429242,0.018502977321873178,0.007258950664125579,0.02914922363357998,-0.028303762300493685,0.005634490020831152,0.021968905018390328,0.05805274295079235,-0.03248686102602997,-0.02718181441451155,-0.03239760478128509,0.015511488309952281,-0.07801863821313038,0.10854762702497918,0.0368820749420384,0.010952946635216853,0.00013818134202730895
FINANCE,0.6622381004620431,-0.37284230210250513,0.1591545070513544,-0.04886671555241112,0.05103032920888555,0.07927999680182748,-0.14369647580064407,-0.019134935366484158,0.002217563841265519,0.028079898293662562,0.022277363290215412,0.008717614453799321,-0.02437439473538986,0.032442890301422875,-0.06630174040007915,-0.014377121222826344,-0.006424226486228503,-0.0012317793936025233,-0.012100559912163321,0.0015641369193159225,-0.010867369958209841,0.0015163655866352662,-0.005164311224198542,0.0070131417418051135,-0.0031364710145760756,-0.024092018925272473,0.0023654141819587408,0.002275389334392309,-0.017989739223373474,-0.006108050882191252,-0.018884924890952542,7.59436169434559e-05,-0.014090630147349244,-0.004021432607231427,0.009857945760310873,0.007327015148672394,-0.006276850311853312,-0.015219031586757404,-0.00994015166395022,0.015031034257709972,-0.01308075200602007,-0.04626858208134624,0.01402393963399435,-0.0027422908204538183,0.039696076516292984,-0.02835164866893595,-0.00492147051475844,-0.03923382285740689,-0.056691782866137914,-0.03956457446848481
FINANCE,0.024323801118748527,0.04478326292975155,-0.14911095399861746,0.13979475303495772,-0.18363774038206404,-0.3141619376834059,-0.27015950797507227,0.2304548367073845,0.1653893819292814,0.05716543612959864,0.005247293615360683,0.015633610492444314,0.05887841471499478,0.05739759367491982,0.08891423955978196,0.005071111858305547,-0.055767877199877414,-0.03749703072996555,-0.028889040764736758,0.0057636385140951716,-0.015405807622817208,0.014599389690514173,-0.0144416968222538,0.03442024650454735,0.044319793912184255,-0.025395097896671395,-0.040829966147392954,-0.033506402760665736,0.01173046028476557,-0.025185667190801928,0.03212095983625572,-0.0772562403171389,-0.03319150839707494,-0.001853757466872044,0.03251019559919729,0.023827862605198903,0.05634935451796671,0.03663502770837003,-0.06860514370772144,-0.04251642020041192,0.071772234514778,0.07795155971251762,0.021259929886415514,-0.16809377875811207,-0.0837327051673231,0.015252759710270795,-0.02807142831467504,0.021124569508516735,0.02877276235444392,0.03565059568988759
SPORT,-0.06527378344473539,-0.02102599444994845,-0.12989298022161594,-0.1765614120540841,0.05323815207119019,0.09292965142703566,-0.026392710790395457,0.055697647500885177,0.02843126826367307,-0.004698600614580106,-0.05959120404028257,-0.018676319760454092,-0.030528687895490403,-0.01004660500687864,-0.01373016994712497,0.08281281974047329,-0.008399741783584942,-0.12340918438685607,0.12021365804156664,0.0020222524385009517,-0.035057850988516645,0.04188067624772099,0.02452175601870234,0.04741188860093444,-0.04710282114735406,0.10212935036517556,-0.02208501951281867,0.07604028573689312,0.056989768120152225,-0.019939862887192836,0.4016091644481557,0.1933429039644513,-0.0769823867011847,0.08009251771209341,-0.41110097902328135,-0.08284389533443126,0.11435407631906519,0.038224653602638665,0.018437662832718367,0.08376997297904273,0.005532328855670894,0.07202091892064531,-0.08478168034920099,-0.002511196794684165,-0.0024584029095375453,0.029412486583007057,-0.05587794178808131,-0.016213885573095364,-0.011505466698193374,9.207671304688937e-05
FINANCE,-0.00227998088581578,0.09328657610467127,-0.13030396343433673,0.1559811587325586,-0.19799081465019377,-0.36255522563502024,-0.2757436334984079,0.3339822171163708,0.28605887305442285,0.18605459730687873,0.0681962553007052,0.08455961414150723,-0.02254395043947429,0.03522235373726536,0.007793231323041652,0.011897583874548402,-0.034326154080871966,-0.03483570328265465,-0.012888153712691005,0.0332288689349059,0.00800878775604273,-0.0027039891875126247,0.0005746736267402048,0.037910485324011214,0.03033855860797212,0.005362519033640629,-0.015300955271584071,-0.027088083098141712,-0.0377953406967453,-0.01160888499998352,0.010652238053850823,-0.030857844709217857,-0.033590988833959674,-0.002228784409469999,0.01340190602888647,0.015264846002241365,0.012452023733826475,0.001339318596548995,0.00451833193289578,-0.013572583443510372,0.012167946994162902,0.012555682116755002,0.006854041455092988,0.006625248132660842,0.03222078473297713,0.003707019996058308,0.005263677192309422,-0.043541626422357385,0.035322707905628706,0.03246731134056049
FINANCE,0.6835669622092111,-0.3824190040533012,0.153895032678648,-0.047274871612149674,0.06128722007632984,0.06515029945545084,-0.1909282805599512,-0.016809103565054922,0.007471546900681994,-0.012577688271946465,-0.008104995692858202,0.006304859062484786,0.01099350948091068,-0.017995573805026668,0.00954462423398954,-0.015564157778055301,-0.0026696671137411685,0.013946758786209058,0.012226192448507115,0.011783195899265526,0.0019692859265415877,-0.01186931848978263,0.002784992108629966,-0.005869100605249921,0.00019427845907782874,0.00285693557446064,0.0005802896555394968,-0.0036204640170819833,0.01643643385329972,0.001876352220731228,-0.009072125226680392,-0.02113586022170583,0.008050493344819967,0.017542479717298644,0.005098161693686261,-0.017026498051784623,0.005795796488626289,-0.012647803630686192,0.014070043113614636,-0.01419508299350467,-0.012768795409995556,0.032120623793797085,-0.01425689752701695,0.013781605540479734,-0.03554770417969761,-0.004683844667014271,-0.00048431012831321943,0.018834937527822056,0.008484227871654681,0.019148679454837725
SPORT,-0.4152677077796003,-0.3373520206540031,0.497499914578616,0.061378537867365746,-0.00953518062994638,0.016887807938382512,-0.03708148470858032,0.14211469151232145,0.008525649057319652,-0.15564254416347406,0.05912604146427715,-0.012006945706856939,-0.04270545505708826,0.013361570750217891,-0.016047506453514025,-0.007086890221494127,-0.013539388141186161,-0.019875957330545393,0.00963632297412194,-0.04078741257159343,0.026517386558979155,-0.06375361390504973,-0.020432929602365195,0.009439609261361863,-0.032434842520379974,-0.04477686238458259,-0.09680604058458171,0.06353796044888746,0.007115671609218658,-0.0727853672539994,0.00791140417049458,0.022325563854601053,0.004042674860110337,0.0168219145036908,0.030047175898168674,0.02253873682577417,0.029560388055561236,-0.009590297279393596,-0.016683401141524536,-0.003392696296099226,0.0343370648978904,-0.013569400892031512,0.013919874680941371,0.000638004041592084,0.02495580493571594,0.019068023001520742,0.00018193582404106554,-0.0034142999180558128,-0.015211175762551914,-0.02013234036677104
FINANCE,0.05929830481472739,0.045991293365427066,-0.07591926771351065,0.10277963076092303,-0.11472931476845466,-0.18314492054825907,0.047753030954325926,-0.08714322090747216,-0.09500784640656758,-0.3121777160096145,-0.31735694883248405,0.11328148430460477,-0.017087796478854136,0.23090230848998125,0.19240220712734663,-0.1422110999760356,-0.12834966885423252,-0.015267321439157966,-0.019790107382433034,-0.09447871843031061,-0.14653819643080537,0.0805521050652838,-0.14492135737493556,-0.07821366378589602,-0.06214721553396017,0.1007415519501283,-0.027490596025672356,-0.04098825831558736,-0.007943886828390638,0.009381275761610608,0.012762447179292214,-0.10611160272020073,-0.08507684539049627,-0.037935868377976543,0.01896982307119705,-0.002320015752679454,0.05340773584156225,0.03575639836938362,-0.014618880631280935,-0.0347864608244127,0.03346145929295166,0.10372384655342984,-0.0044769538214082805,-0.06980941109515819,-0.078321128913414,-0.00047130570402505715,0.04977558963575192,0.09302505362059585,-0.013551026815418357,-0.08419540587284352
SPORT,-0.1254851344054521,-0.05271210812845014,0.1267282484827482,0.055161867099909855,0.004042187216074039,-0.007736457284465865,-0.026053149723636607,0.04744069428713983,-0.005110795638879487,-0.07533924070593853,0.029708299768396933,-0.011114773904261029,-0.021684805941497676,-0.010963590080147608,-0.03022589279112407,0.018623610339338525,-0.017762377557522385,-0.04056980699100407,0.09090153832108994,-0.03258412642201156,0.07748297224131379,-0.03243287960926724,-0.06833126024648285,-0.032362944702333855,-0.051055431970515576,-0.05225623065029542,-0.005190269395949301,-0.04073655804762319,-0.10985947026808461,0.042685645672860074,-0.19593446379741697,-0.006994630624243343,-0.11708467761411352,-0.16740025173522904,-0.09854240797303576,-0.01482233140406779,0.12473844374479133,-0.01067818230040565,-0.19065438713340666,0.14038958217165784,-0.2378602484415096,0.017741524445145426,-0.0495726643457101,-0.028738548577750194,0.020524167222345686,-0.03572578333115873,-0.0035392005489834288,0.1586283774373531,0.16515766390023864,-0.06054832035817709
SPORT,-0.07194001906293179,0.022205338792588913,-0.2132344835534629,-0.059829011238241164,-0.18629944564565273,0.49199666727663277,-0.07773806151570976,0.18983330428251904,0.048870368747161545,0.008271650526642135,-0.19937077089138333,-0.032025492543986726,0.0022482745723978047,-0.03899161941411108,-0.006332437472213391,0.010364177308247687,-0.008781706757633392,0.03118746637465013,0.021208861433370575,-0.14188087061240984,0.03799876552634918,0.17485514098317143,0.03341792932139755,0.08859683360480873,0.17288534589834473,0.051750955526704764,-0.023190917783250213,0.10111370195617064,0.06502699708747416,0.051139419123842476,-0.009623736187294868,0.0379155641331101,0.17101811945801318,-0.060939452373505856,0.19155563858315536,0.03548823066408363,0.14296993008585576,-0.05241625642203192,-0.047281133664763504,0.053619676048850554,0.014994819348572677,-0.03540091602324451,-0.1673558508280321,-0.012144491596407904,0.012430429303974859,0.04678657486949479,0.0570185016857871,-0.02339168816398323,0.04635367750722021,-0.012138441533239704
FINANCE,0.009858062415202172,0.05291012058476976,-0.02575894082179113,0.05148317126358092,0.03888360777924332,-0.005071110568067903,0.003755557506075075,-0.06545361961818734,-0.023070457173387765,-0.014242861904578139,-0.016353983464027697,0.017346321371983435,-0.052782607144018744,-0.01704728020595812,-0.023633831003965683,-0.0012217526128430545,0.028123386985572228,-0.041969685945564585,0.013354856629675985,0.020747398232343724,0.03652603733414947,0.013040676525181672,0.02676275358752949,-0.008984107413871366,0.011391447049830564,-0.05336888629670686,0.01684274079243987,-0.08134067280245116,-0.050609648774941285,0.06807944453868953,-0.025463665081530695,0.0363370935114883,-0.010145276221190805,-0.008152384932473947,0.0900398913827099,-0.2105496006289948,-0.03671142070701723,0.05195159189150283,-0.08496983471377718,0.014076603207121108,-0.031862994945057274,-0.1566465884707646,0.07677062412669629,-0.02408156516548655,0.04018350367747034,0.3787904490196804,-0.0510797556870764,0.20496294530662443,-0.09043259640064046,-0.023868438725254994
FINANCE,0.21173386441453657,-0.051418339390639015,-0.000875148035849793,0.0432082782052982,-0.05731873030944745,-0.06370091223961229,0.46908927188807764,0.15386944028778068,0.00400086567023537,-0.0840692591222586,-0.03572219614478561,0.4732931860977387,0.14876979858546435,-0.1992986954050475,-0.07013262526021355,0.21611163998842275,-0.21016658619300932,0.12472476247524247,0.05888458834556582,-0.02729931947948883,-0.10587816861115538,-0.07371212959080164,0.05726609850566562,-0.004284025008303061,0.009771310931634004,-0.050858080808095625,0.011217639306477019,0.024833477354384,0.007824144695058183,-0.011382471928094802,0.02186513958229331,-0.016262832319971547,0.012066825244560602,-0.031911997767473624,-0.010062269895653057,-0.03152005271973204,-0.04283271318632484,-0.038593990237278386,-0.011053161116270934,-0.04303949987820198,0.006113791126362689,0.004412350782285112,0.00488986096085823,-0.026769989883886153,0.02259469646177316,-0.011622550958031944,0.0009768193303802484,0.005621374356155222,0.007288187836698412,0.0068085348628475475
SPORT,-0.031974780356414656,0.03581823327499334,-0.11608282861754307,0.040134839222010825,-0.08413795160166268,0.08817707628127758,-0.03444931437763191,-0.004264359106661091,-0.13358617230571765,-0.017285516728612275,0.1507045356276843,0.07963339698512592,0.009238727357726342,-0.009650107512253458,0.09501342772793188,-0.16837359076869174,0.035687967299552266,0.10207793114699851,0.024196040839075575,0.023196615212218316,0.10528153989250821,-0.12257007217386175,0.07030821015954088,-0.011957077603392922,-0.12917799020664125,-0.054812424890451024,0.04148293910004863,-0.13605095559476507,0.26021058374731004,-0.016693071024539114,0.05400411208020658,-0.087934450224167,0.05679704649257105,0.04626658493056313,0.12698436863665086,-0.04870312723029838,0.12138649620271467,0.12270266668007147,-0.14377355399733077,-0.09209328793641604,0.03770899887747405,-0.11158624543056633,-0.16857394937214096,-0.15924930742461577,0.14008945412183144,-0.05165523410736446,-0.18077921084180243,-0.07119509216916817,0.08111611805112472,-0.12342898426876962
FINANCE,0.043133231730983705,0.0220631406316283,-0.06439367508241141,0.1000309805529631,-0.11027249930253077,-0.18923029176415565,-0.11664591124906976,-0.09304553145753554,-0.05154412718340666,-0.228700358270179,-0.1953973354678302,-0.2353984462331516,0.3852053656398197,-0.37181005235156445,0.42955546082201407,0.16222263445926796,0.1415109676786259,-0.12834500725332515,-0.07232999106091911,0.013113598846348438,0.1527121962123562,-0.10022398019655368,0.161806105701842,-0.006102026242492603,0.018236248115736365,-0.10598932049467139,0.023554085467606463,0.10751330617612129,-0.030408831367934788,-0.008421150128235145,0.0019417706848453343,0.008022470398801463,0.019285642156415057,-0.003757985841337279,-0.018572872364071985,-0.006713752738133407,-0.07542786575562452,-0.05189136494773117,0.02103178378957877,0.028697912050006817,-0.05905003941715084,-0.03971388216839229,-0.009779892867148227,0.04054376696659585,0.04138641318811792,-0.03953250323599021,-0.017086312880063716,-0.0170782462603402,-0.03767347753669206,-0.005848166154430623
SPORT,-0.1190438194218763,-0.05066292592694938,-0.19673788032171144,-0.5569252485320376,0.2834858463747137,-0.1690684143723919,-0.02498080170792423,0.11953942927870992,-0.08897938504192708,-0.044202765197189534,0.008199120648307086,0.004917325743586104,0.03399086289142918,0.03238787602593534,0.007430616095867129,-0.03370369390485169,-0.010341990391369849,0.01782453111470424,0.03358189960974018,-0.053715760311803695,0.055924800993745256,0.0547364535766214,0.014242757270352256,0.02684956608902975,0.0392770815588558,-0.02366273280900024,0.0036865779932392507,-0.009970418997523973,-0.01199929608501177,-0.008232339880431127,0.05866800579586166,0.012916642259625468,-0.014889335382271942,-0.03372176312493456,-0.0937330392515618,-0.016801388013015228,-0.018146562075989487,0.0036801886837239195,-0.03242537763270274,-0.05823196689366123,0.03942887944010881,0.016800294453382568,-0.04042944869679872,0.02485793982718688,0.004464351810470418,-0.06518716740542445,-0.015715004187978603,-0.008006730972903392,-0.006078873316465853,-0.06627355289539733
SPORT,-0.03675842985274481,0.047970028627475736,-0.10860530202564607,0.026061361037945638,-0.1172026948874686,0.07713916320032008,-0.03557265711466385,-0.09609264710102451,-0.28960022336706226,-0.01732665924921667,0.33147252749303335,0.1697995087327607,0.04111609713855874,-0.018560953139847926,0.19903023443704684,-0.2724780556944618,0.05246961756130476,0.00511941443903428,0.2933573271955584,0.16508245937504903,-0.11441638779370679,-0.027947684253017687,-0.1675309962443085,0.05360542370885559,0.2981787444583995,-0.0015316204759377142,-0.03145057217845381,0.17849703149173793,-0.1954149625469598,-0.031272932310771294,0.05125082746398255,0.05565053178670072,-0.0021068533987477728,0.009985542408597614,0.035443407539085856,0.0027657683657925096,-0.04926585623675111,-0.0019042119974654185,-0.005212258182515649,-0.02738563257960929,0.02748942635537564,-0.041540646022588605,0.026616341183953982,-0.016114545003696756,0.003402982375175963,-0.01607358923121786,0.024547806370619325,-0.044831413027439836,-0.02892830899109399,-0.012003979027955122
SPORT,-0.2842188019527038,-0.23310310548026908,0.31509208339165523,0.027854486982193002,0.002117580304570904,0.0004623687165244315,-0.027333743832629993,0.0641033746110803,0.018506038802242743,-0.12424072388910824,0.05230651132061572,-0.008187115790079724,-0.06786310938750312,0.0292913031191197,-0.02024711017021397,0.05664266159365688,-0.05932104478117229,-0.12912219035410763,0.1742785980601,-0.24233924768234272,0.16194070196751884,-0.20549526077821462,-0.11156546314633947,0.024419830947003864,-0.04726042179023206,-0.02748521292444723,-0.04720485802309934,0.10057096267289653,0.026857609985040626,-0.017440880831765853,-0.019148338399797626,-0.007516824595196422,-0.05518244785103439,0.05229944202529437,-0.0022871886392755785,0.04595226621096723,0.099236778104621,-0.0758211376380859,-0.021152021342019437,-0.022842960654271063,0.0361716989559793,-0.0478222853977949,0.07525977418469022,-0.02575385485357529,0.016989862608220198,-0.014033795392479974,0.004968380015737179,-0.019441292489859548,-0.058199629689069395,0.09712059411914786
SPORT,-0.07737146417276503,-0.029095836784738316,-0.08650174266029942,-0.12853979425766168,0.04113406669504747,0.0008929135285212826,0.05626036776307372,-0.38276122978286486,0.508170826031088,-0.13915926395783967,0.22083592241842512,0.06008487848702943,0.10918735104782984,0.04628175903244268,0.03418384579054157,-0.10061828619197288,-0.03737741235232181,0.07122082929410041,-0.01762934336302159,-0.1349779048453334,0.056073049404297984,0.11193752521627996,0.08817115627925491,0.09580579966276336,0.08339519578022526,0.022257802979335505,-0.01593814441749817,0.053371443651420665,0.16182689381887347,0.075761440838419,-0.04796724583634266,0.08704450462717207,-0.24438837360148924,0.07380066919506256,0.0374281688841177,0.025479651172988185,-0.06943045520813686,-0.025562060818891702,-0.016428708930610398,-0.01549839819056581,0.011068717937052636,0.017716800627025592,0.0020991648484853264,-0.0009111243453831745,0.004909516566412255,0.01576028512435012,0.014724175027472608,0.01712894975489702,0.020048983338426023,0.004400916698678977
FINANCE,-0.006577329179576171,0.02772941008139225,-0.08900359291530861,0.04711840095942288,-0.020625442752954814,-0.10007310673043343,0.04602010320897344,-0.08190295051527702,-0.027731681273681762,0.015429890049820899,-0.038534869970935165,-0.1895762024165916,-0.33587489113190255,-0.3419728004737041,-0.1782995980169397,-0.2381199217538138,-0.2418396966119307,0.04728423745494201,-0.032573633446823035,0.03586083660945378,0.052241837194418876,-0.03243830869238246,0.11805221699178123,-0.13307082057218036,-0.028277116927706607,-0.056261079459273895,0.06279927044842534,0.246636025146953,-0.010633382968149228,0.04728241291716404,0.1045798974628685,-0.17746874227780665,-0.08264546314835658,-0.043719189063512624,0.05183174981536433,-0.001027561661365045,0.016793811850414418,0.022478799177558805,0.014722673085500175,-0.015223244850613249,0.01967538152201024,0.0344310357670398,-0.003014876853651866,-0.01694627832734519,-0.05503318724896015,0.05367348515432309,0.022141043998691996,0.008795373718588934,0.07503934285831747,0.006790430075440868
SPORT,-0.11553693700215746,-0.03594389700663565,-0.19782793387164055,-0.5123071313911002,0.2511345176703654,-0.17944120924015763,-0.011517968517954842,0.12546950294234596,-0.09112961303005838,-0.012662131917525675,-0.0015328289142999831,-0.009762583451605633,0.01584203518986155,-0.001059835606861015,0.010536125541696355,-0.05091754427061158,0.0030183409621468297,0.08911014970223047,-0.09677391671145631,-0.007341831687871439,-0.012953215006405727,-0.04407996532289705,-0.0006550880882782999,-0.009886484937578245,0.013541507193438525,-0.04293313492480617,0.0032874203622604197,-0.02928799105058814,-0.027360226434233168,-0.008686549258996909,-0.16853259924571237,-0.05362876050235505,0.033653527356722154,-0.0009247701979663593,0.17182266632657545,0.030002933515285893,-0.02784756700179142,0.006919025259804059,0.04659956078494464,0.0313536299654926,-0.051083758107332476,-0.021281907879962206,-0.022369565672908296,-0.009989175725473464,0.012176104269297999,0.09410844829695272,0.025016839759444843,-0.020840524088141056,0.006742662030288039,0.023444136984152427
FINANCE,0.0004500501230773345,0.05009055526135289,-0.08996045798105498,0.09057068359177009,-0.12391940418677723,-0.18370125970342693,-0.06491577871670973,-0.046704601722619685,-0.03668662552917493,-0.16799594709069857,-0.162737819038628,-0.09189574795943284,0.08653004940238959,0.03456222055356153,0.18218950211789478,-0.020732384756236233,-0.08093442997297194,0.026431560569274332,0.012102506465258844,-0.03610593158307625,-0.02587026839045077,0.02446936307937939,0.00023190655912164366,-0.04634360986804071,-0.05160223401383189,0.05767901971416159,0.013025431727933984,0.03174138509318624,-0.05424758275063747,0.039456589242574315,0.07406880288802933,0.03077559787931985,0.016831760454530185,-0.023924620589217457,-0.01037012764182881,-0.026010253573216142,-0.013882511798629812,-0.010582739551571272,0.03665920294459992,0.04423302419546013,-0.14147534839448825,-0.1740361555257902,-0.11089391185073146,-0.0396673259228223,0.05710622561115567,-0.11065462637776742,0.03519698746225714,-0.014815192786940556,-0.17167062940830805,-0.06347253309901127
FINANCE,0.3225089306499164,0.16274917526369406,0.23311302140901918,-0.05768756488624429,-0.02797404482777122,-0.019260407080192207,0.32058808906815023,0.16702777002701893,0.07405768189375217,0.07139592595518532,0.06810369902551261,0.03931959764470675,-0.03609299191551659,-0.0008458179785260069,0.11061410113235988,0.062031959635751956,0.019277368533864747,0.06062855998905559,0.006399841115898476,0.06948103547218264,0.2212933014965185,0.11605268436641691,-0.050620084918669705,-0.07896688102612195,-0.04990048576723084,0.08754967159814202,-8.844632765446733e-06,0.06790215567008709,0.002299727034476238,0.013635032701906365,0.04130723116827845,-0.03633819536515611,0.005293009315461788,-0.002845601331707736,0.04306591919072735,0.38915838968381455,-0.04253291911946363,0.1292718356113091,-0.026929942175023452,0.22247870593701416,0.014405743378151713,-0.040359186781069735,0.05430167381425442,0.026531292010286922,0.049513473714516906,0.010815466659028996,-0.1062112857885032,-0.040182699841934844,-0.0738279638351691,-0.08206538811612614
SPORT,-0.024943751099519334,-0.001967162451833686,-0.059740988356890116,0.0332995110902063,-0.017846779646007407,0.009449189581292884,0.016315726531591312,-0.11446038041972996,-0.07320784418946023,0.07175904591207544,0.03413523779382124,-0.002167058058563558,-0.047718060476155184,0.028635964388092208,-0.04588219726996648,0.08449667726264729,0.007925243924728629,-0.079698161115699,0.022295967786478143,0.004918952051748551,0.050456991300368716,0.024971377414112168,0.03249300655375398,0.07042032978058145,-0.03721067466668719,-0.1254793436479061,-0.03713997588834108,-0.03216652582252855,-0.057822732246074926,0.09562640672712278,-0.17187614648901453,-0.006579936918818701,-0.031240397018771546,-0.007163280224128459,-0.05929564990907897,0.03847343403096788,0.07259415696671588,-0.006222850036892045,0.29737813168421057,-0.046090567577592556,0.1980658524909349,0.10841470053637998,-0.07063599915278629,0.057172196348526216,-0.044582120560110336,0.023097206034802732,-0.2074507496415784,-0.13423676381186056,0.1002829810863528,-0.05869844408544699
FINANCE,0.080370316826899,0.28231788655547607,0.19297604176694244,-0.06026336836687723,-0.007917055186591576,0.002060126987749685,0.056016195872186855,-0.02836029311124223,0.024171308489678765,0.09523511267080474,-0.02318479497135982,0.0395430245788748,-0.04400725032779609,0.005999981453661985,0.06018022122979715,0.02704269318671442,0.01659644612227328,0.00505767892678749,0.044965301247405366,0.01706967300624705,0.12868926576573245,0.025584857057051286,0.031844539894698605,-0.11632052567332546,0.014263140135914162,0.0384229543352369,-0.02345784667698049,-0.0038874006683527764,0.003098235903245058,0.009729947594774115,-0.018723781797283852,-0.01274762739478237,-0.009140943304287401,0.03293250018791209,-0.007287543904995791,0.1676849146835766,0.0493959749629142,0.09428679104450391,0.017231259956318207,0.16009970437336804,-0.06855272425632078,-0.05586749340933599,0.017572861542282096,0.06031851674981881,0.04062082075322329,-0.08192137252299496,0.006821591537052648,0.01852992144171778,-0.05586477255218018,-0.04229129522369949
FINANCE,0.2790710699997492,-0.1185257215490831,0.01668421107531454,0.022806919315302186,-0.07871621129917394,-0.02133991408399585,0.6338491829428674,0.24806670539370307,0.05504481472548946,0.11538726728258161,0.1604556505877494,-0.2907399782978312,0.1234643088850679,0.27453221121004967,0.09453407105187692,-0.11603869713490254,0.07586938361306253,-0.15480032819747977,-0.04679283932299751,0.020335984114390065,0.05158915414979173,-0.02622948463431148,0.08990116490882669,-0.06610813576144316,-0.003257644863466096,0.024453235177374855,0.021073062570903932,0.10532350307542054,-0.04749528773726048,0.019202106364340357,0.022677904263845514,-0.019384665884893505,-0.03057474335881814,-0.006457963022962644,0.03213291073270421,-0.11161201016887227,0.049843735008643204,-0.02787030303463256,0.016292700245893556,-0.04615562816317705,0.01480521960357834,0.006408680042857892,-0.023961601168039335,-0.024117943703376905,0.0005233991645028753,0.02090518013508893,0.05072822918764915,0.006992564065793554,0.030980313634732803,0.05567746682690569
SPORT,-0.3795804427095148,-0.30468556907770616,0.44028254233165637,0.06134130364969531,-0.008613648797915567,0.01019137170358069,-0.03627950152632601,0.09926711680175077,-0.004310392422396672,-0.11082888685064402,0.029319068626702142,-0.0029452146201987485,-0.039129826961122535,0.029257319187530304,-0.025433394625777785,0.017386167577102405,-0.0508352718248075,-0.042597672047746095,0.09297496217721266,-0.1509526597055066,0.12823730238672743,-0.15268668642073532,-0.08553048594668901,0.013745599289185484,-0.050603765753745464,-0.030300338035408627,-0.0024494027568268645,0.10044423374420253,-0.031566452140952335,-0.15923412272312096,-0.0788907066375902,0.027297156146846756,-0.09799674953652719,0.01027664351021985,0.022153893742267533,0.04717428589708546,0.10844774117391433,-0.06508249629633671,-0.05475989156300877,0.010030776371157358,-0.007597440877144109,-0.014202984243802222,-0.018732585396419057,0.024397796874519834,0.030663951556577078,0.036907072699009245,0.0298714077232646,-0.023818470476487184,-0.05695597252811925,0.03488260633622642
SPORT,-0.00985123123061809,0.05108482908849897,-0.050086177034609,0.03419367224342342,-0.06811217854423904,0.04572654266273584,-0.026472857808226596,-0.11741187737935942,-0.19167110176109803,0.06708461133867177,0.20618138844906922,0.023935903407298797,-0.023424823562829305,0.04802206570159661,-0.040872576177171965,0.13655521441961385,-0.017044090960780335,-0.10185806646057792,-0.25402960328217666,-0.24996378500277394,-0.009511297983696362,0.11273562530208968,0.09314961323035896,0.03639768126825197,-0.09322077831165884,0.014544091725296148,-0.034054554880642345,-0.05676925720904425,-0.2626750427922701,0.03111444420689563,0.14346519460747245,-0.023516886328210924,-0.019532203959453796,0.015299737877777688,0.044137241694696294,0.04601215848091855,-0.10869490301183664,-0.1299102076985043,-0.06336205990543038,-0.0028930105890961665,-0.05357544496921006,0.04214561557096277,-0.03956545528103864,-0.11718908288529081,0.03492429402705014,-0.02168932690009289,-0.06188276606831577,0.04646071156025541,-0.029714514095725685,0.012724323736406968
FINANCE,0.2760787149939678,-0.11854879710002288,0.016033257348582193,0.023383749854595376,-0.07756195629272578,-0.022581198820064534,0.6366872146801702,0.2469529320253697,0.05471078508486273,0.1154952489459249,0.15780191143346456,-0.2898188317630988,0.12109004370624228,0.27081552580809587,0.09713682826600255,-0.11864966265513179,0.07290381607783898,-0.1559763166757364,-0.048548990767345396,0.019202687441358085,0.0517130632251523,-0.026337034799768642,0.08709911178243546,-0.06298429967803769,-0.0009979563484495391,0.029854830108731238,0.01625640879987584,0.09887547270820261,-0.04871922798849924,0.018115001930466834,0.01766621407074271,-0.015366598673786987,-0.02742225906337759,-0.004778343712322258,0.03215818152187116,-0.11097922421768702,0.051160188995574694,-0.028840075828546818,0.016806400984694884,-0.04716535074975247,0.013887375015788607,0.005635672832957357,-0.02557269563052162,-0.026509493025695188,-0.0009347809836602412,0.016815147065913204,0.05120088171020104,0.00773601731221098,0.03212386265413746,0.056365481330698505
SPORT,-0.10467963783617976,-0.04315996099145054,-0.05813621720275594,-0.0680442712380814,-0.02813260933546604,0.07114963553652547,-0.023422266046906528,-0.0430434721731135,-0.02911885464399921,0.07189732908601992,0.02170585435356571,0.0065309328635381105,0.021439224483192132,-0.018545857035683296,0.038923785846493676,0.05743414606511362,0.04131952069962399,0.001422655279618668,-0.044987342411579784,0.10837916544307577,-0.08413905783530835,0.018483779141509952,-0.030313834642873135,-0.05806588370006445,0.03003063106229502,0.11683285528308524,0.016375338042288138,0.03592523763250159,0.17356408401123985,0.08463236553215844,0.05629316615469093,-0.10119251550442936,0.07049501918583301,0.17633799033386827,0.012155481889794074,-0.05451105655786844,0.058801632217644645,-0.06219110916692432,-0.008788213052573952,0.11591040869716095,0.0035808628837278966,-0.027094537460160738,0.1803412526691592,-0.0767664076862477,0.11199319472165449,-0.012224907762815514,-0.0850338676442194,0.12762651146969517,0.05556931325460966,0.2911602822953707
FINANCE,-0.013813448834673185,0.0035542971982853787,-0.0650933558478458,0.02401755962098598,-0.03225332337114275,-0.028396157836198272,0.04443350995566198,-0.06978706128471192,-0.033784653552976225,0.016919541748411666,0.007041672490638244,0.012924637981997566,-0.06666594124163013,-0.03605957214793942,0.011180060505737418,0.06233106545925918,-0.04860214915862456,0.014358246735022886,0.031096929371880022,-0.03542324817105816,-0.03258216358898369,0.021510332882133786,0.08898862535863351,0.015289471611784365,-0.004484665674820541,-0.07258357776721652,0.008294057939285449,-0.09398126605249717,-0.018917461043331047,-0.0366523194850845,-0.097602613951023,0.11547940978204638,-0.049925340714551826,-0.019553816848441718,0.06128250365077379,-0.14449609313134784,0.2134166653604511,0.12163781241995718,0.3207119930049265,0.2911513461266516,-0.014078145593127256,-0.1397089620217694,0.12717229290825433,-0.2597973970487243,-0.06707257303293127,-0.05998641903805565,-0.03292779904747289,-0.025967721070166656,-0.015232067748167167,0.026906765470982766
FINANCE,0.19440486927603984,-0.03418170331170946,-0.005371514475679452,0.05290548420942196,-0.04467888596535709,-0.07641326640904186,0.47197019083228553,0.15888428689182058,-0.004080635818350528,-0.09581469369097825,-0.029349086578414067,0.5261698393284189,0.15844304213804258,-0.2359240481653833,-0.06555725092996938,0.2654370828147723,-0.2377907146517699,0.17324094040792987,0.06944708798970739,-0.0460364019602738,-0.14310787799553973,-0.08631908078403523,0.060146982363738874,0.006811945216954021,0.007949481022310013,-0.05196492059161017,0.020559411746262655,0.02513900598773769,0.012544509479300074,-0.00048645262016715923,0.030019087222219562,-0.00966121400284183,0.019607579901871168,-0.04044542327582823,-0.016006756838529455,-0.02143188692093968,-0.004942281890620972,-0.0302449840613229,-0.005644461567673716,-0.046732304090303746,0.012623469717170157,0.012925524419483215,-0.05050489078094812,0.011570602848280681,-0.0028256229571427343,0.00743024037932728,0.0009445112776970941,0.005010993556720024,-0.0032526240413052188,0.015172010109514767
SPORT,-0.02773161756601599,0.05962241339085787,-0.11037581217104445,0.04990007813413753,-0.15005619609490442,0.07537718194425214,-0.08911210913744341,-0.08051374745968301,-0.2781776955044558,0.0414830552775101,0.34082986833045126,0.07812128821224416,0.003462245478958878,0.0510010505700356,0.0300894695850646,0.037128236044026146,-0.031011559712965108,-0.0026925256155928435,-0.21698254534000885,-0.1702217022089553,0.04403435127286954,0.011555603950935259,0.06721726796290026,0.04123529628292748,-0.0896067026707347,0.028210883157786193,-0.021219883904411263,-0.04083526377040189,-0.0780772093493758,-0.03657399522688127,0.08224431189616362,-0.010668545381890713,-0.004075979832008746,-0.07480731096435114,-0.08612430511044943,0.07291831060199713,-0.1011513652739041,-0.05022935023586667,0.06439192558290796,0.03059925367535031,-0.053750816356419005,0.013567507438272933,0.01094004765421669,-0.022811912408782622,-0.07222142245619578,0.047653951881805344,0.020827367462988883,-0.003114991160050978,-0.03617663761577753,-0.0793415518936676
FINANCE,0.007434275237047615,0.20386843511551128,-0.013483139322999164,0.25805498474788957,0.42313897463767436,0.08701456853331821,-0.012710277033198287,0.05932178645199853,0.019074598767402143,-0.00447053217651854,0.013397073839988454,0.01483214015470262,0.024075063215355363,-0.005024939559990691,0.012393527480533791,-0.035267158026378025,0.008329203835489832,-0.020109062079398297,-0.03973527123869964,0.002404599953693999,0.007943074698220632,0.021268553664912062,-0.008751502785936326,0.03272393355116349,-0.03853782253530341,0.0061990978116600514,0.022233251539524018,0.03420849960836933,0.0025152926286960246,0.009461692837282187,-0.006073664522342921,0.018911116886007436,0.015867997586340468,-0.016392302363314456,0.05365583390569949,0.017454214283824883,-0.03042912940911493,0.02804930383440592,0.0040239102688034815,0.0011796166891461825,0.0166270667467829,0.03653427854456812,0.03776817225382081,-0.03821459016351127,0.11788013877894889,0.06995202258376354,0.0311813225594684,-0.010471215770790845,-0.03185679301017462,-0.025199199129070093
FINANCE,0.029745378020830077,0.017307419714287658,-0.09126160083171954,0.08261580287785676,-0.05900666636397761,-0.12323053127053052,0.05785165513190747,-0.12984117877584903,-0.057236678123268096,-0.20744671715776647,-0.24029298185047998,-0.052196397940742004,-0.2080307509737161,0.38125807145222557,0.11429610260363865,0.08922331244062678,-0.13537433837059829,0.18357643398759288,0.0024933816336982525,0.11374019595488373,0.032300280394980924,-0.014155736531026818,-0.0773934191180368,0.17304861754729267,-0.009635285254260677,0.07913305415811164,0.004844011223569044,0.024637304250433666,-0.047298996903913156,-0.011662078051049454,0.089717528378478,-0.04968050202987919,-0.03359722861685173,-0.0239099915874966,0.0011577733952560178,-0.07176416082380434,-0.07935855333954345,-0.05693021758764297,0.0317402119686754,0.03265008426413888,-0.08681706741595578,-0.1152628279367228,-0.01655231535123471,0.06591549133453294,0.10688189763001567,0.03521265245192027,-0.02798658308636092,-0.014254763979389243,0.027632505549714147,0.04492500059443681
SPORT,-0.037707758486296046,0.007955288546188865,-0.07825124700553705,0.010835881705220252,-0.03709934982167459,0.04799127832888706,-0.007374699266228155,-0.07343863355319288,-0.12090650167851583,0.016105039990771307,0.12088206145848757,0.060014697854571857,-0.04503288143036398,-0.013860435703923849,0.04701246952501057,0.15015033355439694,-0.017973289112313252,-0.05728654665275959,-0.09438927938447757,0.04840965939093927,-0.0653931643360083,0.008084593970552842,-0.024816955099400028,-0.026733020598079218,-0.032746974448404055,0.014245867375581306,0.0014149415454228738,0.03877529995985108,-0.025928795707817733,-0.0019215593688519353,-0.10442724374257197,-0.1512783805819762,-0.06910107980778114,0.3938394584132465,0.09543173518721725,-0.002513483014599416,0.1885977508314201,-0.14250194313224848,-0.060027171741273394,0.02058298659295765,0.03748241670493809,-0.02401321445804797,-0.057259263102592536,0.1876883995944025,-0.146229909307756,-0.14559022181140846,-0.07281340335096315,0.0687367984668332,-0.016821296415175727,0.009605046460866285
SPORT,-0.033375492876687875,0.013021405974366834,-0.08212475964276279,0.012822169638338085,-0.054756112707589184,0.03540560693287631,-0.005355679667885641,-0.05786079231718715,-0.12720822223513573,0.013746656903149171,0.143445057501262,0.08165091755474657,-0.007919513032922394,-0.01177088393854474,0.07005613208148753,-0.019278988705975362,0.0031786939198739776,-0.017043407317849566,0.013274689071748499,0.06528523769415716,-0.01530451493549241,-0.006290949658648078,-0.029803709654049694,-0.03999064289647587,0.01911391510086903,-0.040852458351036666,0.013442167330551681,-0.005534974214386842,0.015219423355731013,-0.015012916165957641,-0.025398497567013734,-0.03813033449453555,0.046772536398364484,0.21551711557262107,0.00702332711962764,0.0433507246820495,0.06764588932516176,-0.05807313459003402,-0.04049339674085252,0.032361467022306786,-0.016448315313119022,-0.03575844038978221,-0.03421333062318494,0.07130394329393436,-0.028761412481569867,0.013155100009388566,0.032091165720087064,0.03816629550775675,0.0539679264780435,0.07920270417172467
FINANCE,0.07994807903301272,0.005488061012105205,-0.03893998873445966,0.061305221237442545,-0.04240428731573198,-0.08299936186769413,0.06538231858610409,0.03911762645646478,0.01686892591077449,-0.020529271594992585,-0.04383126591023824,0.12907336393072336,-0.02758033489255855,0.02165205269276952,-0.1331180880420442,-0.10467640093364182,0.11366763502618915,-0.11909905423785903,-0.044859814467483335,0.01273732414917012,0.048060215700670095,-0.024273841675764865,0.06198782108942565,-0.003207818928813766,0.03998724646694169,-0.04050480425965379,0.01550226129355394,0.024064564508372854,0.017527548482764808,-0.0026851926333867453,-0.02330975088147227,0.022655170484410805,0.02226460753208774,0.0028390784687041624,0.024593797437473957,-0.14203351236816625,-0.09943672099398193,-0.07916269359257447,-0.029280300718613317,0.14049691722888774,-0.1687375600556211,-0.3108376650340505,0.023015990602802974,0.07480258212915772,-0.013828874028346738,-0.030440258095243176,0.061726744669535386,0.04272481321657448,0.12073428451543837,-0.18138188838167119
SPORT,-0.06177201062412956,-0.003028236101653066,-0.12503635411082242,-0.07785441589439455,-0.010979122271818244,0.11665933558515924,-0.015084929913050197,-0.009263829189324516,-0.03543883416360395,0.0026763516314849216,0.05192872751112423,0.04464142995982101,-0.012866978952331937,-0.04397442129925223,0.042994467783742885,0.10375583971541841,0.008856138141225128,-0.050236846042461855,-0.040252114821369464,0.11101837054408131,-0.09125740804273977,-0.021478953103322956,-0.05874833256486687,-0.09506651686075156,-0.042174529183786794,0.03276175152118112,0.03688009853927258,0.02167985838489206,-0.028708581878916235,0.011168706253316285,-0.05406189067167934,-0.16499499700241282,-0.052431350810048225,0.4671710777001626,0.01895868699672939,-0.0007409331286802024,0.17951696757204846,-0.11281859836760988,-0.07429353203734478,0.028885105701230887,-0.008302138840157595,-0.08225434369768414,0.07569291344200461,0.18274973582068244,-0.11080095610947568,-0.055425330557236786,-0.09324371146855231,0.081592572938163,-0.03509898699333696,0.03853175026122738
SPORT,-0.006881277459412097,0.07656565252173757,-0.027899476444021326,0.05275624386499397,0.004651844839602419,-0.029163296975221624,-0.00508620261126306,-0.03788215227436823,-0.03178864201811547,-0.01485467912895187,-0.0016794559220722593,0.03456454822598997,0.00952236045448016,-0.03297251520610221,-0.039157323683367114,0.02327359260595871,0.01660957182992132,-0.0900399102321042,0.008277834092107427,-0.008452305888840356,-0.027160857795506164,0.03766612642059712,0.039239451579792896,-0.045816009054126416,0.038708005627945755,0.029825033339537097,0.01022793208763736,-0.031653320418120044,-0.056439347898038186,0.024009608515056506,0.10708679424485526,0.09500951007504241,-0.017289630639928763,0.08031374355063775,-0.0786154817274761,-0.10062917629990113,0.15705194004174813,0.1563676079223503,-0.026438731797339885,-0.03955965096912355,-0.03231340482571286,-0.0346408997613012,0.056105260894895884,0.27413572846072887,0.09087709536772427,0.2649882694176717,-0.24474724150557414,0.20679752784862387,-0.1708381950871379,-0.22846381125380016
SPORT,-0.31103945027009766,-0.21653902389120488,0.3396463027944962,0.057040711988659225,-0.011233587316496586,0.011522133529600983,-0.02561058553869604,0.07295467886721241,-0.05233236854918934,-0.08175919085313885,0.041138373444404394,-0.010400313097748401,-0.011109072462319533,0.011189447531925266,-0.01871706872769584,0.02771081064789504,-0.0016499251787175642,0.0056348454533080555,0.08795399458714699,0.04123498712834184,0.050093485147948626,0.03518817226104265,-0.07797919722334255,-0.041894488005972653,-0.026302207549465873,-0.03199675362598086,0.007088666215876183,-0.03701016544380674,-0.1607994406540458,0.044431496135712324,-0.19268501582852957,0.0013330925757072066,-0.16194632631007655,-0.12578320791142433,-0.1062657813292104,0.007665035455379846,0.06992749644550601,-0.013213479960658756,-0.2219627642068617,0.14183582111596713,-0.19277999799412068,0.09555592107029118,-0.006967922601816904,-0.053423722336297066,0.014371005185592043,-0.0924567523381946,-0.05418689365059658,0.011480615904752524,0.1339348537686814,-0.026390674118356675
FINANCE,0.19767462383346202,-0.056640615459604866,-0.009328417388707719,0.052325405862181436,-0.031030636473689543,-0.07051091504452096,0.44149214626758915,0.15421030159261312,-0.00038500435012364404,-0.07498189279745328,-0.02767074790972999,0.4477066708278505,0.12612982237776338,-0.2232289964343604,-0.03587909293575219,0.2538991011397192,-0.22236375685496657,0.17025093627211543,0.066183119988505,-0.05806851692817882,-0.1585454838824275,-0.07975729776671536,0.03904448770975035,0.03457709082184674,0.016200099187226546,-0.04586101555494329,0.0125415227845417,-0.007221875149168574,0.0063600113285890315,-0.002829391913386875,0.01497822852637503,0.011296003974205332,0.02489280270925413,-0.04673354148678896,-0.020223512042296648,-0.04286331789883421,0.008104329825312897,-0.017427488018554534,0.004368371944817084,-0.049337043306927425,-0.00044022988912523713,0.014139872601160628,-0.05310205369418211,0.03205579298732762,-0.02264622019336386,0.02075139187168885,0.0052372844457749005,0.01879016532587362,0.012757079694392355,0.00026869956332231665
SPORT,-0.07856858999735798,-0.029816951641141988,-0.07887965104773059,-0.1414925442934306,0.04899568152996617,-0.008966421070734028,0.04659900103003704,-0.2622140294248006,0.35597617711138696,-0.0893511782719513,0.1441860756231552,0.026157660129232988,0.04370969333606546,0.016229960980306022,0.002227011374806371,-0.04449023652024684,0.009587762057619213,0.02944172081718915,-0.04720106264777649,0.002458129713473981,0.003238967452606925,-0.03668607675591624,-0.035770546280212624,-0.03864542238621407,-0.006817343379692223,-0.024484820096144694,0.024737940551604883,-0.042944653144912186,-0.17180310401011992,-0.08415858582196407,0.07983358160989022,-0.19104738215688577,0.45052163351656516,-0.1493754571424065,0.0071617687658715,-0.053593242677315724,0.2075426195920233,0.03235977412012046,-0.03362330411722119,-0.013637149187238953,-0.10379315345093057,0.08640347445715081,0.10625317185208677,0.09408704694900193,-0.01517163500483283,-0.09123764881291994,-0.012288445095016117,-0.007806459571089849,-0.050952498500635914,-0.008536473894013696
